Date,spx_trend,bcom_trend,credit_vs_rates,risk_breadth,spx_trend_z,bcom_trend_z,credit_vs_rates_z,risk_breadth_z,composite_score,signal
1996-01-31,,,,,,,,,,
1996-02-29,,,,,,,,,,
1996-03-29,,,,,,,,,,
1996-04-30,,,0.012348611111111123,0.03618016666666665,,,,,,
1996-05-31,,,0.009892499999999995,0.027687055555555548,,,,,,
1996-06-28,,,0.006933055555555584,0.013502611111111139,,,,,,
1996-07-31,,,0.002859722222222237,-0.0064281666666666515,,,,,,
1996-08-30,,,0.0014236111111110943,-0.0021291666666666945,,,,,,
1996-09-30,,,0.0007600000000000089,0.0022278888888888865,,,,,,
1996-10-31,,,-0.0034361111111111064,0.0004434444444444269,,,,,,
1996-11-29,,,-0.00772305555555555,-0.002397500000000019,,,,,,
1996-12-31,0.09764328889931662,0.06791647367518405,-0.0017433333333333474,0.00389577777777774,,,,,,
1997-01-31,0.14374252117711683,0.056437829322895317,0.0021691666666666548,0.019716166666666642,,,,,,
1997-02-28,0.12992041606538174,0.05071606965149367,0.006394444444444448,0.015266777777777782,,,,,,
1997-03-31,0.06758163637004588,0.05730126942619296,0.005001666666666647,0.012726333333333313,,,,,,
1997-04-30,0.1107263438394821,0.053900564846070864,0.002071944444444461,0.006574944444444462,,,-0.1473719695723186,-0.2650102712951278,-0.20619112043372317,SELL
1997-05-30,0.1519504607525719,0.056068724270214254,0.0010613888888888923,0.010274277777777773,,,-0.3281297098237464,0.03839864637810518,-0.1448655317228206,SELL
1997-06-30,0.17351847391599295,-0.012137219804799648,-0.003485000000000012,2.4333333333344948e-05,,,-1.1839923224919806,-0.8082592555801158,-0.9961257890360482,SELL
1997-07-31,0.22273284444577324,0.0083314132204646,-0.0048530555555555905,-0.001194833333333347,,,-1.35149758678915,-0.8670978378467924,-1.1092977123179713,SELL
1997-08-29,0.12282169071753146,-9.191006008646418e-05,-0.002391666666666686,-0.007553777777777764,,,-0.7837042473613957,-1.358256154427586,-1.0709802008944909,SELL
1997-09-30,0.15136641301011955,0.0028479282411266738,-0.0033844444444444486,-0.0006303333333333392,,,-0.9332160423403201,-0.6780063645651623,-0.8056112034527412,SELL
1997-10-31,0.08858710529761127,-0.002541495514022385,-0.0050925000000000085,-0.012676277777777786,,,-1.2071646152905184,-1.6633164465931625,-1.4352405309418406,SELL
1997-11-28,0.11518132104359058,-0.04355629740596878,-0.0063175000000000245,-0.0113672777777778,,,-1.3596622588247271,-1.403942882331751,-1.381802570578239,SELL
1997-12-31,0.10797071458134133,-0.07982420424978065,-0.005541666666666674,-0.01891055555555556,-0.5631582075997056,-2.869302855236853,-1.1251479980590056,-1.8976723691934532,-1.6138203575222545,SELL
1998-01-30,0.09892035757024886,-0.0737244802780449,-0.00471638888888892,-0.012968166666666675,-0.7609396636639055,-1.9927941550905393,-0.9162800639457024,-1.2650945583704385,-1.2337771102676465,SELL
1998-02-27,0.148599059198266,-0.10696359668118549,-0.004495833333333352,-0.008930166666666663,0.5385178977420242,-2.3523226669490254,-0.8385655966625744,-0.8963738124071323,-0.8871860445691769,SELL
1998-03-31,0.1692115582235696,-0.09669589075714702,-0.0020791666666666975,0.0035847222222222144,1.0523655376654943,-1.746354030636864,-0.364011468129053,0.06131182005386496,-0.2491720352616394,SELL
1998-04-30,0.14830139016683552,-0.09895306618645283,0.003275277777777782,0.008206944444444449,0.4421648564187662,-1.5818531448569322,0.6475943145295796,0.40870244612434437,-0.02084788194606052,SELL
1998-05-29,0.10364341680037303,-0.12950547608489982,0.0006091666666666152,-0.007785277777777798,-0.7636279699233985,-1.9175699488093843,0.12369465712466235,-0.8284751551184513,-0.846494604181643,SELL
1998-06-30,0.12360860729011725,-0.1377974322727754,-0.0020480555555556046,-0.01512183333333335,-0.19137177781458412,-1.8159133697546603,-0.3930808380330164,-1.369252945316982,-0.9424047327298107,SELL
1998-07-31,0.09550532965667813,-0.17352762337636496,-0.0035119444444444998,-0.02251716666666669,-0.9670736202424737,-2.1314060263524413,-0.6730374317742635,-1.8616382255037796,-1.4082888259682393,SELL
1998-08-31,-0.06860199814164059,-0.20653111264664303,-0.017167777777777792,-0.05026666666666666,-5.49376316119785,-2.298251447133784,-3.3724728357855875,-3.748716705582609,-3.7283010374249574,SELL
1998-09-30,-0.016049903291008194,-0.12631867126540508,-0.02142444444444447,-0.04650455555555557,-2.4387116916477343,-1.0436592337054937,-3.522834232953928,-2.77869357885768,-2.445974684291209,SELL
1998-10-30,0.04741309453065168,-0.13064921985450173,-0.022091111111111113,-0.030267333333333313,-1.0702482765503172,-1.0466914885890288,-2.996680151468065,-1.5380633180849856,-1.6629208086730993,SELL
1998-11-30,0.09128933911767212,-0.17142635813973395,0.0006208333333333054,0.011162611111111104,-0.30751169745623713,-1.4836713165674371,0.35975632416007275,0.768424032074874,-0.16575066444718187,SELL
1998-12-31,0.12995671148214338,-0.17862406357947003,0.00474361111111107,0.008844944444444424,0.3413410782522832,-1.4721188444684425,0.8962085899649801,0.6242146724484814,0.09741137404932554,BUY
1999-01-29,0.14992552586824703,-0.15941556823974323,0.007956944444444345,0.004865499999999933,0.6718030597628214,-1.1648130301078878,1.2965021637328071,0.39385402004661973,0.2993365533585901,BUY
1999-02-26,0.09727364424313767,-0.16698805209202228,0.00870916666666663,0.009064166666666642,-0.24774298568100467,-1.1985344586036746,1.344919903723247,0.6196914607393958,0.1295834800444909,BUY
1999-03-31,0.12451155512688628,-0.0686975402465233,0.010544999999999955,0.022341222222222207,0.2318484093850785,-0.04682510772878292,1.5297532918121644,1.349396081121336,0.7660431686474489,BUY
1999-04-30,0.1484867751871417,-0.014987813502664427,0.010964999999999977,0.02892822222222222,0.653111298760466,0.5658870485424002,1.5142730080168514,1.6617384728437667,1.098752457040871,BUY
1999-05-31,0.1031225792966799,-0.05987617342103568,0.003948055555555518,0.01748216666666665,-0.1763939435958872,0.0354142779311287,0.571720827844917,0.9619861796702782,0.34818183546260917,BUY
1999-06-30,0.14388051575772054,0.002441192622416155,0.005506666666666674,0.019073555555555562,0.5701913665422533,0.7664335582050131,0.7585100746069157,1.023997575080233,0.7797831436086038,BUY
1999-07-30,0.09145497073301301,0.02299193241950448,0.0030388888888888865,0.008144444444444442,-0.40941222898619595,0.9901187167919553,0.43022138164409207,0.4065123546740357,0.35436005603097176,BUY
1999-08-31,0.05832187841894121,0.07346015035626796,0.0006863888888888806,0.018569611111111103,-1.022061488492475,1.5572368968394719,0.12223500158217557,0.9705400118347866,0.4069876054409898,BUY
1999-09-30,0.010177562635193427,0.12259645284092024,-0.0011552777777778013,0.0035328333333332976,-1.8915654517953961,2.0487487594035816,-0.1184082595589119,0.1250585804230767,0.040958407118087556,BUY
1999-10-29,0.05505589709515735,0.07282512391399898,0.0028644444444444524,0.009467777777777785,-0.9609996721568634,1.3500391384545305,0.41138994921938654,0.4522889878363128,0.3131796008383416,BUY
1999-11-30,0.059766083507450274,0.08290531261898382,0.006830833333333344,0.011621055555555565,-0.8498384643922469,1.4073736648732544,0.9325197315625404,0.5664549148469581,0.5141274617226265,BUY
1999-12-31,0.10421494332059877,0.09331976785978058,0.011116111111111137,0.026480666666666708,-0.023078764405796707,1.4632410645524372,1.4829023710440519,1.3957398576189715,1.079701132202416,BUY
2000-01-31,0.040524020291235585,0.12532589327399668,0.010412500000000031,0.02526827777777779,-1.1950718787190102,1.7440172663145328,1.3389752306772795,1.2832499461656368,0.7927926411096098,BUY
2000-02-29,0.011544172669681663,0.11412739429167518,0.0009827777777777966,0.009001222222222228,-1.688139696729952,1.5384621087699857,0.07111338438346512,0.3452738439037962,0.06667741008182373,BUY
2000-03-31,0.09504497592271877,0.10111523851966497,-0.013064444444444436,-0.005963222222222225,-0.11336293873601444,1.3409561465259325,-1.7789437935187287,-0.4963037483299338,-0.2619135835146861,SELL
2000-04-28,0.05379830066078717,0.06992401718054908,-0.015134444444444464,-0.011942888888888897,-0.8596344769462748,0.9793495967510807,-1.9708742735742923,-0.827337265989627,-0.6696241049397784,SELL
2000-05-31,0.023356163026702292,0.11092605346853612,-0.0103886111111111,0.0008956111111111219,-1.3953687081149808,1.3714824580465208,-1.2824250881013588,-0.08633859906332755,-0.3481624843082866,SELL
2000-06-30,0.04272276855105295,0.10954163961945196,-0.00017055555555559043,0.0008896666666666572,-0.9989429924325903,1.3115010881902718,0.02237221941775708,-0.08582218617836439,0.06227703224926853,BUY
2000-07-31,0.019464877660960722,0.03459540235090053,0.0008952777777777469,-0.005334277777777771,-1.394634817004719,0.5253653742038243,0.15611763365171394,-0.44459716777871366,-0.2894372442319736,SELL
2000-08-31,0.06882636712560308,0.11106116131674137,-0.004024444444444486,-0.0012266666666666687,-0.46956685104774915,1.2848845518467946,-0.4697473087006512,-0.20030523301289918,0.03631628977137379,BUY
2000-09-29,0.0026126608193937084,0.08528403211297686,-0.0013958333333333342,-0.006145277777777763,-1.6534550743525205,0.9908637774872607,-0.12826383616007841,-0.4875126648315203,-0.3195919494642146,SELL
2000-10-31,-0.006191891270227123,0.03974542258898839,-0.006743888888888859,-0.004750444444444412,-1.7436255836121115,0.5158985795680316,-0.8173904951560985,-0.39938726913306366,-0.6111261920833105,SELL
2000-11-30,-0.08183019497012334,0.09785797231961224,-0.006214444444444467,-0.021702666666666665,-2.9782163014045233,1.0929087974664309,-0.736539059962115,-1.4069989529033955,-1.0072113792009008,SELL
2000-12-29,-0.07004743865316965,0.10731967702121392,-0.014044722222222245,-0.02180672222222223,-2.514726668624042,1.1631089253562,-1.7447653262146416,-1.3763196762241576,-1.1181756864266603,SELL
2001-01-31,-0.036227627821491803,0.06356037206397525,-0.002884722222222278,-0.01243227777777782,-1.8253137950608258,0.6981358209648859,-0.2583045676669984,-0.7913519094276593,-0.5442086127976494,SELL
2001-02-28,-0.11862057445262075,0.04468447401224607,-0.0020327777777777866,-0.021367222222222235,-2.97480217712998,0.49816155178651056,-0.14618160008544523,-1.3068577973520856,-0.98242000569525,SELL
2001-03-30,-0.15834560396915776,-0.008955032032642252,0.004641111111111076,-0.027650888888888902,-3.2658228744234394,-0.0510281569552487,0.7223733222458865,-1.6453856518975114,-1.0599658402575782,SELL
2001-04-30,-0.0824370478666927,0.013038000398846838,0.0059336111111110935,-0.00792216666666666,-1.9759104253858122,0.17437077975419846,0.881947180510308,-0.45576985313218166,-0.3438405795633719,SELL
2001-05-31,-0.06837184660304507,-0.013843485589417504,0.01343305555555554,0.008506500000000009,-1.7136416257824465,-0.10480821610222332,1.849750821598103,0.5042605010753918,0.13389037019720623,BUY
2001-06-29,-0.0785538106678757,-0.05351857271795635,0.01321500000000001,0.013290666666666673,-1.7767998699539749,-0.5172983335769433,1.7576372876270667,0.779198578150404,0.060684415561638116,BUY
2001-07-31,-0.07575147700977303,-0.046846616063674906,0.0011391666666666588,-0.01769961111111112,-1.6780588657993878,-0.44138740583293296,0.17767604574346016,-1.0502923424406327,-0.7480156420823734,SELL
2001-08-31,-0.11334753841270295,-0.04566098109637673,-0.004923611111111117,-0.030060833333333342,-2.0643740480793986,-0.42419464793906403,-0.5949739814300309,-1.7584844271893674,-1.2105067761594652,SELL
2001-09-28,-0.16425939158430547,-0.10383451983422942,-0.015362777777777772,-0.047935666666666654,-2.5551593686145018,-1.0393705481997928,-1.923582267647032,-2.736878559705791,-2.063747686041779,SELL
2001-10-31,-0.12755801365737462,-0.1390533171262479,-0.015910555555555553,-0.05130066666666666,-1.9984961206866327,-1.3957590165720652,-1.9256993230635016,-2.757665108055909,-2.019404892094527,SELL
2001-11-30,-0.05054009238093371,-0.1193840362811498,-0.0018255555555555618,-0.015908444444444458,-1.0954433346150003,-1.1536810411211769,-0.12902292675897975,-0.7306025575492263,-0.7771874650110959,SELL
2001-12-31,-0.031771644467933235,-0.11985866987726712,0.012314999999999986,0.014383333333333309,-0.875680148265308,-1.1364952855160666,1.6225772319119163,0.8764206853134938,0.12170562086100892,BUY
2002-01-31,-0.030780576907135093,-0.11011068835271942,0.016396388888888894,0.022884944444444444,-0.8525185073837502,-1.0129060211207468,2.0801028130218344,1.3147965431005644,0.38236870690447544,BUY
2002-02-28,-0.04179428183055889,-0.07270041990839293,0.00205388888888889,-0.00343133333333333,-0.9585361121675544,-0.6033555003408664,0.28845390863214515,-0.09499892257338599,-0.3421091566124154,SELL
2002-03-29,-0.0056625615923633354,0.02575930894905243,0.004452500000000003,0.01827616666666666,-0.5572888349752921,0.44321299299057987,0.5750001289542351,1.0558322355812872,0.37918913063770254,BUY
2002-04-30,-0.05495683587394096,0.0323633208544436,-0.002586833333333364,0.005965722222222194,-1.0822178401398945,0.5093209771779618,-0.28166485005793723,0.3886321862938435,-0.11648238168150661,SELL
2002-05-31,-0.05043723541751466,0.022335495732547228,0.00312880555555555,0.006715694444444438,-1.0157059587601636,0.39718790374285357,0.4161579103355323,0.42554008158021484,0.055794984224609295,BUY
2002-06-28,-0.10365353936154009,0.04264343402101378,-0.01236455555555556,-0.03425255555555554,-1.5722425943270586,0.6123398996180178,-1.4839108758821595,-1.7723140064879064,-1.0540318942697766,SELL
2002-07-31,-0.1553632162697416,0.038788640694752186,-0.018346027777777763,-0.039187027777777765,-2.0821159810048084,0.5644087926677556,-2.1792170822599872,-1.9850419654296612,-1.4204915590066753,SELL
2002-08-30,-0.13674264614650056,0.07791692969452524,-0.021856,-0.037802888888888886,-1.8098177564954885,0.9843827080401085,-2.5158033090772953,-1.8505120684285112,-1.2979376064902965,SELL
2002-09-30,-0.2178618025531479,0.10610266511674493,-0.023786333333333336,-0.04610422222222222,-2.5839428606719355,1.2769757926982035,-2.6230097021457355,-2.2222348230781925,-1.538052898299415,SELL
2002-10-31,-0.13825818073916496,0.07947391306656093,-0.008699027777777786,-0.010986583333333336,-1.667509975427172,0.9648909626445163,-0.8283528684124631,-0.3916131796982656,-0.4806462652233461,SELL
2002-11-29,-0.07382543696811228,0.0683946271008189,0.005691944444444431,0.0076104999999999845,-0.9984222377332643,0.8318213352986261,0.7755282251309572,0.5424761976401703,0.2878508800841223,BUY
2002-12-31,-0.11002388928320339,0.0996835757297092,0.013936583333333322,0.020130805555555537,-1.3361369791258693,1.1618690483916168,1.6840014369588432,1.1679077268533535,0.669410308269486,BUY
2003-01-31,-0.11391847987884596,0.1540414968877457,0.01544063888888888,0.014808749999999987,-1.3485415870540025,1.7322306685544697,1.8100907927829604,0.8838656492738297,0.7694113808893144,BUY
2003-02-28,-0.10855544084281776,0.16162248124196954,0.00046536111111107267,-0.00605841666666668,-1.2716225832731525,1.7673832423196096,0.14037327231964605,-0.17454034328805235,0.11539839701951271,BUY
2003-03-31,-0.07670704006618434,0.06154030145678857,0.0046143888888888545,-0.0013796111111111207,-0.9449260555351081,0.6645280332249711,0.5920253078897321,0.06311080130525232,0.09368452172121185,BUY
2003-04-30,0.012820607229909298,0.04338503618921319,0.00686627777777775,0.00017727777777778778,-0.07595730912930002,0.46611201088618154,0.8338658993152399,0.14193560708232666,0.341489052038612,BUY
2003-05-30,0.07461471476857784,0.08569101637518828,0.005394111111111107,0.0063596666666666775,0.5201547095328289,0.9125479355509949,0.6640981937879802,0.45743879854691344,0.6385599093546793,BUY
2003-06-30,0.08833027762008028,0.04502748487743213,0.005634111111111097,0.013168555555555557,0.6487826134821503,0.46877146353187055,0.6849807885610355,0.8042861232771588,0.6517052472130538,BUY
2003-07-31,0.0979462451922144,0.036806031558970886,0.008727805555555525,0.024530249999999976,0.7364649561631603,0.37716636200236386,1.0208040769789728,1.3820413938205,0.8791191972412493,BUY
2003-08-29,0.10815691038364594,0.06247584168343856,0.015385749999999976,0.030786194444444425,0.8289620938788196,0.6508017167058133,1.7440073447473472,1.6800724775162492,1.2259609082120573,BUY
2003-09-30,0.07709111751569453,0.05122785691476395,0.008815611111111114,0.01600772222222224,0.5168697100728962,0.5236020651873456,0.987921976022573,0.8946424443935193,0.7307590489190836,BUY
2003-10-31,0.11964564960834445,0.08365928975259806,0.00444658333333334,0.013270027777777796,0.9305547444398995,0.8715129196402532,0.5001494140250003,0.7466585396548973,0.7622189044400126,BUY
2003-11-28,0.11555240857906401,0.06369943225461383,0.002867250000000012,0.00647780555555557,0.8799456954818335,0.6453874905194772,0.3235859173760024,0.3943761150876076,0.5608238046162302,BUY
2003-12-31,0.14876075749279405,0.12145474201658879,0.007234416666666624,0.03132563888888886,1.1973774826782497,1.2699422247784762,0.8028226146716201,1.6633295482169135,1.233367967586315,BUY
2004-01-30,0.14153797246394006,0.12618243480540325,0.0008690555555555222,0.012822166666666647,1.1094898483022944,1.301975374885271,0.09305077644057351,0.6921555079312706,0.7991678768898522,BUY
2004-02-27,0.12668950778965393,0.1791670144664117,-0.0022777777777778264,0.016147666666666633,0.9496743247661203,1.8553758585169593,-0.25670784592405504,0.85579109584073,0.8510333582999388,BUY
2004-03-31,0.0835532186642356,0.18459503104573827,-0.004266638888888925,0.0023780277777777675,0.5163351306027569,1.866913318892618,-0.4771253955675698,0.1470092287200782,0.5132830706619708,BUY
2004-04-30,0.04935085447136478,0.13614101965741954,0.004096944444444412,0.012276722222222211,0.17580783033494388,1.310017233472724,0.46264974103550505,0.6527943413323991,0.6503172865438931,BUY
2004-05-31,0.049007440781473344,0.13160533756445703,0.005991722222222183,0.013206944444444438,0.17139713045048927,1.2426219815541786,0.6728678033343196,0.6957668436806426,0.6956634397549075,BUY
2004-06-30,0.05419971770098031,0.06459237840978149,0.006123527777777753,0.010210305555555544,0.22212664885199895,0.5243250710364918,0.6827703685172204,0.5362933275277937,0.4913788539833762,BUY
2004-07-30,0.009391004791702962,0.06253886325588853,-0.0014816388888888954,-0.005180638888888881,-0.2277005560487841,0.4991091712357885,-0.18238756581276205,-0.2622197496250695,-0.04329967506270678,SELL
2004-08-31,0.004320946015081262,0.027718034933411406,-0.005292305555555594,-0.020931750000000002,-0.27742919280879025,0.1285548442697899,-0.6145498314826828,-1.078334003673551,-0.46043954592380854,SELL
2004-09-30,0.004693340384360978,0.07586415671435565,-0.002592888888888921,-0.007413666666666687,-0.2720681495509939,0.6382956013013349,-0.30261430002795847,-0.36577237263644674,-0.07553980522851605,SELL
2004-10-29,0.012726282988985371,0.07431786221777115,-0.0030481111111111546,-0.0020383333333333768,-0.18887223921014562,0.6170952242220831,-0.3531413604891824,-0.08376998065114699,-0.002172089032097979,SELL
2004-11-30,0.042809265013225906,0.04311279247224786,0.005115388888888886,0.018351611111111086,0.11951679723873193,0.2796298207670506,0.5877692991790753,0.9838839935842318,0.4926999776922724,BUY
2004-12-31,0.06874472261436448,-0.01569975714358951,0.003762638888888912,0.004803194444444458,0.38526686384683406,-0.35261560092477673,0.42788824319242613,0.2653275139189523,0.18146675500835896,BUY
2005-01-31,0.037891362620289026,-0.012595525667114083,0.0032966944444444523,-0.0004235277777777686,0.06469607773376108,-0.3171434941300041,0.37151167670624113,-0.010879345024283813,0.027046228821428576,BUY
2005-02-28,0.05298843208745141,0.0489553785593102,0.0024831666666666717,0.004788722222222229,0.22092467882300695,0.3508116792128514,0.27489246830680414,0.26458827389095013,0.27780427505840316,BUY
2005-03-31,0.028779073356101303,0.07702293942536786,0.00015938888888885477,0.012070722222222191,-0.03251763226288554,0.6539896027826911,0.002010206240442309,0.6497569077146682,0.31830977111872905,BUY
2005-04-29,0.004478191878474425,0.009534270475513473,-0.0037352499999999986,-2.91666666665108e-06,-0.2868776426412143,-0.08655030075252156,-0.45518870443976084,0.0029552352612659425,-0.20641535314305767,SELL
2005-05-31,0.0292899137795124,-0.0010134984741186903,-0.01036858333333334,-0.01854080555555555,-0.02427707390118485,-0.20170936616392698,-1.2342456767901189,-0.9882185491171169,-0.6121126664930869,SELL
2005-06-30,0.025415984656015578,0.008356549635398558,-0.007990861111111136,-0.0209278611111111,-0.0651243020157277,-0.09751473954938222,-0.9406770246127875,-1.1070268473828806,-0.5525857283901945,SELL
2005-07-29,0.05230039903141104,0.043457417808066,0.002862555555555531,0.012649333333333311,0.2208818758404791,0.29134296038657415,0.3438022264637222,0.6977953529800701,0.3884556039177114,BUY
2005-08-31,0.03197917995344657,0.10228645343585363,0.002079277777777774,0.0160865,0.0028247795012622833,0.9436770335852187,0.2496017991948983,0.8772344355177915,0.5183345119497926,BUY
2005-09-30,0.030852045524454086,0.1349433277330332,0.004688694444444479,0.028117583333333345,-0.00928022153829524,1.2983846293834171,0.557869446810445,1.5153123135086168,0.840571542041046,BUY
2005-10-31,0.00715586518797795,0.054108773140551625,0.00017652777777778816,0.005997083333333343,-0.2646632311633531,0.38597653899028866,0.017962452111898522,0.3144940721963697,0.11344245803380094,BUY
2005-11-30,0.03713736099169451,0.04620963504799991,0.0025117499999999923,0.007489638888888882,0.061257053463707585,0.2959974580152593,0.29688082623352174,0.39287616791351476,0.2617528764065008,BUY
2005-12-30,0.03354943408099231,0.06184735517341733,-0.0003095555555555655,-0.003695888888888898,0.02194629899582993,0.4693139061925364,-0.04291893768300375,-0.20989393805004997,0.05961183236382815,BUY
2006-01-31,0.052701263563883494,0.06272670961480542,-9.902777777780174e-05,0.008174527777777755,0.2311432870976171,0.47656561463416725,-0.01737423931098888,0.43129554757622207,0.28040755249925436,BUY
2006-02-28,0.04763748609323559,-0.009947801124532307,0.0023454722222222297,-0.00017597222222221626,0.174463062165259,-0.34430132233217864,0.2784524277509256,-0.022842986163102576,0.02144279535522585,BUY
2006-03-31,0.05104387635828411,0.006531573078019104,0.005284694444444449,0.008342916666666669,0.21121333570109474,-0.1562910095071857,0.6342066819158404,0.4403137583251129,0.2823606916087156,BUY
2006-04-28,0.052901764195507406,0.05833887080530542,0.006935333333333373,0.01430277777777777,0.2308061929352488,0.432648379714272,0.8315166461523009,0.7631993121804901,0.5645426327455779,BUY
2006-05-31,0.015008947295865438,0.050154718774010565,0.0056351388888889005,0.018795027777777754,-0.19161935688623846,0.33712334108826797,0.6671925252019381,1.0036779146111836,0.4540936060037878,BUY
2006-06-30,0.009792919047764137,0.019411745436877625,0.0027228055555555825,0.007045138888888881,-0.24900308109972483,-0.016235112935909856,0.3073298430833753,0.3534540395185005,0.09888642214156028,BUY
2006-07-31,0.012080285075173114,0.03811778581536451,-0.0015326944444444578,-0.006056361111111114,-0.2222104752231335,0.198789781645402,-0.21605220274566725,-0.36658935041350765,-0.15151556168422659,SELL
2006-08-31,0.027941828646139477,-0.003638772327604234,-0.0038611111111111185,-0.01213855555555555,-0.04260534917894328,-0.2839453399496367,-0.5018861513713416,-0.6996261491156933,-0.38201574740390376,SELL
2006-09-29,0.045839561209557456,-0.058944953836080005,-0.003638666666666658,-0.016395333333333314,0.15998290044363578,-0.9233935397458943,-0.47190694429976227,-0.9302126548191909,-0.541382559605303,SELL
2006-10-31,0.06689412924588933,-0.018729024001938877,-0.0020515000000000156,-0.008741500000000006,0.39839789036541456,-0.4499422356401063,-0.27296280738433576,-0.5010443612301292,-0.20638787847228918,SELL
2006-11-30,0.07398814160298595,0.02623238469901623,-2.6916666666647326e-05,0.003675638888888895,0.47732034358374476,0.07534098539095888,-0.020022617764036736,0.1885930109988039,0.1803079305523677,BUY
2006-12-29,0.07584982755656244,-0.02254080226422117,0.002879277777777764,0.01140616666666664,0.49617716352766533,-0.49472019187420335,0.3429210735911365,0.6172857303194837,0.24041594389102056,BUY
2007-01-31,0.08017671986746633,-0.021347757059116956,0.004025388888888895,0.0073547222222222165,0.5432660220811732,-0.47820623009132335,0.48504211571361583,0.3883767285402243,0.2346196590609225,BUY
2007-02-28,0.04830169417641206,0.003310033910943755,0.0030352499999999776,-0.0015045277777778008,0.17369303718601575,-0.18592656863917456,0.35832019823236433,-0.10832322632975704,0.05944086011236212,BUY
2007-03-30,0.05054214350937314,0.005553039231188883,-0.0005504722222221813,2.638888888906755e-06,0.19884797019667275,-0.15867494790287054,-0.09534061255002325,-0.02337610979186804,-0.01963592501202227,SELL
2007-04-30,0.08454326298730996,0.014136490991379036,-0.0017582222222221682,0.00152500000000002,0.5922876427887516,-0.05630815692423867,-0.24784316542399748,0.06242296207971967,0.08763982063005878,BUY
2007-05-31,0.1023345502514359,0.013214248649535465,0.0024867222222222595,0.014997388888888893,0.7959479468627867,-0.067056434221246,0.29234460710275373,0.8235807597188214,0.461204219865779,BUY
2007-06-29,0.067754296124521,-0.0029536010647948086,0.004304388888888862,0.010967944444444405,0.38816587399236213,-0.25992673621483825,0.5228496640866199,0.5904363726312851,0.31038129362385725,BUY
2007-07-31,0.02279947147957584,0.01613456357621046,-0.004933694444444446,-0.004517361111111115,-0.13879888231955623,-0.02997008547397448,-0.6603247229478773,-0.29087701452356063,-0.27999267631624214,SELL
2007-08-31,0.02572625657827987,-0.02185746130563837,-0.012399583333333316,-0.022301138888888874,-0.10392249853788856,-0.48718635310141956,-1.6130757676332859,-1.3019143528497983,-0.876524743030598,SELL
2007-09-28,0.05080828097263268,0.04367843034579422,-0.010343944444444432,-0.006614166666666657,0.19180144629888574,0.30640141980851654,-1.3302970653449135,-0.3985637757700226,-0.3076644937518835,SELL
2007-10-31,0.056000054525038756,0.06587072743964861,-0.002175138888888918,0.006069305555555513,0.25239904079121944,0.5740089392415715,-0.279668139298,0.32542106835566015,0.2180402272726128,BUY
2007-11-30,0.004895093033906228,0.028401659455395745,-0.011960861111111139,-0.008939194444444484,-0.3547847748569358,0.11593856869758294,-1.5254507515673488,-0.5333803396944606,-0.5744193243552905,SELL
2007-12-31,-0.006587300334439106,0.06368597712342505,-0.013036611111111112,-0.01726727777777779,-0.48993070569153935,0.5457482111821071,-1.643892466254317,-1.0080018497861045,-0.6490192026374635,SELL
2008-01-31,-0.06419866643812733,0.0920858800495763,-0.02238813888888887,-0.033552361111111095,-1.1752750476624525,0.8903281469257488,-2.801404869275077,-1.933653258991182,-1.2550012572507407,SELL
2008-02-29,-0.09281824958184848,0.19879431286791238,-0.011056000000000002,-0.0028826666666666723,-1.5059937836596617,2.1901142117241403,-1.321636000124812,-0.16168567043328722,-0.19980031062340514,SELL
2008-03-31,-0.0931673895853995,0.10615779625830002,-0.020942416666666675,-0.021317750000000014,-1.4920498471834742,1.0260589731669691,-2.523225003142015,-1.2106877148636064,-1.0499758980055316,SELL
2008-04-30,-0.04476874518135354,0.12611827630298178,6.602777777776209e-05,0.011447027777777752,-0.902860002859146,1.259190446130796,0.07312669701264272,0.6620890504608818,0.2728865476862936,BUY
2008-05-30,-0.02729435462864871,0.13421030682114576,0.008267750000000003,0.016508194444444436,-0.6903677197174712,1.344803967013663,1.0653745173783562,0.9470750990145121,0.666721465922265,BUY
2008-06-30,-0.09926551435985398,0.201757865052,0.010472722222222204,0.02551461111111109,-1.538960703013972,2.1421732919780605,1.3243227326863267,1.4540971877694318,0.8454081273549617,BUY
2008-07-31,-0.09820958976806804,0.0430774253799342,-0.00488049999999999,-0.009677833333333314,-1.508019277722744,0.21884991992063335,-0.5404116642013154,-0.5588374119965905,-0.5971046085000041,SELL
2008-08-29,-0.07675145693604735,-0.044150253442224674,-0.01258347222222223,-0.032041694444444456,-1.2387855548504039,-0.8195404343645597,-1.4696920446081512,-1.828799847169728,-1.3392044702482107,SELL
2008-09-30,-0.1420301226606513,-0.15173517210323006,-0.03338277777777774,-0.06038177777777776,-1.9920850506633896,-2.0959484384243403,-3.960091113863273,-3.402397906956732,-2.8626306274769338,SELL
2008-10-31,-0.2610917282317623,-0.3179412735264179,-0.047990999999999985,-0.09046133333333335,-3.3375840538729533,-4.013008188515581,-5.434049993656809,-4.907902895863932,-4.423136282977319,SELL
2008-11-28,-0.29000242279886745,-0.3503397134713251,-0.06228088888888885,-0.12138199999999999,-3.526498950377289,-4.1525614356362,-6.457663772414324,-6.112090700709239,-5.062203714784263,SELL
2008-12-31,-0.25671996741335257,-0.3603925886910083,-0.03385238888888888,-0.10642305555555553,-3.0120205923363055,-4.015891704638669,-3.035007610634422,-4.771650681783495,-3.708642647348223,SELL
2009-01-30,-0.2936160325132091,-0.37159424175897826,0.0036831388888889003,-0.05717086111111108,-3.2984809544469806,-3.908334720110672,0.487540249580455,-2.331630350156987,-2.262726443783546,SELL
2009-02-27,-0.34339850161338936,-0.3668539487771654,0.01802322222222222,-0.030497222222222203,-3.675939737558896,-3.659069732813645,1.797346528856611,-1.160516493976766,-1.674544858873174,SELL
2009-03-31,-0.25834842543777436,-0.3127772993611382,0.004093194444444471,-0.010818694444444445,-2.675828955283919,-2.9896253264759847,0.5078715630205396,-0.32391489587573735,-1.3703744036537755,SELL
2009-04-30,-0.15512985567289728,-0.27055451911376127,0.009155694444444468,0.014270249999999998,-1.6182837118367528,-2.512177122609515,0.9667431063615511,0.7357506308673136,-0.6069917743043507,SELL
2009-05-29,-0.07434959213132353,-0.13340465611191288,0.03340219444444447,0.06296519444444443,-0.8313733288772863,-1.2367394795783135,3.1688177296071283,2.789678994460787,0.9725959789030788,BUY
2009-06-30,-0.045269028258092536,-0.09203216939392533,0.05574122222222221,0.06275099999999999,-0.5501403752628483,-0.8603862184193926,5.040943517221417,2.7055663143086166,1.5839958094619482,BUY
2009-07-31,0.05097463241750355,-0.015020676258173049,0.04391697222222222,0.04961130555555554,0.3696569750820917,-0.17361276572377116,3.6889811176965708,2.1035298791193515,1.4971388015435607,BUY
2009-08-31,0.1121184219845599,0.021636039284619324,0.02493738888888888,0.017969277777777768,0.9528023163196345,0.15256488716592398,2.0226250737294755,0.7979414110470792,0.9814834220655283,BUY
2009-09-30,0.16337996650629072,0.06655508742454508,0.01710158333333334,0.02005624999999999,1.4370883291395267,0.5523252395228246,1.374810136558296,0.8777873981509001,1.0605027758428869,BUY
2009-10-30,0.133389056046902,0.10154548898576476,0.008795555555555508,0.00942577777777776,1.137055483285165,0.8625004604063888,0.7111363697470595,0.44537747271885947,0.7890174465393681,BUY
2009-11-30,0.17700203574095053,0.1294309812933605,0.004573611111111076,0.01330405555555555,1.5439332496096576,1.1069260130794873,0.3762075208279944,0.6001436498569354,0.9068026083435187,BUY
2009-12-31,0.17562200025829733,0.13455506120288874,0.016813083333333298,0.029700416666666674,1.5142267518536723,1.1448308485665903,1.338915596084156,1.2601773442865019,1.31453763519773,BUY
2010-01-29,0.10801343396771501,0.039137649937317276,0.010418277777777785,0.007599388888888903,0.8601609699574315,0.2849419329202748,0.8251649877978616,0.35888866435793837,0.5822891387583766,BUY
2010-02-26,0.10452497662425975,0.057871852309385075,0.012810777777777766,0.00937266666666666,0.8224762048955403,0.451645110667736,1.0091749085182151,0.42938820273406,0.6781711067038878,BUY
2010-03-31,0.13434288402561445,0.029423021596183707,0.004254138888888884,-0.0006161944444444447,1.1001946069044974,0.19467498537986425,0.33011791904238613,0.02290238492318922,0.4119724740624843,BUY
2010-04-30,0.12260249458812189,0.033118119086409825,0.007154388888888887,0.017855055555555558,0.9816421850985395,0.22730262811915372,0.5577476103073575,0.7739471319937445,0.6351598888796988,BUY
2010-05-31,0.016926053240173378,-0.03878829724487365,-0.007109555555555543,-0.01848611111111107,-0.023395019449500083,-0.4225285132854018,-0.57159041426315,-0.7092596428106116,-0.43169339745216584,SELL
2010-06-30,-0.04613348634041603,-0.037814261477358335,-0.017003583333333346,-0.043233361111111084,-0.6213495772823288,-0.41218208634017095,-1.3527899790633027,-1.715159114548005,-1.0253701893084517,SELL
2010-07-30,0.010577302375076814,0.02216719262597766,-0.012134750000000014,-0.027309749999999976,-0.07987173442732756,0.13352463843306345,-0.957054155988923,-1.0499446932778964,-0.4883364863152709,SELL
2010-08-31,-0.03948117172684951,-0.007193059771232746,-0.005434472222222265,-0.01752480555555556,-0.5567203865117847,-0.1340901250027723,-0.4223365499309285,-0.6469339501679078,-0.44002025290334834,SELL
2010-09-30,0.0379530774629635,0.056333324925468053,0.0012229999999999349,0.01574444444444443,0.18504751808169626,0.4462026014995574,0.10637933992004622,0.7065098322344596,0.36103482293393985,BUY
2010-10-29,0.06434435322831145,0.09823240472638917,-0.0015236388888889574,0.0115545833333333,0.43727441568094816,0.8279923921342102,-0.11209099263479658,0.5331092747113921,0.42157127247293846,BUY
2010-11-30,0.05518992018257585,0.08729836837206717,0.007235999999999972,0.03396155555555554,0.3478156531059071,0.7236775639030043,0.5859832033892269,1.4441388974051605,0.7754038294508248,BUY
2010-12-31,0.11228477216546384,0.1863639617911761,0.014642083333333328,0.04629808333333333,0.8963576028991591,1.6290765421605709,1.1747998617014561,1.932669903012829,1.4082259774435038,BUY
2011-01-31,0.11995344122062956,0.17314309010251105,0.01433405555555555,0.03979905555555555,0.9654647287562788,1.4909181507542044,1.1423724429442565,1.6451181316572492,1.3109683635279974,BUY
2011-02-28,0.13736042436135842,0.16601916559503627,0.015466694444444422,0.04304613888888886,1.127721814523027,1.4120755963339644,1.2252201677954166,1.7583894114800676,1.3808517475331188,BUY
2011-03-31,0.12361966049792494,0.16450482692404744,0.005072916666666659,0.013952694444444429,0.9879577649705913,1.3860454589740279,0.38992666699034806,0.5779762863408038,0.8354765443189429,BUY
2011-04-29,0.14137640480787472,0.17733651487668323,0.0026983055555555666,0.011598416666666672,1.1532789230893785,1.490402138406844,0.19934684999627109,0.48175667562195906,0.8311961467786131,BUY
2011-05-31,0.10622953111476163,0.09257865175357716,-0.0031129999999999895,-0.007789555555555529,0.8074263513593531,0.7126249066901956,-0.26582076572617963,-0.29633855601490533,0.239472984077116,BUY
2011-06-30,0.06487481689535146,0.01937787194084928,-0.003918861111111101,-0.016742972222222183,0.40536564043551165,0.048787581575683726,-0.32963420065661875,-0.654935140647233,-0.1326040298231641,SELL
2011-07-29,0.028825280901858097,0.03368196337519591,-0.006263166666666682,-0.026974611111111112,0.05603412899264978,0.1781382290169631,-0.517005087147748,-1.0638329249215233,-0.33666641351491455,SELL
2011-08-31,-0.0403977315967784,0.025710809880608698,-0.020528166666666688,-0.036277833333333336,-0.6142487556396778,0.10525775996528497,-1.6637343679422876,-1.4316734881440998,-0.9010997129401951,SELL
2011-09-30,-0.10868883044721023,-0.1253978266404815,-0.028035750000000012,-0.06302808333333333,-1.2741444995729279,-1.2706446714658273,-2.2485063506645946,-2.492258101488104,-1.8213884057978633,SELL
2011-10-31,-0.017193044364720134,-0.06860035266529507,-0.014205694444444443,-0.029156805555555543,-0.3790139139712674,-0.745182388157657,-1.1161111722317723,-1.1057091533666754,-0.8365041569318431,SELL
2011-11-30,-0.02638994710819298,-0.08900697166705873,-0.005839694444444439,-0.01410602777777778,-0.4670585217241751,-0.9276397425543305,-0.4466598152166352,-0.5044397568420708,-0.5864494590843029,SELL
2011-12-30,-0.01807264976172951,-0.11315779644485091,0.003762472222222217,0.01244869444444443,-0.3845907779747685,-1.1427030250335923,0.3170979753926478,0.5486267765016483,-0.16539226277851624,SELL
2012-01-31,0.02296469652889166,-0.08167272462033792,-0.0026749722222222656,-0.006650527777777793,0.016694111153008683,-0.8490773840711653,-0.19613273183760552,-0.2108700241079706,-0.3098465072159332,SELL
2012-02-29,0.06183364725411655,-0.04779898573923269,0.012942694444444404,0.013280249999999987,0.3966292076434098,-0.5367348131966265,1.0504752002323958,0.5823132939812892,0.37317072216511704,BUY
2012-03-30,0.08927094886916942,-0.07352388853484293,0.014789277777777735,0.024132277777777763,0.6642285181562451,-0.7694744791387803,1.1920006630401263,1.0125946851692125,0.5248373468067009,BUY
2012-04-30,0.07871957465771784,-0.060055170396629,0.0058768888888888525,0.008118777777777768,0.5580854201935974,-0.643174380967987,0.4743764914359281,0.3693641065783667,0.1896629093099763,BUY
2012-05-31,0.013409470285320024,-0.12749867330589537,-0.009452333333333368,-0.03163377777777777,-0.08602913999493578,-1.257519236124238,-0.7510252587489726,-1.2188543362852775,-0.8283569927883561,SELL
2012-06-29,0.05068321096942818,-0.06764254282415116,-0.00922169444444451,-0.02271469444444446,0.28167289136468293,-0.7022653709796185,-0.7295695199231965,-0.8554155812965988,-0.5013943952086827,SELL
2012-07-31,0.058000084374915994,0.003317389157550643,-0.0007855555555555995,-0.007678777777777796,0.35317691847775434,-0.050626780980629886,-0.05157375503738549,-0.2516330949953162,-0.00016417813389431324,SELL
2012-08-31,0.06611925733396906,0.02721573904629704,0.009936277777777733,0.024974388888888838,0.43255586230419474,0.16861396959760286,0.8088184256961081,1.0551804412872192,0.6162921747212813,BUY
2012-09-28,0.07103720866839325,0.03959037388189568,0.011048888888888843,0.019388999999999972,0.48002665207434797,0.28190519868961095,0.8947798154509653,0.8261804247645579,0.6207230227448706,BUY
2012-10-31,0.03961041112227659,0.0031792051729377935,0.012370722222222184,0.009153833333333321,0.16583576926082566,-0.05440439847432292,0.9969267492714988,0.41304804986748433,0.3803515424813715,BUY
2012-11-30,0.03185771499768064,0.005586245990585104,0.006650666666666631,0.0010046666666666691,0.08806759982539702,-0.03202395828127814,0.5323396781564539,0.08500635271292593,0.16834741810337467,BUY
2012-12-31,0.02862232736268533,-0.01976858210947463,0.005705166666666664,-0.004941833333333332,0.05548413732614975,-0.2668039270015576,0.45452800626068357,-0.1542943465468494,0.022228467509606588,BUY
2013-01-31,0.06856731194453536,0.00470570526781211,0.0032462500000000026,0.012213138888888884,0.45582360019971957,-0.038808919318748566,0.2548424626089556,0.5375268127646274,0.3023459890636385,BUY
2013-02-28,0.07090184507410702,-0.029879523977727862,0.005278361111111102,0.008504805555555538,0.4778628124391805,-0.36068594902479584,0.4184565909126056,0.38608664242089374,0.230430024186971,BUY
2013-03-29,0.09903417169191564,-0.020852682259764665,0.0006901388888888824,0.010593805555555552,0.759559040587995,-0.27541808985462085,0.04555903638879325,0.4695221674280193,0.24980553863754668,BUY
2013-04-30,0.10602233640298286,-0.04388816542261009,-0.0017265277777777904,-0.007219972222222232,0.8269346285277388,-0.4901115087497195,-0.15080855512771837,-0.25404808402986345,-0.017008379844890627,SELL
2013-05-31,0.10849545842054442,-0.06662018287659821,0.004024805555555594,0.008572472222222242,0.8483522326946894,-0.7015954623155767,0.3177516571341338,0.3883076724773707,0.21320402499765428,BUY
2013-06-28,0.07697594156110843,-0.10481847737781036,0.00558213888888892,0.004658583333333347,0.5265461663511604,-1.0573796571897869,0.44395846882790074,0.22786151868947715,0.035246624169687844,BUY
2013-07-31,0.1112212207373291,-0.0827559831989838,0.009648166666666695,0.0190523888888889,0.8711365076028666,-0.8448098024076771,0.7750496307107395,0.8147215353548748,0.40402446781520096,BUY
2013-08-30,0.06321976596364598,-0.04254393846773408,0.007814250000000017,0.014057361111111112,0.3816427303031539,-0.46371345034310674,0.6220172275701193,0.6074467796884704,0.28684832180465925,BUY
2013-09-30,0.08072528231756149,-0.054644929311119306,0.004075777777777799,0.010021222222222227,0.5580565913313198,-0.5761361253242505,0.3136118971919275,0.4403533775784453,0.18397143519436052,BUY
2013-10-31,0.10847598277846804,-0.05842312616460632,0.002062750000000024,0.0028646388888889074,0.8381137978823204,-0.6098379902165664,0.1474810941912367,0.14577976566097106,0.13038416687949045,BUY
2013-11-29,0.11668734823780635,-0.055005411768271006,0.0032425277777777778,0.004850972222222227,0.9180723973931969,-0.5755316928621592,0.24423704792716205,0.22703200057628217,0.20345243825862047,BUY
2013-12-31,0.11866278855712209,-0.035201922668104846,0.013385472222222222,0.020415583333333338,0.9340226695996492,-0.3864774484205153,1.0803985217918077,0.8673483954365998,0.6238230346018854,BUY
2014-01-31,0.06359732319146594,-0.02219554639273824,0.005064638888888894,0.004421749999999988,0.36964581482239606,-0.2622046570754956,0.3887280778128214,0.20484680120756146,0.17525400919182083,BUY
2014-02-28,0.09075817406258468,0.040464577962445514,0.003883194444444448,0.00998019444444444,0.6454909866082709,0.3333246993706023,0.2900613395985232,0.4338729938999204,0.4256875048693292,BUY
2014-03-31,0.08228110595748639,0.04669795061845616,-0.0013667222222222275,0.0014451666666666528,0.5567539515715818,0.39173631890055854,-0.14540647520074082,0.0795717635980684,0.22066388971736697,BUY
2014-04-30,0.07417404761214663,0.06927693625272036,0.005528944444444434,0.016718055555555538,0.47211019229567924,0.6059076272152576,0.42726170010631415,0.7127121363425338,0.5544979139899462,BUY
2014-05-30,0.08171369605335554,0.03637046850144254,0.0017097499999999966,-0.0004089166666666778,0.5479703900026242,0.28974062279393287,0.10851349544156222,-0.0007820217265733038,0.23636062162788649,BUY
2014-06-30,0.08434344761396373,0.03573112407668577,0.0013402777777777857,0.0007623888888888894,0.5732631298929771,0.28287734417255034,0.0774686771383288,0.04795872740256019,0.24539196965160412,BUY
2014-07-31,0.05606747734413697,-0.017017880615477265,1.1555555555551512e-05,-0.008376333333333322,0.28084460251979926,-0.22370783775716896,-0.03370505765052996,-0.33329336762742784,-0.07746541512883187,SELL
2014-08-29,0.0776392601361906,-0.024897221873768638,-0.0009971388888889018,-0.005652472222222221,0.5023308941007143,-0.29888932688371417,-0.11808396019572587,-0.21862049060622404,-0.033315720896237445,SELL
2014-09-30,0.04727209008118427,-0.0806523666140242,-0.0034429166666666805,-0.016143805555555557,0.18750906802800502,-0.8351830874773584,-0.3230530076947001,-0.6575024551232901,-0.4070573705668359,SELL
2014-10-31,0.05931232141826048,-0.08362364433878766,-0.004956861111111109,-0.011156861111111105,0.3115786547780721,-0.8605186825637022,-0.449553788985529,-0.44625275040479734,-0.3611866417939891,SELL
2014-11-28,0.07301524969477691,-0.11444084647289887,-0.006232055555555553,-0.015545611111111106,0.45280358702571066,-1.1542824435998063,-0.5557650174633219,-0.629436456272676,-0.47167008257752335,SELL
2014-12-31,0.05887934540695006,-0.17038783514869094,-0.005106472222222232,-0.018055138888888895,0.3047670669291684,-1.687281468073272,-0.4591805737786748,-0.7330529337024568,-0.6436869771563088,SELL
2015-01-30,0.01675531112910944,-0.18445612609387974,-0.00899991666666671,-0.03525669444444445,-0.13430465699089567,-1.807439078877238,-0.7870153317764091,-1.4549620808629105,-1.0459302871268634,SELL
2015-02-27,0.06151972096331204,-0.14587620995241501,0.0004283611111110623,-0.011334527777777796,0.33284549931937624,-1.4215289967481153,0.013340190057525634,-0.44000927093559666,-0.37883814457670256,SELL
2015-03-31,0.034549780559218535,-0.1689473732872997,-0.0008419722222222539,-0.011881861111111109,0.05016489484409801,-1.6315377067110628,-0.09438555335804429,-0.46188985527871773,-0.5344120551259317,SELL
2015-04-30,0.03467034459492169,-0.09967778411275208,0.004901444444444464,0.016621777777777774,0.0513137751581187,-0.9606618697432526,0.39380505695466295,0.740995992903727,0.05636323881831401,BUY
2015-05-29,0.037639687583986836,-0.10264041323530537,-0.0014474999999999703,-0.0013208333333333145,0.08236939339753764,-0.9846126379798497,-0.14761901038713304,-0.01868515653440718,-0.26713685287596306,SELL
2015-06-30,0.011566860326147177,-0.06502826568706377,-0.00013783333333330927,0.012016277777777779,-0.19214169137435427,-0.6232169979927769,-0.0355720861073467,0.5454151823946921,-0.07637889826994645,SELL
2015-07-31,0.02428978310085461,-0.14077534365517808,-0.0036692777777777748,-0.01148472222222222,-0.057540959826689185,-1.3413147825724865,-0.3373984663305028,-0.45155349833364894,-0.5469519267658318,SELL
2015-08-31,-0.03859448712860347,-0.1243852124228898,-0.004981000000000003,-0.01908155555555557,-0.7219755154071886,-1.177439456878481,-0.4489457368843921,-0.7727231156912259,-0.7802709562153219,SELL
2015-09-30,-0.062025447861602134,-0.13286509365342158,-0.008070472222222224,-0.03424658333333334,-0.9674252727910004,-1.251609773709069,-0.7128753934105936,-1.4141044948072152,-1.0865037336794696,SELL
2015-10-30,0.013281484134583854,-0.11466228037161086,-0.0009307777777777781,-0.008213555555555559,-0.16646782703291357,-1.0721601269698744,-0.09732859032030672,-0.301855926758287,-0.40945311777034543,SELL
2015-11-30,0.013264410297705531,-0.15628412912235568,0.001052611111111103,-0.00708350000000001,-0.16627324458799977,-1.4610929360855267,0.07360191342302838,-0.2531746364710969,-0.45173472593039876,SELL
2015-12-31,-0.003893490475426642,-0.16381418743525422,0.002883416666666666,-0.0005145833333333356,-0.3482303274398557,-1.5221962542463663,0.23136854161405113,0.026869782796270846,-0.40304706431897497,SELL
2016-01-29,-0.0523241236710571,-0.16044015699650416,-0.010272194444444488,-0.02976241666666669,-0.8630296547481843,-1.4794547721252171,-0.906213066401572,-1.2201819811197054,-1.1172198685986696,SELL
2016-02-29,-0.0495722067393477,-0.15323417309762477,-0.013863583333333379,-0.029920250000000013,-0.8304459020610013,-1.4015682253807844,-1.2132837493119495,-1.2205424393981752,-1.1664600790379775,SELL
2016-03-31,0.013486151784608547,-0.10506892073131968,-0.002732333333333385,-0.009732777777777799,-0.15518400928930517,-0.941196729318331,-0.24549817713299804,-0.3552474416011736,-0.4242815893354519,SELL
2016-04-29,0.017064753976256508,-0.012043061516479492,0.01251124999999999,0.020500805555555553,-0.11661220603547548,-0.0653017849128725,1.0743952045462686,0.9343501400377883,0.4567078384089272,BUY
2016-05-31,0.033098031230011316,0.0008913669933841017,0.015198750000000009,0.02892252777777778,0.05529019332644833,0.056354255147093045,1.3021382806925135,1.2898167436585535,0.6758998682061521,BUY
2016-06-30,0.0325186354004352,0.05628342475141457,0.0018150555555555576,0.009808499999999996,0.04895584443629678,0.5777453362878046,0.1385437055195668,0.46885350319448466,0.3085245973595382,BUY
2016-07-29,0.06623717187490419,0.009554712028531753,-0.0001025555555555548,-0.003792888888888893,0.4113851244407023,0.1355334931926102,-0.02776638607563281,-0.11241281475364984,0.10168485420100748,BUY
2016-08-31,0.05635396214847188,-0.0003687456649236198,0.0041777222222222155,-0.0037198333333333454,0.30391828274430516,0.04148386489682584,0.3436269363196767,-0.10905812561973743,0.1449927395852676,BUY
2016-09-30,0.044535778201884924,0.03323844782181351,0.006982388888888883,0.003293722222222212,0.17568264761990857,0.35959530411061197,0.5866055891408221,0.19150931991250278,0.32834821519596136,BUY
2016-10-31,0.022324711048959056,0.030528662041553245,0.006399249999999995,0.006774694444444435,-0.06488138092601296,0.3330403778794548,0.5342560684217409,0.3404673169370552,0.28572059557805946,BUY
2016-11-30,0.05226988580281988,0.03871250207587895,0.008836638888888882,0.0229738611111111,0.25975340509949923,0.41004276463825556,0.7453024992261336,1.0360214532477232,0.6127800305529029,BUY
2016-12-30,0.06315883615077822,0.04754283894853595,0.013069166666666672,0.02582327777777778,0.3774057114002566,0.4931121473673327,1.112194784665565,1.1541649099286768,0.7842193883404578,BUY
2017-01-31,0.06786282873272498,0.03774091960010262,0.010267916666666663,0.025350361111111108,0.42767928585007947,0.3983812496382802,0.8629570385202584,1.1284610788731162,0.7043696632204336,BUY
2017-02-28,0.08923585962815661,0.027514856218854078,0.005333249999999995,0.010983805555555545,0.6595087484897637,0.29975291401401044,0.4294527036931047,0.5066204829989248,0.4738337122989509,BUY
2017-03-31,0.07628907305784915,-0.00677456408605337,0.00046358333333331873,0.0010686944444444364,0.5163366465714896,-0.029059868488066156,0.0029184534338787455,0.07908805518121789,0.14232082167463003,BUY
2017-04-28,0.07308342328704742,-0.02091332926349143,-0.00027394444444445295,-0.004176055555555557,0.479977962426377,-0.16458443922914048,-0.061663057569663456,-0.146997490434442,0.026683243798282782,BUY
2017-05-31,0.07283692964669508,-0.032349093687398245,-0.0006282500000000078,-0.00912613888888889,0.4760782776246312,-0.2741232891739444,-0.09262453440132552,-0.3603515027057033,-0.06275526216408552,SELL
2017-06-30,0.06518639256444292,-0.029108228990572638,0.004153388888888891,-0.0022478333333333356,0.39104763406857096,-0.24232643955184252,0.32787928096439667,-0.06216614799851845,0.10360858187065167,BUY
2017-07-31,0.07412325915511864,-0.008178552110198245,0.005811472222222221,0.005448472222222205,0.4882503511709432,-0.039934104604976185,0.47317643755600414,0.2713626412372587,0.29821383133980744,BUY
2017-08-31,0.06312671043222506,-0.00689634946587403,0.0017465833333333354,0.002886694444444431,0.3661219158378423,-0.02746132119562526,0.11355553081549327,0.15961575602080413,0.1529579703696286,BUY
2017-09-29,0.07018046891759,-0.008347533546290808,0.003448583333333331,0.007313694444444414,0.4429854044779756,-0.04146022548821673,0.2637260943902381,0.35179365566684584,0.2542612322617107,BUY
2017-10-31,0.07680691038142662,0.010671845798673418,0.003904277777777776,0.008691055555555539,0.5150345806720312,0.1431851887990079,0.30352048685230265,0.4110224008065961,0.34319066428248446,BUY
2017-11-30,0.09000185950002093,0.005278682842389193,0.006662638888888882,0.015608749999999977,0.659527921513276,0.0904572834668073,0.5474924986023328,0.7118943955273247,0.5023430247774352,BUY
2017-12-29,0.08454080804802855,0.03352228008357594,0.0039224999999999954,0.01286572222222221,0.5972472012852421,0.3654333059675612,0.3028026681195956,0.5900509026369827,0.4638835195023454,BUY
2018-01-31,0.12474981196481338,0.050395740248417864,0.00656305555555555,0.022090166666666657,1.0409837079650037,0.52928578955103,0.5370628948683946,0.9918557726267354,0.7747970412527909,BUY
2018-02-28,0.06852359754875148,0.030584068651117624,0.005119916666666661,0.0150413611111111,0.4140870705682818,0.33433538476061725,0.4071942181632239,0.6798969575615595,0.4588784077634206,BUY
2018-03-30,0.030393085114684526,0.020663064781426987,-0.0005316666666666763,0.002741888888888875,-0.009800985309413698,0.23648038202161328,-0.09793733196630384,0.13965792437632898,0.06709999728055618,BUY
2018-04-30,0.024406236973932405,0.039759397588753576,-0.002943972222222223,-0.005046083333333339,-0.07631788164120684,0.42329682745179,-0.31338155249464306,-0.202130575193998,-0.04213329546951448,SELL
2018-05-31,0.03673362501197586,0.04482185425677332,-0.0028990555555555558,0.0003666111111111075,0.06110062490463342,0.4720619683992702,-0.3087119028035462,0.03605621804202872,0.06512672713559656,BUY
2018-06-29,0.03203243739868067,0.002116080925262942,-0.002174499999999999,0.003250166666666663,0.008531052517832349,0.0507638077181545,-0.24308934231323112,0.16290851003989137,-0.005221493009338225,SELL
2018-07-31,0.057630746746489825,-0.021920253491855335,0.0004143333333333227,0.0003737777777777611,0.29466956052259186,-0.1862859871814386,-0.009992903626436147,0.03575934419931126,0.03353750347850709,BUY
2018-08-31,0.07517396032957202,-0.0400750184995573,0.00010697222222221028,-0.002406583333333363,0.49051171933195115,-0.36522174081887643,-0.03764361966978176,-0.0871396317125498,0.00012668178268578772,BUY
2018-09-28,0.06679146414533443,-0.02397169551138212,0.006486638888888882,0.009422305555555531,0.395340027413897,-0.2051203999854128,0.5378105421554312,0.43657673728442525,0.29115172671708517,BUY
2018-10-31,-0.01136384350926578,-0.044270266389028645,-0.0016955555555555636,-0.005443111111111137,-0.48345085066455273,-0.40589701166340775,-0.20240420624245511,-0.22332888833308245,-0.3287702392258745,SELL
2018-11-30,0.0028621594543458695,-0.04864111396543669,-0.005538916666666664,-0.007880250000000005,-0.3222837797536501,-0.44838990668031076,-0.5497282410051826,-0.33112002901568716,-0.41288048911370767,SELL
2018-12-31,-0.08455528251789757,-0.10616795076638186,-0.013768500000000003,-0.04066483333333333,-1.3066951572228866,-1.0193147145479473,-1.2939133322236633,-1.7886639528949848,-1.3521467892223706,SELL
2019-01-31,-0.0089135836857962,-0.05108764168876001,-0.004851111111111108,-0.015328777777777783,-0.44878293873310904,-0.4678184270290318,-0.4807784545466528,-0.6525766642047922,-0.5124891211283965,SELL
2019-02-28,0.018352599834815075,-0.03689972931797014,0.0034285555555555445,-0.004848222222222253,-0.1404596596487989,-0.32549079210617565,0.27047379546306666,-0.18609251293449375,-0.0953922923066004,SELL
2019-03-29,0.030527586082569336,-0.03440729973118506,0.006759194444444432,0.015835194444444402,-0.002716649832912354,-0.29996128104971015,0.5722297406637543,0.7331401486352956,0.2506729896041069,BUY
2019-04-30,0.06146441417757731,-0.031855909496754764,0.005101583333333325,0.007310916666666642,0.3472718381175043,-0.27386426589108076,0.42022992707685386,0.3520808847678821,0.21142959601778988,BUY
2019-05-31,-0.009747584693161615,-0.05400986214204584,-0.0039451666666666585,-0.01990838888888889,-0.46038554365458245,-0.4950206451079336,-0.4039639792886567,-0.8608281095815681,-0.5550495694081852,SELL
2019-06-28,0.05146755491509758,-0.022594618030701397,0.0014496666666666662,-0.005535444444444451,0.23532163233892509,-0.1790558084276459,0.08858221144137189,-0.21774355239310259,-0.01822387926011288,SELL
2019-07-31,0.06009020288535405,-0.024645589440827842,-0.0008517499999999931,-0.011051305555555556,0.3328869897374943,-0.19930637748523838,-0.12171137200647666,-0.4635199101885928,-0.11291266748570339,SELL
2019-08-30,0.04014250247762141,-0.04220285730633078,0.0009858055555555477,-0.006512861111111125,0.10506994766973832,-0.37550489210316873,0.04658617821682774,-0.2596705036331669,-0.12087981746244239,SELL
2019-09-30,0.05605029182574528,-0.02505997038692842,-0.0010129444444444463,-0.009034944444444462,0.28634368807333593,-0.20203798496786463,-0.13664501338591628,-0.37209129938855384,-0.1061076524172497,SELL
2019-10-31,0.0673460065357181,-0.0026783263454907003,-0.00026719444444448653,-0.004545527777777814,0.4148525860476962,0.024197004742743722,-0.06794506335549132,-0.1700432052102583,0.05026533055617257,BUY
2019-11-29,0.09151470203677148,-0.02385626155131526,0.0072771388888888495,0.01498491666666663,0.6905576376000223,-0.1899433820729188,0.6259091439782186,0.7074925649854021,0.45850399112268103,BUY
2019-12-31,0.0996671728755254,0.019461395290509165,0.009673444444444406,0.02081499999999997,0.7820994327780368,0.24909789670336807,0.8449664223906961,0.9677221575716447,0.7109714773609365,BUY
2020-01-31,0.08187615716930674,-0.05091701481218225,0.003018694444444437,-0.0025424166666666906,0.5758880725911921,-0.4653277011765488,0.22952518598864308,-0.08573304921348683,0.06358812704744989,BUY
2020-02-28,-0.013799601576668263,-0.08982371988381499,-0.00584847222222222,-0.029700138888888894,-0.523555304806268,-0.8595580839476095,-0.5889258680187385,-1.3087532210688102,-0.8201981194603565,SELL
2020-03-31,-0.1311543193690876,-0.19015688511707385,-0.047963583333333344,-0.09214747222222223,-1.871001448099898,-1.8766350914591596,-4.477277182820897,-4.111712957675731,-3.084156670013922,SELL
2020-04-30,-0.02002945309880022,-0.18522745365099202,-0.027202750000000008,-0.05695530555555556,-0.5846720655895759,-1.8117032805521252,-2.464111262665989,-2.447683278013191,-1.8270424717052203,SELL
2020-05-29,0.01601942166102588,-0.1363021235842714,-0.01570261111111113,-0.021027722222222253,-0.17035374254396,-1.3049367349984355,-1.4145516826578273,-0.8585256818722538,-0.9370919605181192,SELL
2020-06-30,0.03016038539900845,-0.1017804394271129,0.02827549999999999,0.03558338888888887,-0.007784270176738918,-0.951239182707276,2.485832748238426,1.6031193871766682,0.7824821706327698,BUY
2020-07-31,0.07824309847548405,-0.03924058867294922,0.018877722222222216,0.030692499999999956,0.5449318033117198,-0.3184696500569462,1.6309274123640884,1.3814461858255074,0.8097089378610923,BUY
2020-08-31,0.13588497208539452,0.03007783247401785,0.013735416666666658,0.03753197222222219,1.2070988065683408,0.38106924092382005,1.170806979793944,1.6704258123975928,1.1073502099209245,BUY
2020-09-30,0.08004499384586317,0.003607925608622775,0.00553241666666666,0.02167574999999997,0.5597474120140798,0.11301207594296026,0.44877902880067094,0.9758980165921595,0.5243591333374676,BUY
2020-10-30,0.04367337092270196,0.026618729708719924,0.00308999999999999,0.012883222222222213,0.13968511167486755,0.34557916031534636,0.23399783398463778,0.5934668418178982,0.3281822369481875,BUY
2020-11-30,0.14132510604504,0.06608492031253732,0.010904361111111106,0.01197591666666666,1.2657228363844708,0.7447447404431168,0.9189344584542758,0.5529362602216361,0.8705845738758748,BUY
2020-12-31,0.16758579867861556,0.1228314220117499,0.015994944444444433,0.03317361111111109,1.5625877753215327,1.3180938760116268,1.3626624991749299,1.468005018489338,1.4278372922493567,BUY
2021-01-29,0.14014852590685023,0.14501114363380974,0.011204944444444434,0.034026166666666656,1.2379795610006632,1.5364648313591491,0.9365127880908917,1.4970149556457115,1.301993034024104,BUY
2021-02-26,0.1448017602399052,0.19863968876918636,0.006720666666666657,0.0338112222222222,1.2860183545067925,2.069383573376905,0.5406521484980258,1.4796487055628906,1.3439256954861536,BUY
2021-03-31,0.15330620696995934,0.14394688373310904,0.0067641111111111,0.031336666666666645,1.3777142419609434,1.5012986385953735,0.5432969737516135,1.3654579125681923,1.1969419417190306,BUY
2021-04-30,0.1776246334448508,0.1984279759189731,0.006941666666666656,0.039558999999999976,1.649400672752485,2.0391211946795473,0.5577207293912161,1.711746487345124,1.4894972710420933,BUY
2021-05-31,0.15270733360234012,0.19250620821312658,0.004574333333333318,0.025214333333333314,1.3544466334594643,1.9622626253028335,0.3483484648614552,1.0871106183812198,1.1880420855012432,BUY
2021-06-30,0.14693921578003333,0.1772886053466287,0.002604055555555549,0.01799783333333332,1.2821628729931531,1.7951796049625361,0.17420295722455545,0.7746356903720829,1.0065452813880817,BUY
2021-07-30,0.14441790784400643,0.1655042441913428,-0.00017094444444445273,0.0041734999999999915,1.2477126413287938,1.665900624376662,-0.07084875036746802,0.18111403857602146,0.7559696384785023,BUY
2021-08-31,0.15203888119761433,0.13601766135743665,-0.00027933333333334263,0.005689777777777756,1.3290620877287078,1.3646860144990938,-0.08030760924048658,0.2457854317393683,0.7148064811816709,BUY
2021-09-30,0.07567038885258714,0.15833180290628812,-0.0004973611111111191,0.007141972222222214,0.45494169530222645,1.5777543666302283,-0.09946878513291843,0.30768764838742946,0.5602287312967414,BUY
2021-10-29,0.11895090506871697,0.1533961568452038,0.0045614444444444366,0.02067388888888887,0.9465747310138418,1.520095858794326,0.3490787841142134,0.8887956887400988,0.92613626566562,BUY
2021-11-30,0.08878535587272407,0.048135860629449745,0.00016466666666665788,0.0035394444444444375,0.6002185727035977,0.48051666398082965,-0.041823804282725904,0.14944388882326082,0.29708883030624056,BUY
2021-12-31,0.11391661521742114,0.06453288868692142,0.00016719444444443236,0.009906305555555535,0.8852240301979375,0.6403751781953195,-0.04153121997459913,0.42340235308667334,0.4768675853763328,BUY
2022-01-31,0.03912426569729344,0.12979089894825369,-0.006188138888888905,0.004946527777777766,0.030055230799340308,1.279641230801809,-0.6074124396805815,0.2087044758199512,0.22774712443512976,BUY
2022-02-28,-0.0042102706927823474,0.16996351275096155,-0.008694361111111123,0.01946974999999999,-0.4647820712317341,1.6681054907195831,-0.8294835078708223,0.8356427313097013,0.30237066073168206,BUY
2022-03-31,0.02061700063379157,0.22784274396836457,-0.004262777777777785,0.03410866666666665,-0.18000786719509326,2.223796699013477,-0.43199432693458006,1.465960449886789,0.7694387386926482,BUY
2022-04-29,-0.06829184696456869,0.23806275139557642,-0.002171083333333336,0.03172324999999998,-1.1978000853247472,2.3015587489977145,-0.244376989866661,1.3556929917209604,0.5537686663818167,BUY
2022-05-31,-0.06698062226129331,0.21845461076525918,0.0033698888888888836,0.028958444444444426,-1.178025120116454,2.088824988532532,0.2516160764943048,1.2304645055753705,0.5982201126214384,BUY
2022-06-30,-0.13696322107255088,0.06727321178267687,-0.007598861111111084,-0.016343527777777766,-1.9737419114294985,0.6197840973941856,-0.7313171187364667,-0.7243281292234492,-0.7024007654988071,SELL
2022-07-29,-0.05356185014521153,0.08969059601049656,-0.005947333333333323,-0.014140777777777789,-1.0088144717733425,0.8337445196490131,-0.5814950005902653,-0.6276953622035973,-0.346065078729548,SELL
2022-08-31,-0.08379704927052223,0.06761275985356896,-0.0007885277777777514,-0.006892194444444429,-1.3496522372414177,0.6192539134304307,-0.11734276468882665,-0.31378241163096743,-0.2903808750326953,SELL
2022-09-30,-0.1576267506518847,-0.029112874818194356,0.0041519999999999795,0.005278666666666651,-2.1827250181488567,-0.3127359057441246,0.32687383624750976,0.21227047687101758,-0.48907915269361346,SELL
2022-10-31,-0.0771007418150963,-0.01998477207976379,0.006221749999999977,0.01291463888888888,-1.2527723237864405,-0.2242325158131406,0.5125873847365096,0.5421243195744733,-0.10557328382214959,SELL
2022-11-30,-0.017995312337665603,-0.011076583971959097,0.004921277777777767,0.007096499999999993,-0.580406512209048,-0.13789104318149836,0.3943936189122918,0.28915307497978227,-0.008687715374618085,SELL
2022-12-30,-0.058404892027403066,-0.0479688758687693,0.010486277777777761,0.01193694444444443,-1.0358101546870726,-0.49423851138767816,0.8957906687738322,0.4985143469016297,-0.03393591259982222,SELL
2023-01-31,0.008790769619723804,-0.059057155914426396,0.010638944444444442,-0.003969722222222236,-0.27313141576866534,-0.6005586732741914,0.9070581329947311,-0.1928739446487621,-0.039876475174221916,SELL
2023-02-28,-0.009301896146155175,-0.10124289188726421,0.0071616944444444185,-0.00599941666666669,-0.4773999197165004,-1.0079074547198605,0.5905700523723613,-0.2807942410661527,-0.2938828907825381,SELL
2023-03-31,0.034482237777025304,-0.09468485289474049,-0.002643361111111124,-0.01007702777777779,0.019596833961562178,-0.9411618822666198,-0.29675483909320544,-0.45783302744465115,-0.41903822871072854,SELL
2023-04-28,0.048803315839219596,-0.08854393038856068,-0.004198416666666667,-0.009946305555555533,0.18207969519742875,-0.8788616275933101,-0.4369885264482857,-0.45128229681620463,-0.39626318891509293,SELL
2023-05-31,0.05035699140896166,-0.12267746659749057,-0.0038623333333333084,-0.011431111111111086,0.199441604574642,-1.2072307597354168,-0.4057359980596718,-0.5152437394055116,-0.4821922231564895,SELL
2023-06-30,0.10298410206895126,-0.0805257818791224,0.00663222222222221,0.012286222222222231,0.7981460382645243,-0.7943328327602894,0.5471482276109464,0.5219319308771043,0.26822334099807144,BUY
2023-07-31,0.1266569170070455,-0.016663000998318855,0.009847861111111094,0.0259679722222222,1.065712305830456,-0.17342697945859212,0.8381290797236792,1.1193236266884865,0.7124345081960074,BUY
2023-08-31,0.09432287306507536,-0.01695369924108192,0.00991191666666664,0.02770236111111109,0.6939835090932231,-0.17596985231802606,0.8417775844663615,1.1913152785192074,0.6377766299401915,BUY
2023-09-29,0.026422040528596646,-0.022965266228873404,0.007134777777777809,0.013937555555555552,-0.0814116969549622,-0.2341218077478231,0.5871274702708204,0.5855150251908118,0.2142772476897117,BUY
2023-10-31,-0.002541531534870467,-0.018382001077172916,0.006293277777777796,0.005453499999999996,-0.4118646876788354,-0.18912295065689952,0.5093565630876881,0.21325843093887495,0.030406838922707034,BUY
2023-11-30,0.07601029572733586,-0.03398288753528511,0.007204638888888885,0.0015933055555555301,0.48660138138463194,-0.3409165539646605,0.5914162240450648,0.043844297639304246,0.1952363372760851,BUY
2023-12-29,0.1034493660819884,-0.05337545948697697,0.0047188333333333145,-0.008350833333333363,0.7996303932220715,-0.5296518038452238,0.3635299454854352,-0.3924371204406247,0.06026785360541455,BUY
2024-01-31,0.10461257311330141,-0.044077791374151576,0.0013325555555555512,-0.011164222222222226,0.8109331836624505,-0.43773983579993,0.05370672750379316,-0.5153297450548249,-0.022107417422127795,SELL
2024-02-29,0.1374117442253635,-0.0549039915204278,0.0033749166666666767,0.004219249999999997,1.1845697478273527,-0.5428823831506465,0.2403973474360889,0.16207446344958057,0.2610397938905939,BUY
2024-03-29,0.14823956704592778,-0.022841108167135915,0.00448908333333334,0.017300527777777783,1.3041759183826342,-0.22771352258634564,0.3420516188251815,0.737866337946003,0.5390950881418682,BUY
2024-04-30,0.08336597746756924,0.0007794002112633258,0.009142194444444432,0.023368305555555535,0.5569726761612491,0.004379338202502842,0.7681691411107451,1.0035524726647633,0.5832684070348151,BUY
2024-05-31,0.11347801663093127,0.009580863563490416,0.005454527777777742,0.01531830555555552,0.900567416654593,0.09085119729168409,0.42799712708985405,0.6458433211717143,0.5163147655519613,BUY
2024-06-28,0.1319784300362521,-0.00963027661425886,0.0017313888888888602,0.008086611111111081,1.1099414972225146,-0.09833088007364234,0.0852173162942838,0.3255485199519644,0.35559411334878005,BUY
2024-07-31,0.12662848084619727,-0.04568012934780841,-0.0058930000000000276,-0.012030888888888897,1.044966489047726,-0.45345652651309326,-0.6163663413811775,-0.5634092061544087,-0.14706639625023837,SELL
2024-08-30,0.13043117151347072,-0.041404064761165316,-0.005151222222222262,-0.015278777777777808,1.0852018875312948,-0.41044280209708967,-0.5468098629141094,-0.7058971572848558,-0.14448698369119,SELL
2024-09-30,0.12558403608652835,0.00478590597754236,-0.0017887500000000392,-0.008962527777777807,1.0261977160846216,0.04660310426517552,-0.2358125847624314,-0.42492218229322454,0.10301651332353531,BUY
2024-10-31,0.08768105339463639,-0.012320702408075479,0.006998805555555528,0.010669694444444417,0.5893891552420478,-0.12272267714493942,0.5757238913360664,0.4453712101203254,0.37194039488837505,BUY
2024-11-29,0.12385766422054445,-0.008809457060009351,0.006453194444444434,0.014937638888888877,1.0025187385995742,-0.08774489230969865,0.5241937441951777,0.6338547536313339,0.5182055860290968,BUY
2024-12-31,0.07717903092658585,-0.0026493724466276625,0.008831222222222207,0.016320888888888874,0.4649459857204446,-0.02648388695010947,0.743186191956804,0.6939584251696803,0.46890167897420487,BUY
2025-01-31,0.08646745747403184,0.029776592295305493,0.0034213055555555537,0.014847527777777767,0.5706083166043684,0.29581460886315775,0.24078418141854463,0.6270281205502952,0.43355880685909154,BUY
2025-02-28,0.05739193230702755,0.02916627332416666,-0.00039633333333335963,0.0019756666666666534,0.2357803045341153,0.28926587791060193,-0.11342054734424654,0.05353413081791954,0.11628994147959755,BUY
2025-03-31,-0.008699722668739085,0.05961442577151699,-0.006337027777777793,-0.007996916666666668,-0.5242070203205375,0.5922299033685042,-0.6646549714857036,-0.39052594403981616,-0.24678950811938827,SELL
2025-04-30,-0.023921893560609142,0.005722582189717995,-0.008540500000000012,-0.02244527777777777,-0.6983686873952285,0.05349011517541013,-0.8679655655829869,-1.0339138171642306,-0.6366894887417589,SELL
2025-05-30,0.0266209845768679,-0.0011493271116825854,0.0008525000000000083,-0.0016180555555555369,-0.1148725200227422,-0.015235631697720239,0.007061199629596606,-0.10257143972693812,-0.05640459795445099,SELL
2025-06-30,0.06606293172245703,0.018296300116281694,0.003196611111111094,0.006139055555555548,0.3401092433055077,0.17932500560752115,0.22519158098879186,0.24380676377742358,0.24710814841981107,BUY
2025-07-31,0.07656656002329965,0.0059867142152794095,0.008889972222222185,0.01967152777777774,0.46083325355434596,0.0557332644821456,0.7553933045380206,0.8482604745394203,0.5300550742784831,BUY
2025-08-29,0.0846312730878862,0.016282252068403613,0.0013482222222221923,0.007946777777777749,0.5532458204728786,0.1589473312218844,0.05049735407626699,0.32195371145617185,0.2711610543068005,BUY
2025-09-30,0.10858223360034458,0.030844404553186378,0.0028344999999999876,0.008396499999999989,0.8293390879982838,0.30502119807290423,0.1892070639843187,0.341584992755509,0.41628808570275394,BUY
2025-10-31,0.11623732404613318,0.049252581763588044,-0.0023099166666666663,0.006424083333333335,0.9159371208840054,0.4897354876021541,-0.2920868209579124,0.2526331477519618,0.3415547338200522,BUY
2025-11-28,0.10541089829796557,0.0689785207277327,-0.001124055555555552,0.007892722222222226,0.7881530219865783,0.6875329942077649,-0.180616200202791,0.3181746698355147,0.40331112145676673,BUY
2025-12-31,0.09069211269715072,0.05270035780199733,-0.0001604444444444561,0.005938777777777768,0.6157956240230128,0.5220085628586896,-0.09001454425101826,0.22987009048180526,0.3194149332781223,BUY
