fold_label,window_type,rolling_train_months,test_month,train_start_date,train_end_date,observations_in_fold,ann_return,ann_vol,sharpe,max_drawdown,calmar,avg_turnover,buy_count,hold_count,sell_count,ending_equity_net
2006-02,rolling,36,2006-02,2003-02-28,2006-01-31,1,0.024594562688423638,,,0.0,,0.0,0,1,0,1.0020267999999999
2006-03,rolling,36,2006-03,2003-03-31,2006-02-28,1,-0.18805794959478017,,,0.0,,0.0,0,1,0,0.9827893
2006-04,rolling,36,2006-04,2003-04-30,2006-03-31,1,-0.09801603444556295,,,0.0,,0.0,0,1,0,0.9914403
2006-05,rolling,36,2006-05,2003-05-30,2006-04-28,1,-0.03643133451569158,,,0.0,,0.0,0,1,0,0.99691215
2006-06,rolling,36,2006-06,2003-06-30,2006-05-31,1,0.025634337476778235,,,0.0,,0.0,0,1,0,1.0021115
2006-07,rolling,36,2006-07,2003-07-31,2006-06-30,1,0.2089761808111985,,,0.0,,0.0,0,1,0,1.0159402
2006-08,rolling,36,2006-08,2003-08-29,2006-07-31,1,0.3137083010009507,,,0.0,,0.0,0,1,0,1.0229983
2006-09,rolling,36,2006-09,2003-09-30,2006-08-31,1,0.1624904756340717,,,0.0,,0.0,0,1,0,1.0126260999999999
2006-10,rolling,36,2006-10,2003-10-31,2006-09-29,1,0.10333298520682987,,,0.0,,0.0,0,1,0,1.0082283
2006-11,rolling,36,2006-11,2003-11-28,2006-10-31,1,0.20141308498515365,,,0.0,,0.0,0,1,0,1.01540905
2006-12,rolling,36,2006-12,2003-12-31,2006-11-30,1,-0.14297503643523823,,,0.0,,0.0,0,1,0,0.98722495
2007-01,rolling,36,2007-01,2004-01-30,2006-12-29,1,0.06563526609061054,,,0.0,,0.6000000000000001,1,0,0,1.00531165
2007-02,rolling,36,2007-02,2004-02-27,2007-01-31,1,0.0615795712188012,,,0.0,,0.0,0,1,0,1.00499225
2007-03,rolling,36,2007-03,2004-03-31,2007-02-28,1,0.02755561153511943,,,0.0,,0.0,0,1,0,1.0022678
2007-04,rolling,36,2007-04,2004-04-30,2007-03-30,1,0.2937994085529818,,,0.0,,0.0,0,1,0,1.0216973
2007-05,rolling,36,2007-05,2004-05-31,2007-04-30,1,0.10131236415880696,,,0.0,,0.0,0,1,0,1.0080743
2007-06,rolling,36,2007-06,2004-06-30,2007-05-31,1,-0.1346117694413388,,,0.0,,0.0,0,1,0,0.9880242
2007-07,rolling,36,2007-07,2004-07-30,2007-06-29,1,-0.10618894199153761,,,0.0,,0.0,0,1,0,0.99068855
2007-08,rolling,36,2007-08,2004-08-31,2007-07-31,1,0.03437168014631298,,,0.0,,0.0,0,1,0,1.00282015
2007-09,rolling,36,2007-09,2004-09-30,2007-08-31,1,0.046906823628447336,,,0.0,,0.6000000000000001,0,0,1,1.0038273
2007-10,rolling,36,2007-10,2004-10-29,2007-09-28,1,0.16950592145072219,,,0.0,,0.0,0,1,0,1.01313395
2007-11,rolling,36,2007-11,2004-11-30,2007-10-31,1,0.41439597962499164,,,0.0,,0.0,0,1,0,1.0293133
2007-12,rolling,36,2007-12,2004-12-31,2007-11-30,1,-0.026684171709513982,,,0.0,,0.0,0,1,0,0.99774865
2008-01,rolling,36,2008-01,2005-01-31,2007-12-31,1,0.33635943808513247,,,0.0,,0.0,0,0,1,1.0244567
2008-02,rolling,36,2008-02,2005-02-28,2008-01-31,1,0.05813944293140261,,,0.0,,0.0,0,0,1,1.00472045
2008-03,rolling,36,2008-03,2005-03-31,2008-02-29,1,0.025360489547039178,,,0.0,,0.0,0,1,0,1.0020892
2008-04,rolling,36,2008-04,2005-04-29,2008-03-31,1,-0.10246890142011311,,,0.0,,0.0,0,0,1,0.9910315000000001
2008-05,rolling,36,2008-05,2005-05-31,2008-04-30,1,-0.19425172658848056,,,0.0,,0.0,0,1,0,0.98216235
2008-06,rolling,36,2008-06,2005-06-30,2008-05-30,1,0.0012637313756873603,,,0.0,,0.0,0,1,0,1.00010525
2008-07,rolling,36,2008-07,2005-07-29,2008-06-30,1,0.000327649193615942,,,0.0,,0.0,0,1,0,1.0000273
2008-08,rolling,36,2008-08,2005-08-31,2008-07-31,1,0.15345275555319637,,,0.0,,0.0,0,0,1,1.0119677
2008-09,rolling,36,2008-09,2005-09-30,2008-08-29,1,-0.3098481502521041,,,0.0,,0.0,0,0,1,0.969569
2008-10,rolling,36,2008-10,2005-10-31,2008-09-30,1,-0.3535970859392997,,,0.0,,0.0,0,0,1,0.9642921
2008-11,rolling,36,2008-11,2005-11-30,2008-10-31,1,1.133045920659856,,,0.0,,0.0,0,0,1,1.0651645
2008-12,rolling,36,2008-12,2005-12-30,2008-11-28,1,1.0522553865624076,,,0.0,,0.0,0,0,1,1.0617427
2009-01,rolling,36,2009-01,2006-01-31,2008-12-31,1,-0.33669801944710553,,,0.0,,0.0,0,0,1,0.96636815
2009-02,rolling,36,2009-02,2006-02-28,2009-01-30,1,-0.21319225931444108,,,0.0,,0.0,0,0,1,0.98021735
2009-03,rolling,36,2009-03,2006-03-31,2009-02-27,1,0.3014858224203365,,,0.0,,0.0,0,0,1,1.02220175
2009-04,rolling,36,2009-04,2006-04-28,2009-03-31,1,-0.05922118372238705,,,0.0,,0.0,0,1,0,0.99492565
2009-05,rolling,36,2009-05,2006-05-31,2009-04-30,1,0.9731910856743393,,,0.0,,0.6000000000000001,1,0,0,1.0582723
2009-06,rolling,36,2009-06,2006-06-30,2009-05-29,1,0.11998744614523882,,,0.0,,0.0,1,0,0,1.00948785
2009-07,rolling,36,2009-07,2006-07-31,2009-06-30,1,0.8776028384211338,,,0.0,,0.0,1,0,0,1.0539022
2009-08,rolling,36,2009-08,2006-08-31,2009-07-31,1,0.2798987584265613,,,0.0,,0.0,1,0,0,1.020778
2009-09,rolling,36,2009-09,2006-09-29,2009-08-31,1,0.33913117022675987,,,0.0,,0.0,1,0,0,1.0246336
2009-10,rolling,36,2009-10,2006-10-31,2009-09-30,1,0.0016716794518161215,,,0.0,,0.0,1,0,0,1.0001392
2009-11,rolling,36,2009-11,2006-11-30,2009-10-30,1,0.5051803386670428,,,0.0,,0.0,1,0,0,1.0346633
2009-12,rolling,36,2009-12,2006-12-29,2009-11-30,1,0.08175736453493276,,,0.0,,0.0,1,0,0,1.0065704
2010-01,rolling,36,2010-01,2007-01-31,2009-12-31,1,-0.19966476745956352,,,0.0,,0.0,1,0,0,0.9816108
2010-02,rolling,36,2010-02,2007-02-28,2010-01-29,1,0.24717723513764644,,,0.0,,0.0,0,1,0,1.01857735
2010-03,rolling,36,2010-03,2007-03-30,2010-02-26,1,0.31353263670008213,,,0.0,,0.0,0,1,0,1.0229869
2010-04,rolling,36,2010-04,2007-04-30,2010-03-31,1,0.22429341147115145,,,0.0,,0.0,0,1,0,1.01700665
2010-05,rolling,36,2010-05,2007-05-31,2010-04-30,1,-0.4293823038941046,,,0.0,,0.0,0,1,0,0.9543231000000001
2010-06,rolling,36,2010-06,2007-06-29,2010-05-31,1,0.3361152642357135,,,0.0,,0.6000000000000001,0,0,1,1.0244411
2010-07,rolling,36,2010-07,2007-07-31,2010-06-30,1,0.16884811454797677,,,0.0,,0.0,0,0,1,1.01308645
2010-08,rolling,36,2010-08,2007-08-31,2010-07-30,1,0.39768773768466215,,,0.0,,0.0,0,1,0,1.0282945
2010-09,rolling,36,2010-09,2007-09-28,2010-08-31,1,0.07375343201734141,,,0.0,,0.0,0,1,0,1.00594765
2010-10,rolling,36,2010-10,2007-10-31,2010-09-30,1,0.3099985081600496,,,0.0,,0.6000000000000001,1,0,0,1.02275725
2010-11,rolling,36,2010-11,2007-11-30,2010-10-29,1,-0.05966758806999439,,,0.0,,0.0,1,0,0,0.9948863
2010-12,rolling,36,2010-12,2007-12-31,2010-11-30,1,0.5643298306600455,,,0.0,,0.0,1,0,0,1.03799205
2011-01,rolling,36,2011-01,2008-01-31,2010-12-31,1,0.14604354181793266,,,0.0,,0.0,1,0,0,1.0114244
2011-02,rolling,36,2011-02,2008-02-29,2011-01-31,1,0.24333966016022224,,,0.0,,0.0,1,0,0,1.0183157999999999
2011-03,rolling,36,2011-03,2008-03-31,2011-02-28,1,0.025462407177942348,,,0.0,,0.0,1,0,0,1.0020975
2011-04,rolling,36,2011-04,2008-04-30,2011-03-31,1,0.3343282499887861,,,0.0,,0.0,0,1,0,1.02432685
2011-05,rolling,36,2011-05,2008-05-30,2011-04-29,1,-0.07541288376433353,,,0.0,,0.0,0,1,0,0.9934873
2011-06,rolling,36,2011-06,2008-06-30,2011-05-31,1,-0.20417813257841166,,,0.0,,0.0,0,1,0,0.9811483
2011-07,rolling,36,2011-07,2008-07-31,2011-06-30,1,0.3910052329528455,,,0.0,,0.6000000000000001,0,0,1,1.0278839
2011-08,rolling,36,2011-08,2008-08-29,2011-07-29,1,0.3930665804763518,,,0.0,,0.0,0,0,1,1.02801075
2011-09,rolling,36,2011-09,2008-09-30,2011-08-31,1,0.18351402765759883,,,0.0,,0.0,0,0,1,1.0141397
2011-10,rolling,36,2011-10,2008-10-31,2011-09-30,1,0.03059851724655749,,,0.0,,0.0,0,0,1,1.0025148
2011-11,rolling,36,2011-11,2008-11-28,2011-10-31,1,-0.044060926371022435,,,0.0,,0.0,0,0,1,0.99625195
2011-12,rolling,36,2011-12,2008-12-31,2011-11-30,1,0.24943377068576345,,,0.0,,0.0,0,0,1,1.0187308
2012-01,rolling,36,2012-01,2009-01-30,2011-12-30,1,0.19402467401029,,,0.0,,0.0,0,1,0,1.0148872
2012-02,rolling,36,2012-02,2009-02-27,2012-01-31,1,-0.03511987092799973,,,0.0,,0.0,0,1,0,0.99702515
2012-03,rolling,36,2012-03,2009-03-31,2012-02-29,1,0.02351775242661347,,,0.0,,0.6000000000000001,1,0,0,1.001939
2012-04,rolling,36,2012-04,2009-04-30,2012-03-30,1,0.03232567114745866,,,0.0,,0.0,1,0,0,1.0026547
2012-05,rolling,36,2012-05,2009-05-29,2012-04-30,1,-0.35122614125287166,,,0.0,,0.0,0,1,0,0.96458635
2012-06,rolling,36,2012-06,2009-06-30,2012-05-31,1,-0.005484564623879917,,,0.0,,0.6000000000000001,0,0,1,0.9995417999999999
2012-07,rolling,36,2012-07,2009-07-31,2012-06-29,1,0.27661429046230257,,,0.0,,0.0,0,1,0,1.02055945
2012-08,rolling,36,2012-08,2009-08-31,2012-07-31,1,-0.01916810928139734,,,0.0,,0.0,0,1,0,0.99838845
2012-09,rolling,36,2012-09,2009-09-30,2012-08-31,1,0.20094533855282037,,,0.0,,0.6000000000000001,1,0,0,1.0153761
2012-10,rolling,36,2012-10,2009-10-30,2012-09-28,1,-0.09120037222758359,,,0.0,,0.0,1,0,0,0.99206245
2012-11,rolling,36,2012-11,2009-11-30,2012-10-31,1,0.005586453031101168,,,0.0,,0.0,0,1,0,1.00046435
2012-12,rolling,36,2012-12,2009-12-31,2012-11-30,1,-0.016083210387328406,,,0.0,,0.0,0,1,0,0.99864975
2013-01,rolling,36,2013-01,2010-01-29,2012-12-31,1,0.2643857553338864,,,0.0,,0.0,0,1,0,1.0197412
2013-02,rolling,36,2013-02,2010-02-26,2013-01-31,1,0.021383760551706432,,,0.0,,0.0,0,1,0,1.00176475
2013-03,rolling,36,2013-03,2010-03-31,2013-02-28,1,0.2025487209104564,,,0.0,,0.0,0,1,0,1.015489
2013-04,rolling,36,2013-04,2010-04-30,2013-03-29,1,0.14408300721178313,,,0.0,,0.0,0,1,0,1.0112801
2013-05,rolling,36,2013-05,2010-05-31,2013-04-30,1,-0.06493992409465943,,,0.0,,0.0,0,1,0,0.99442025
2013-06,rolling,36,2013-06,2010-06-30,2013-05-31,1,-0.2665046534163332,,,0.0,,0.0,0,1,0,0.97450285
2013-07,rolling,36,2013-07,2010-07-30,2013-06-28,1,0.35393218608677857,,,0.0,,0.0,0,1,0,1.0255726
2013-08,rolling,36,2013-08,2010-08-31,2013-07-31,1,-0.11974390725675599,,,0.0,,0.0,0,1,0,0.98942775
2013-09,rolling,36,2013-09,2010-09-30,2013-08-30,1,0.14233159386968786,,,0.0,,0.0,0,1,0,1.011151
2013-10,rolling,36,2013-10,2010-10-29,2013-09-30,1,0.30266352808570396,,,0.0,,0.0,0,1,0,1.0222788
2013-11,rolling,36,2013-11,2010-11-30,2013-10-31,1,0.11472333318805128,,,0.0,,0.0,0,1,0,1.0090915999999999
2013-12,rolling,36,2013-12,2010-12-31,2013-11-29,1,0.13448330093960048,,,0.0,,0.0,0,1,0,1.01057025
2014-01,rolling,36,2014-01,2011-01-31,2013-12-31,1,-0.06578584921251629,,,0.0,,0.0,1,0,0,0.99434525
2014-02,rolling,36,2014-02,2011-02-28,2014-01-31,1,0.4469236536972725,,,0.0,,0.0,0,1,0,1.03126545
2014-03,rolling,36,2014-03,2011-03-31,2014-02-28,1,0.04513170277101253,,,0.0,,0.0,1,0,0,1.00368535
2014-04,rolling,36,2014-04,2011-04-29,2014-03-31,1,0.14747342275766195,,,0.0,,0.0,0,1,0,1.0115295
2014-05,rolling,36,2014-05,2011-05-31,2014-04-30,1,0.13017592427416091,,,0.0,,0.0,1,0,0,1.01024995
2014-06,rolling,36,2014-06,2011-06-30,2014-05-30,1,0.11205911665918511,,,0.0,,0.0,0,1,0,1.0088904
2014-07,rolling,36,2014-07,2011-07-29,2014-06-30,1,-0.15347827730640018,,,0.0,,0.0,0,1,0,0.9862110000000001
2014-08,rolling,36,2014-08,2011-08-31,2014-07-31,1,0.2680761870169992,,,0.0,,0.0,0,1,0,1.0199889
2014-09,rolling,36,2014-09,2011-09-30,2014-08-29,1,-0.23448479853612603,,,0.0,,0.0,0,1,0,0.9779789
2014-10,rolling,36,2014-10,2011-10-31,2014-09-30,1,0.17880603433973152,,,0.0,,0.6000000000000001,0,0,1,1.0138029
2014-11,rolling,36,2014-11,2011-11-30,2014-10-31,1,0.17422435104065181,,,0.0,,0.0,0,1,0,1.01347395
2014-12,rolling,36,2014-12,2011-12-30,2014-11-28,1,0.008611402454243189,,,0.0,,0.0,0,1,0,1.0007148000000001
2015-01,rolling,36,2015-01,2012-01-31,2014-12-31,1,0.5499957277278231,,,0.0,,0.0,0,1,0,1.0371961
2015-02,rolling,36,2015-02,2012-02-29,2015-01-30,1,-0.19522875032003573,,,0.0,,0.0,0,0,1,0.98206305
2015-03,rolling,36,2015-03,2012-03-30,2015-02-27,1,0.05928944294777616,,,0.0,,0.0,0,1,0,1.0048114
2015-04,rolling,36,2015-04,2012-04-30,2015-03-31,1,-0.07641023127850377,,,0.0,,0.0,0,1,0,0.9933979500000001
2015-05,rolling,36,2015-05,2012-05-31,2015-04-30,1,-0.061878590783668974,,,0.0,,0.0,0,1,0,0.99469115
2015-06,rolling,36,2015-06,2012-06-29,2015-05-29,1,-0.19826258232104144,,,0.0,,0.0,0,1,0,0.981754
2015-07,rolling,36,2015-07,2012-07-31,2015-06-30,1,0.17221827852066673,,,0.0,,0.0,0,1,0,1.01332955
2015-08,rolling,36,2015-08,2012-08-31,2015-07-31,1,-0.07003864424853756,,,0.0,,0.0,0,1,0,0.99396725
2015-09,rolling,36,2015-09,2012-09-28,2015-08-31,1,0.14911551378877363,,,0.0,,0.0,0,0,1,1.01165005
2015-10,rolling,36,2015-10,2012-10-31,2015-09-30,1,0.015323783029594473,,,0.0,,0.0,0,0,1,1.0012680999999999
2015-11,rolling,36,2015-11,2012-11-30,2015-10-30,1,-0.034632007335736015,,,0.0,,0.0,0,1,0,0.99706715
2015-12,rolling,36,2015-12,2012-12-31,2015-11-30,1,-0.06669471787042613,,,0.0,,0.0,0,1,0,0.9942645999999999
2016-01,rolling,36,2016-01,2013-01-31,2015-12-31,1,0.2328662423266692,,,0.0,,0.0,0,1,0,1.0175982
2016-02,rolling,36,2016-02,2013-02-28,2016-01-29,1,0.16885088355008837,,,0.0,,0.0,0,0,1,1.01308665
2016-03,rolling,36,2016-03,2013-03-29,2016-02-29,1,0.15565200435836135,,,0.0,,0.0,0,0,1,1.01212835
2016-04,rolling,36,2016-04,2013-04-30,2016-03-31,1,0.030659582893089787,,,0.0,,0.0,0,1,0,1.00251975
2016-05,rolling,36,2016-05,2013-05-31,2016-04-29,1,0.06727540151393407,,,0.0,,0.6000000000000001,1,0,0,1.0054405
2016-06,rolling,36,2016-06,2013-06-28,2016-05-31,1,0.21906488781615918,,,0.0,,0.0,1,0,0,1.016644
2016-07,rolling,36,2016-07,2013-07-31,2016-06-30,1,0.16915412566269605,,,0.0,,0.0,1,0,0,1.01310855
2016-08,rolling,36,2016-08,2013-08-30,2016-07-29,1,-0.02683517023662152,,,0.0,,0.0,0,1,0,0.99773575
2016-09,rolling,36,2016-09,2013-09-30,2016-08-31,1,0.03723265888706595,,,0.0,,0.0,0,1,0,1.003051
2016-10,rolling,36,2016-10,2013-10-31,2016-09-30,1,-0.1367545331693606,,,0.0,,0.0,0,1,0,0.9878201
2016-11,rolling,36,2016-11,2013-11-29,2016-10-31,1,0.04361824995744712,,,0.0,,0.0,0,1,0,1.00356415
2016-12,rolling,36,2016-12,2013-12-31,2016-11-30,1,0.16673642657016696,,,0.0,,0.0,0,1,0,1.0129338
2017-01,rolling,36,2017-01,2014-01-31,2016-12-30,1,0.10938951985198986,,,0.0,,0.0,0,1,0,1.00868835
2017-02,rolling,36,2017-02,2014-02-28,2017-01-31,1,0.27281650289880544,,,0.0,,0.0,0,1,0,1.0203061
2017-03,rolling,36,2017-03,2014-03-31,2017-02-28,1,-0.06152429046648644,,,0.0,,0.0,0,1,0,0.99472245
2017-04,rolling,36,2017-04,2014-04-30,2017-03-31,1,0.07575267760398052,,,0.0,,0.0,0,1,0,1.0061036
2017-05,rolling,36,2017-05,2014-05-30,2017-04-28,1,0.09643884080694165,,,0.0,,0.0,0,1,0,1.0077018
2017-06,rolling,36,2017-06,2014-06-30,2017-05-31,1,0.0353970071222105,,,0.0,,0.0,0,1,0,1.00290295
2017-07,rolling,36,2017-07,2014-07-31,2017-06-30,1,0.18513252098403687,,,0.0,,0.0,0,1,0,1.0142552
2017-08,rolling,36,2017-08,2014-08-29,2017-07-31,1,0.05134196165702698,,,0.0,,0.0,0,1,0,1.004181
2017-09,rolling,36,2017-09,2014-09-30,2017-08-31,1,0.08222559505602622,,,0.0,,0.0,0,1,0,1.0066066999999999
2017-10,rolling,36,2017-10,2014-10-31,2017-09-29,1,0.17806045846426355,,,0.0,,0.0,0,1,0,1.01374945
2017-11,rolling,36,2017-11,2014-11-28,2017-10-31,1,0.12309677702813393,,,0.0,,0.0,0,1,0,1.0097211
2017-12,rolling,36,2017-12,2014-12-31,2017-11-30,1,0.15838776142229638,,,0.0,,0.0,0,1,0,1.0123278
2018-01,rolling,36,2018-01,2015-01-30,2017-12-29,1,0.2823036982308491,,,0.0,,0.0,0,1,0,1.0209377
2018-02,rolling,36,2018-02,2015-02-27,2018-01-31,1,-0.26762747558761213,,,0.0,,0.0,1,0,0,0.97437845
2018-03,rolling,36,2018-03,2015-03-31,2018-02-28,1,-0.12187246251904227,,,0.0,,0.0,0,1,0,0.98922815
2018-04,rolling,36,2018-04,2015-04-30,2018-03-30,1,0.006385210792229978,,,0.0,,0.0,0,1,0,1.00053055
2018-05,rolling,36,2018-05,2015-05-29,2018-04-30,1,0.11703807044917647,,,0.0,,0.6000000000000001,0,0,1,1.00926605
2018-06,rolling,36,2018-06,2015-06-30,2018-05-31,1,-0.005233802873466753,,,0.0,,0.0,0,1,0,0.9995628
2018-07,rolling,36,2018-07,2015-07-31,2018-06-29,1,0.012677269053840368,,,0.0,,0.0,0,1,0,1.00105035
2018-08,rolling,36,2018-08,2015-08-31,2018-07-31,1,0.12387384259277412,,,0.0,,0.0,0,1,0,1.0097793
2018-09,rolling,36,2018-09,2015-09-30,2018-08-31,1,-0.11206244095022211,,,0.0,,0.0,0,1,0,0.9901444
2018-10,rolling,36,2018-10,2015-10-30,2018-09-28,1,-0.12691736241256601,,,0.0,,0.0,0,1,0,0.9887533000000001
2018-11,rolling,36,2018-11,2015-11-30,2018-10-31,1,0.12424853212856335,,,0.0,,0.0,0,0,1,1.00980735
2018-12,rolling,36,2018-12,2015-12-31,2018-11-30,1,0.23198622160239157,,,0.0,,0.0,0,1,0,1.01753765
2019-01,rolling,36,2019-01,2016-01-29,2018-12-31,1,0.21415284779352795,,,0.0,,0.0,0,0,1,1.016302
2019-02,rolling,36,2019-02,2016-02-29,2019-01-31,1,-0.009570361927779492,,,0.0,,0.0,0,1,0,0.99919895
2019-03,rolling,36,2019-03,2016-03-31,2019-02-28,1,0.3737058998673448,,,0.0,,0.0,0,1,0,1.0268125
2019-04,rolling,36,2019-04,2016-04-29,2019-03-29,1,0.22709450477672832,,,0.0,,0.6000000000000001,1,0,0,1.01720035
2019-05,rolling,36,2019-05,2016-05-31,2019-04-30,1,-0.2640604168398193,,,0.0,,0.0,1,0,0,0.97477305
2019-06,rolling,36,2019-06,2016-06-30,2019-05-31,1,0.6449259404777927,,,0.0,,0.0,0,1,0,1.0423467
2019-07,rolling,36,2019-07,2016-07-29,2019-06-28,1,0.08034541431715425,,,0.0,,0.0,0,1,0,1.00646085
2019-08,rolling,36,2019-08,2016-08-31,2019-07-31,1,0.03870096692912672,,,0.0,,0.0,0,1,0,1.00316925
2019-09,rolling,36,2019-09,2016-09-30,2019-08-30,1,0.0675900727200538,,,0.0,,0.0,0,1,0,1.0054652
2019-10,rolling,36,2019-10,2016-10-31,2019-09-30,1,0.17757735540122987,,,0.0,,0.0,0,1,0,1.0137148
2019-11,rolling,36,2019-11,2016-11-30,2019-10-31,1,0.13623919562101694,,,0.0,,0.0,0,1,0,1.0107005
2019-12,rolling,36,2019-12,2016-12-30,2019-11-29,1,0.27161494659686847,,,0.0,,0.0,0,1,0,1.0202258
2020-01,rolling,36,2020-01,2017-01-31,2019-12-31,1,-0.015297286751870476,,,0.0,,0.0,1,0,0,0.9987162
2020-02,rolling,36,2020-02,2017-02-28,2020-01-31,1,-0.35064559019368735,,,0.0,,0.0,0,1,0,0.96465825
2020-03,rolling,36,2020-03,2017-03-31,2020-02-28,1,-0.07036249921502902,,,0.0,,0.6000000000000001,0,0,1,0.9939384
2020-04,rolling,36,2020-04,2017-04-28,2020-03-31,1,0.36957688563809654,,,0.0,,0.0,0,0,1,1.02655495
2020-05,rolling,36,2020-05,2017-05-31,2020-04-30,1,0.09206697889771642,,,0.0,,0.0,0,0,1,1.00736635
2020-06,rolling,36,2020-06,2017-06-30,2020-05-29,1,0.09939329890494397,,,0.0,,0.0,0,0,1,1.0079278
2020-07,rolling,36,2020-07,2017-07-31,2020-06-30,1,0.6999326079201913,,,0.0,,0.6000000000000001,1,0,0,1.0452078
2020-08,rolling,36,2020-08,2017-08-31,2020-07-31,1,0.458672855533073,,,0.0,,0.0,1,0,0,1.0319607
2020-09,rolling,36,2020-09,2017-09-29,2020-08-31,1,-0.2345214305387845,,,0.0,,0.0,1,0,0,0.977975
2020-10,rolling,36,2020-10,2017-10-31,2020-09-30,1,-0.11135462635194915,,,0.0,,0.0,1,0,0,0.99021015
2020-11,rolling,36,2020-11,2017-11-30,2020-10-30,1,1.0307589894037665,,,0.0,,0.0,0,1,0,1.06081145
2020-12,rolling,36,2020-12,2017-12-29,2020-11-30,1,0.3334336119399317,,,0.0,,0.0,1,0,0,1.0242696
2021-01,rolling,36,2021-01,2018-01-31,2020-12-31,1,-0.07272569383049488,,,0.0,,0.0,1,0,0,0.9937276
2021-02,rolling,36,2021-02,2018-02-28,2021-01-29,1,0.15938024282551888,,,0.0,,0.0,1,0,0,1.0124000499999999
2021-03,rolling,36,2021-03,2018-03-30,2021-02-26,1,0.07436393316329504,,,0.0,,0.0,1,0,0,1.0059953
2021-04,rolling,36,2021-04,2018-04-30,2021-03-31,1,0.5715064879350111,,,0.0,,0.0,0,1,0,1.03838805
2021-05,rolling,36,2021-05,2018-05-31,2021-04-30,1,0.1235580168342083,,,0.0,,0.0,1,0,0,1.00975565
2021-06,rolling,36,2021-06,2018-06-29,2021-05-31,1,0.25322290532832126,,,0.0,,0.0,0,1,0,1.0189879
2021-07,rolling,36,2021-07,2018-07-31,2021-06-30,1,0.2386686961309803,,,0.0,,0.0,1,0,0,1.01799645
2021-08,rolling,36,2021-08,2018-08-31,2021-07-30,1,0.12413631362723176,,,0.0,,0.0,0,1,0,1.00979895
2021-09,rolling,36,2021-09,2018-09-28,2021-08-31,1,-0.179056285749979,,,0.0,,0.0,0,1,0,0.9836927000000001
2021-10,rolling,36,2021-10,2018-10-31,2021-09-30,1,0.4701540600414573,,,0.0,,0.0,0,1,0,1.03263515
2021-11,rolling,36,2021-11,2018-11-30,2021-10-29,1,-0.15587410173829885,,,0.0,,0.0,0,1,0,0.9859781
2021-12,rolling,36,2021-12,2018-12-31,2021-11-30,1,0.30389883639506676,,,0.0,,0.0,0,1,0,1.02235955
2022-01,rolling,36,2022-01,2019-01-31,2021-12-31,1,-0.24414787241118618,,,0.0,,0.0,0,1,0,0.97694415
2022-02,rolling,36,2022-02,2019-02-28,2022-01-31,1,-0.1375642802560646,,,0.0,,0.0,0,1,0,0.98774285
2022-03,rolling,36,2022-03,2019-03-29,2022-02-28,1,0.20825166548846008,,,0.0,,0.0,0,1,0,1.01588945
2022-04,rolling,36,2022-04,2019-04-30,2022-03-31,1,-0.48436028884071114,,,0.0,,0.0,0,1,0,0.94630005
2022-05,rolling,36,2022-05,2019-05-31,2022-04-29,1,0.11737347171594048,,,0.0,,0.6000000000000001,0,0,1,1.0092913
2022-06,rolling,36,2022-06,2019-06-28,2022-05-31,1,-0.22656343887912167,,,0.0,,0.0,0,1,0,0.97881825
2022-07,rolling,36,2022-07,2019-07-31,2022-06-30,1,0.5282505906291766,,,0.0,,0.0,0,0,1,1.0359756500000001
2022-08,rolling,36,2022-08,2019-08-30,2022-07-29,1,-0.3779549991486961,,,0.0,,0.0,0,0,1,0.9612104499999999
2022-09,rolling,36,2022-09,2019-09-30,2022-08-31,1,-0.48579535859935175,,,0.0,,0.0,0,0,1,0.9460803
2022-10,rolling,36,2022-10,2019-10-31,2022-09-30,1,-0.10145114288791146,,,0.0,,0.0,0,0,1,0.9911251000000001
2022-11,rolling,36,2022-11,2019-11-29,2022-10-31,1,0.7038107570301801,,,0.0,,0.0,0,0,1,1.0454063
2022-12,rolling,36,2022-12,2019-12-31,2022-11-30,1,-0.18025123537598842,,,0.0,,0.0,0,1,0,0.9835733
2023-01,rolling,36,2023-01,2020-01-31,2022-12-30,1,0.5613168405887417,,,0.0,,0.0,0,1,0,1.0378253
2023-02,rolling,36,2023-02,2020-02-28,2023-01-31,1,-0.3257983691199072,,,0.0,,0.6000000000000001,1,0,0,0.9676816
2023-03,rolling,36,2023-03,2020-03-31,2023-02-28,1,0.3548330820264278,,,0.0,,0.0,0,1,0,1.02562945
2023-04,rolling,36,2023-04,2020-04-30,2023-03-31,1,0.09516648920237625,,,0.0,,0.0,0,1,0,1.0076043000000001
2023-05,rolling,36,2023-05,2020-05-29,2023-04-28,1,-0.16232069040003505,,,0.0,,0.0,0,1,0,0.9853484
2023-06,rolling,36,2023-06,2020-06-30,2023-05-31,1,0.478204670667262,,,0.0,,0.0,0,1,0,1.0331052
2023-07,rolling,36,2023-07,2020-07-31,2023-06-30,1,0.30809847884048835,,,0.0,,0.0,0,1,0,1.02263355
2023-08,rolling,36,2023-08,2020-08-31,2023-07-31,1,-0.1392862765958598,,,0.0,,0.0,1,0,0,0.98757835
2023-09,rolling,36,2023-09,2020-09-30,2023-08-31,1,-0.3329513925115306,,,0.0,,0.0,1,0,0,0.9668218500000001
2023-10,rolling,36,2023-10,2020-10-30,2023-09-29,1,-0.19125634271216385,,,0.0,,0.0,0,1,0,0.9824661
2023-11,rolling,36,2023-11,2020-11-30,2023-10-31,1,0.9822123064348691,,,0.0,,0.6000000000000001,0,0,1,1.05867465
2023-12,rolling,36,2023-12,2020-12-31,2023-11-30,1,0.6454714142658362,,,0.0,,0.0,0,1,0,1.0423755
2024-01,rolling,36,2024-01,2021-01-29,2023-12-29,1,0.06758115374178164,,,0.0,,0.6000000000000001,1,0,0,1.0054645
2024-02,rolling,36,2024-02,2021-02-26,2024-01-31,1,0.1416031284865129,,,0.0,,0.0,1,0,0,1.01109725
2024-03,rolling,36,2024-03,2021-03-31,2024-02-29,1,0.3065666279002133,,,0.0,,0.0,0,1,0,1.0225337
2024-04,rolling,36,2024-04,2021-04-30,2024-03-29,1,-0.2599617448117044,,,0.0,,0.0,1,0,0,0.9752243
2024-05,rolling,36,2024-05,2021-05-31,2024-04-30,1,0.41843786738017585,,,0.0,,0.0,0,1,0,1.0295581
2024-06,rolling,36,2024-06,2021-06-30,2024-05-31,1,0.1794236063466843,,,0.0,,0.0,0,1,0,1.01384715
2024-07,rolling,36,2024-07,2021-07-30,2024-06-28,1,0.1066902431227088,,,0.0,,0.0,0,1,0,1.0084836
2024-08,rolling,36,2024-08,2021-08-31,2024-07-31,1,0.2044407881433663,,,0.0,,0.0,0,1,0,1.01562205
2024-09,rolling,36,2024-09,2021-09-30,2024-08-30,1,0.3088846031114778,,,0.0,,0.0,0,1,0,1.02268475
2024-10,rolling,36,2024-10,2021-10-29,2024-09-30,1,-0.19831255912591983,,,0.0,,0.0,0,1,0,0.9817489
2024-11,rolling,36,2024-11,2021-11-30,2024-10-31,1,0.4095729661903842,,,0.0,,0.0,0,1,0,1.02902035
2024-12,rolling,36,2024-12,2021-12-31,2024-11-29,1,-0.19371552554048832,,,0.0,,0.0,0,1,0,0.9822168
2025-01,rolling,36,2025-01,2022-01-31,2024-12-31,1,0.24807234330108674,,,0.0,,0.0,0,1,0,1.01863825
2025-02,rolling,36,2025-02,2022-02-28,2025-01-31,1,0.0512307794055924,,,0.0,,0.0,0,1,0,1.00417215
2025-03,rolling,36,2025-03,2022-03-31,2025-02-28,1,-0.20538957560493964,,,0.0,,0.0,0,1,0,0.98102375
2025-04,rolling,36,2025-04,2022-04-29,2025-03-31,1,-0.12315520205610675,,,0.0,,0.0,0,1,0,0.98910765
2025-05,rolling,36,2025-05,2022-05-31,2025-04-30,1,-0.08131280470694613,,,0.0,,0.6000000000000001,0,0,1,0.99295745
2025-06,rolling,36,2025-06,2022-06-30,2025-05-30,1,0.2685044201392299,,,0.0,,0.0,0,1,0,1.0200176
2025-07,rolling,36,2025-07,2022-07-29,2025-06-30,1,-0.04698091870218546,,,0.0,,0.0,0,1,0,0.995998
2025-08,rolling,36,2025-08,2022-08-31,2025-07-31,1,0.18943169728823128,,,0.0,,0.6000000000000001,1,0,0,1.0145613
2025-09,rolling,36,2025-09,2022-09-30,2025-08-29,1,0.32234305362034665,,,0.0,,0.0,1,0,0,1.02355695
2025-10,rolling,36,2025-10,2022-10-31,2025-09-30,1,0.19029507627087994,,,0.0,,0.0,1,0,0,1.01462265
2025-11,rolling,36,2025-11,2022-11-30,2025-10-31,1,0.09763085878025146,,,0.0,,0.0,1,0,0,1.00779305
2025-12,rolling,36,2025-12,2022-12-30,2025-11-28,1,-0.024696952414101636,,,0.0,,0.0,0,1,0,0.99791825
