Date,spx_trend,bcom_trend,credit_vs_rates,risk_breadth,bcom_accel,yield_mom,spx_trend_z,bcom_trend_z,credit_vs_rates_z,risk_breadth_z,bcom_accel_z,yield_mom_z,composite_score,signal
1996-01-31,,,,,,,,,,,,,0.0,HOLD
1996-02-29,,,,,,,,,,,,,0.0,HOLD
1996-03-29,,,,,,,,,,,,,0.0,HOLD
1996-04-30,,,0.012348611111111123,0.03618016666666665,,-1.0899999999999999,,,,,,,0.0,HOLD
1996-05-31,,,0.009892499999999995,0.027687055555555548,,-0.7540000000000004,,,,,,,0.0,HOLD
1996-06-28,0.027557094592006504,0.027734097797120105,0.006933055555555584,0.013502611111111139,,-0.38400000000000034,,,,,,,0.0,HOLD
1996-07-31,-0.020434716056941693,-0.0028952140623329514,0.002859722222222237,-0.0064281666666666515,,-0.12399999999999967,,,,,,,0.0,HOLD
1996-08-30,-0.004939766391274247,0.024874543079987488,0.0014236111111110943,-0.0021291666666666945,,-0.0909999999999993,,,,,,,0.0,HOLD
1996-09-30,0.03792689464583687,0.016469887885703027,0.0007600000000000089,0.0022278888888888865,,0.008000000000000007,,,,,,,0.0,HOLD
1996-10-31,0.05152487283407914,-0.0006351981453256439,-0.0034361111111111064,0.0004434444444444269,,0.4549999999999992,,,,,,,0.0,HOLD
1996-11-29,0.10455550232602251,0.041760562894967324,-0.00772305555555555,-0.002397500000000019,,0.899,,,,,,,0.0,HOLD
1996-12-31,0.06268351234254999,0.03971966133317051,-0.0017433333333333474,0.00389577777777774,0.0007182500000000001,0.28500000000000014,,,,,,,0.0,HOLD
1997-01-31,0.0897472328687372,0.02698421318415778,0.0021691666666666548,0.019716166666666642,0.007480000000000002,-0.15499999999999936,,,,,,,0.0,HOLD
1997-02-28,0.062140164572943135,0.025043303021218488,0.006394444444444448,0.015266777777777782,-0.00661275,-0.508,,,,,,,0.0,HOLD
1997-03-31,0.0012320563880690028,0.030410827234626403,0.005001666666666647,0.012726333333333313,-0.0019685833333333326,-0.48499999999999943,,,,,,,0.0,HOLD
1997-04-30,0.03773633773633778,0.019304846894763195,0.002071944444444461,0.006574944444444462,0.001936083333333333,-0.2240000000000002,,,-0.1473719695723186,-0.2650102712951278,,-0.11447573704295189,-0.08780966298506639,HOLD
1997-05-30,0.07730407284642049,0.021747041850044058,0.0010613888888888923,0.010274277777777773,0.0016284999999999737,-0.1070000000000002,,,-0.3281297098237464,0.03839864637810518,,0.11520067966736428,-0.02908839729637949,HOLD
1997-06-30,0.09077689643982345,-0.03720525326428614,-0.003485000000000012,2.4333333333344948e-05,-0.019661083333333332,0.4029999999999996,1.2162792851599846,-4.412408928714822,-1.1839923224919806,-0.8082592555801158,,1.1338827673430332,0.059651745738486917,HOLD
1997-07-31,0.13673840924838054,-0.010402106619301632,-0.0048530555555555905,-0.001194833333333347,-0.015416166666666665,0.7069999999999999,2.2812577297731953,-1.3473941325605914,-1.35149758678915,-0.8670978378467924,,1.656054603086776,0.28645281803733813,HOLD
1997-08-29,0.04881414168111253,-0.013728368473854391,-0.002391666666666686,-0.007553777777777764,-0.01650616666666663,0.3199999999999994,-0.11420564281515669,-1.3734810348942315,-0.7837042473613957,-1.358256154427586,,0.7440649907376644,-0.252016842311079,HOLD
1997-09-30,0.06519734622736983,-0.003738971051423068,-0.0033844444444444486,-0.0006303333333333392,0.005708583333333334,0.39700000000000024,0.27131448183314566,-0.7977973406402968,-0.9332160423403201,-0.6780063645651623,,0.8591054226689443,-0.08013375040056539,HOLD
1997-10-31,0.007091105287498234,7.114096643712209e-05,-0.0050925000000000085,-0.012676277777777786,-0.005194666666666666,0.17999999999999972,-1.1358629719170337,-0.5839538853015283,-1.2071646152905184,-1.6633164465931625,,0.39760118508609854,-0.6014571414524361,SELL
1997-11-28,0.03171232137072111,-0.030748981707467427,-0.0063175000000000245,-0.0113672777777778,-0.010071,0.46500000000000075,-0.4733049556143385,-2.002007353723215,-1.3596622588247271,-1.403942882331751,,0.9525051959848168,-0.380734150131,SELL
1997-12-31,0.03209967579486972,-0.0647643898092829,-0.005541666666666674,-0.01891055555555556,-0.02265441666666667,0.36099999999999977,-0.448267500762298,-3.226192839073278,-1.1251479980590056,-1.8976723691934532,-1.9836183416903868,0.7006693709914669,-0.7923394731189461,SELL
1998-01-30,0.03779457536682984,-0.05143460397766075,-0.00471638888888892,-0.012968166666666675,-0.022524583333333334,0.3260000000000005,-0.2918867711111674,-2.0293008897357785,-0.9162800639457024,-1.2650945583704385,-1.6451032324562727,0.6055819752864491,-0.5854637750995222,SELL
1998-02-27,0.08228660816351074,-0.07615660068130914,-0.004495833333333352,-0.008930166666666663,-0.019161333333333332,0.2519999999999998,0.858376435460019,-2.611530258255293,-0.8385655966625744,-0.8963738124071323,-1.12497842281081,0.43518081189710706,-0.2610600974205652,HOLD
1998-03-31,0.10694897033065298,-0.0557764156485171,-0.0020791666666666975,0.0035847222222222144,-0.0033688333333333383,0.08800000000000008,1.461813150745832,-1.6068126416858448,-0.364011468129053,0.06131182005386496,0.4534305470793379,0.08084035680096482,0.28223073442515784,HOLD
1998-04-30,0.08130232859724917,-0.046883990938954456,0.003275277777777782,0.008206944444444449,-0.0072040833333333314,-0.16600000000000037,0.7142824435949447,-1.2314795844607271,0.6475943145295796,0.40870244612434437,0.06334644855221774,-0.46450842523437513,0.22823620459445193,HOLD
1998-05-29,0.03815607269243393,-0.07206457721062043,0.0006091666666666152,-0.007785277777777798,-0.004019500000000013,0.07000000000000028,-0.4113587799995537,-1.8709282119350572,0.12369465712466235,-0.8284751551184513,0.3819754007030957,0.06025523465242946,-0.11231810710630293,HOLD
1998-06-30,0.051835405656964095,-0.07374689746961416,-0.0020480555555556046,-0.01512183333333335,-0.015061166666666664,0.20800000000000018,-0.045455481232718635,-1.7525462284187392,-0.3930808380330164,-1.369252945316982,-0.769950061219842,0.3657058577414303,-0.3686722446768548,SELL
1998-07-31,0.017531328643179744,-0.10233581829808769,-0.0035119444444444998,-0.02251716666666669,-0.02306716666666667,0.1770000000000005,-0.9568614002414358,-2.351081407737086,-0.6730374317742635,-1.8616382255037796,-1.5754679369502915,0.28816130490023545,-0.7964739482615893,SELL
1998-08-31,-0.11854158385908165,-0.1305292454008007,-0.017167777777777792,-0.05026666666666666,-0.02263025,0.5759999999999996,-4.5497002424500845,-2.755237926693044,-3.3724728357855875,-3.748716705582609,-1.4017860376073965,1.2001366169336845,-1.9787565340819993,SELL
1998-09-30,-0.051203709318543345,-0.040242192765591156,-0.02142444444444447,-0.04650455555555557,0.0048705,1.0259999999999998,-1.9672007072141826,-0.46227389754776865,-3.522834232953928,-2.77869357885768,1.4120710537560408,2.178280658573527,-0.779729467782704,SELL
1998-10-30,0.027067957353126948,-0.042804047737398654,-0.022091111111111113,-0.030267333333333313,0.018014166666666664,0.8889999999999993,-0.29515785823780505,-0.5077002586353946,-2.996680151468065,-1.5380633180849856,2.5922063547063536,1.6913034439643022,-0.09106525485336664,HOLD
1998-11-30,0.07559273466746785,-0.08465739160693087,0.0006208333333333054,0.011162611111111104,0.017939750000000004,0.26199999999999957,0.663670868014634,-1.4116229653922214,0.35975632416007275,0.768424032074874,2.214215722221799,0.2780663435372828,0.7140222150014439,BUY
1998-12-31,0.11977396154856379,-0.0867714991041163,0.00474361111111107,0.008844944444444424,-0.01962116666666667,-0.22799999999999976,1.5248060925193958,-1.3887691746147657,0.8962085899649801,0.6242146724484814,-1.0531284018399505,-0.7678660776646684,0.20403914590470643,HOLD
1999-01-29,0.13822333836387712,-0.0700253912348534,0.007956944444444345,0.004865499999999933,-0.010618416666666661,-0.045999999999999375,1.8045486696942274,-0.9697816636365959,1.2965021637328071,0.39385402004661973,-0.28614074813396395,-0.3602271536678996,0.4747561586119652,BUY
1999-02-26,0.05742110948394008,-0.08716386235608808,0.00870916666666663,0.009064166666666642,0.0011374166666666616,-0.5729999999999995,0.1711273546658521,-1.3048614564411427,1.344919903723247,0.6196914607393958,0.682307035248284,-1.4971500634101125,0.2201492818277778,HOLD
1999-03-31,0.05788891523560569,0.01583657032214969,0.010544999999999955,0.022341222222222207,0.036380916666666666,-0.5940000000000003,0.1774522398316873,0.9132503626285161,1.5297532918121644,1.349396081121336,3.581239626900328,-1.4745973296891228,0.8605406516627322,BUY
1999-04-30,0.06355229024557962,0.06080145283954508,0.010964999999999977,0.02892822222222222,0.04675525,-0.6970000000000001,0.2845833445120449,1.8372216704610307,1.5142730080168514,1.6617384728437667,3.6172875825142765,-1.6275220837377056,0.9083933873582059,BUY
1999-05-31,0.01831019517403476,-0.0030891836272843864,0.003948055555555518,0.01748216666666665,0.03887,-0.33499999999999996,-0.6087000476049198,0.4233843005395705,0.571720827844917,0.9619861796702782,2.4753641155437744,-0.8063137749503153,0.4323428834172891,BUY
1999-06-30,0.0540294622392683,0.03766417501225394,0.005506666666666674,0.019073555555555562,0.01912908333333333,-0.5380000000000003,0.11108722330886141,1.25857204065784,0.7585100746069157,1.023997575080233,1.1471875320643368,-1.208110028586757,0.3054453960789316,HOLD
1999-07-30,0.0138837488792658,0.03763466734359655,0.0030388888888888865,0.008144444444444442,0.004949166666666667,-0.5549999999999997,-0.6977013164515321,1.2148494902126803,0.43022138164409207,0.4065123546740357,0.34346529115609503,-1.2055520911520716,-0.12050906335489685,HOLD
1999-08-31,-0.0028658704656755463,0.06253831931052334,0.0006863888888888806,0.018569611111111103,0.034305749999999996,-0.34799999999999986,-1.0234644606256837,1.6836756376647377,0.12223500158217557,0.9705400118347866,1.9375298823203189,-0.7464365305772767,0.21006731742238674,HOLD
1999-09-30,-0.030889358149585044,0.08847690104755435,-0.0011552777777778013,0.0035328333333332976,0.03524158333333331,-0.09699999999999953,-1.5643780161734477,2.1207122426967775,-0.1184082595589119,0.1250585804230767,1.85481752880917,-0.21687088286422646,0.013369825105943388,HOLD
1999-10-29,0.02613271897727798,0.03226873444540068,0.0028644444444444524,0.009467777777777785,0.01708283333333333,-0.12100000000000044,-0.3642545968274685,0.9088165319705009,0.41138994921938654,0.4522889878363128,0.8204893766313772,-0.26409383220222804,0.17596998077623002,HOLD
1999-11-30,0.03439133408387618,0.028630084510387288,0.006830833333333344,0.011621055555555565,-0.002359583333333334,-0.22100000000000009,-0.19315596168262367,0.8190768537592894,0.9325197315625404,0.5664549148469581,-0.18806361129386928,-0.47103802214126783,0.10778617521528966,HOLD
1999-12-31,0.08126771602356442,0.03453120051124947,0.011116111111111137,0.026480666666666708,-0.015393166666666633,-0.5650000000000004,0.7635216218847197,0.9165333618983246,1.4829023710440519,1.3957398576189715,-0.8578833422389958,-1.194262743210111,0.2650029608497728,HOLD
2000-01-31,0.018018730524525184,0.05954055338246578,0.010412500000000031,0.02526827777777779,0.010721416666666667,-0.641,-0.5446903476841397,1.3794961149027545,1.3389752306772795,1.2832499461656368,0.5147191810789328,-1.3230131257131648,0.21154014742075744,HOLD
2000-02-29,-0.008005149624667807,0.054257287649863706,0.0009827777777777966,0.009001222222222228,0.004485833333333335,-0.21799999999999997,-1.0737581995407905,1.2339697785083434,0.07111338438346512,0.3452738439037962,0.1799865340343005,-0.3978598500156729,-0.14587404787248365,HOLD
2000-03-31,0.060247271698179894,0.04777831601549076,-0.013064444444444436,-0.005963222222222225,0.005188083333333336,0.4380000000000006,0.3579590509966607,1.0768529319254923,-1.7789437935187287,-0.4963037483299338,0.2148738971804124,0.994229969493062,-0.11803077069642123,HOLD
2000-04-28,0.016864545714435852,0.015096607812306928,-0.015134444444444464,-0.011942888888888897,-0.012325833333333333,0.4530000000000003,-0.5490854295873171,0.4321094237201361,-1.9708742735742923,-0.827337265989627,-0.7278221546258922,1.00558099490647,-0.5115896881451099,SELL
2000-05-31,-0.009084208543852723,0.05407624264732758,-0.0103886111111111,0.0008956111111111219,-0.006637749999999994,0.13699999999999957,-1.0857005080072344,1.1725740748788942,-1.2824250881013588,-0.08633859906332755,-0.4072695567648045,0.316612518346562,-0.4241868722650272,SELL
2000-06-30,0.01636293552297685,0.05133519543728782,-0.00017055555555559043,0.0008896666666666572,0.0007534166666666696,-0.027000000000000135,-0.5286017647781045,1.091682974041061,0.02237221941775708,-0.08582218617836439,0.0015301548782411744,-0.03702755400795451,-0.10459152177807088,HOLD
2000-07-31,-0.00446224601262124,-0.010087163450842818,0.0008952777777777469,-0.005334277777777771,-0.006296166666666639,0.18100000000000005,-0.9610916520008478,-0.10139198643490431,0.15611763365171394,-0.44459716777871366,-0.38774351879988317,0.411993442543159,-0.20422021039742866,HOLD
2000-08-31,0.037763028335947135,0.06363913030438773,-0.004024444444444486,-0.0012266666666666687,0.0008003333333333612,0.5470000000000006,-0.051161025571807635,1.3171008480435937,-0.4697473087006512,-0.20030523301289918,0.013045686717591057,1.2034194771894289,0.08254193277027698,HOLD
2000-09-29,-0.010741852364091309,0.03752264453586762,-0.0013958333333333342,-0.006145277777777763,-0.004197416666666648,0.2290000000000001,-1.085257124154502,0.7836793884991478,-0.12826383616007841,-0.4875126648315203,-0.2690578472687858,0.48713422845648874,-0.24715954065973295,HOLD
2000-10-31,-0.013029338452083983,-0.00424153236106628,-0.006743888888888859,-0.004750444444444412,0.0031385833333333283,0.27999999999999936,-1.1114888391842912,-0.028906789484517473,-0.8173904951560985,-0.39938726913306366,0.15225084544901818,0.5928921458022551,-0.26385393537036334,HOLD
2000-11-30,-0.08087982600125587,0.055520259854831,-0.006214444444444467,-0.021702666666666665,-0.007440500000000008,0.2569999999999997,-2.530392081996202,1.1280339579555243,-0.736539059962115,-1.4069989529033955,-0.4589962222370416,0.5351818088009933,-0.7662907513829602,SELL
2000-12-29,-0.0624842449095524,0.06753993104336886,-0.014044722222222245,-0.02180672222222223,0.005034833333333329,0.6899999999999995,-1.9954403664245088,1.3366467424144008,-1.7447653262146416,-1.3763196762241576,0.2717577340278034,1.4859438349716492,-0.5598039666439759,SELL
2001-01-31,-0.022513276953736616,0.017826552438065413,-0.002884722222222278,-0.01243227777777782,0.011901416666666659,0.6370000000000005,-1.119287820903875,0.34997239806762753,-0.2583045676669984,-0.7913519094276593,0.6718036756332832,1.3289516481552508,-0.028031495701666437,HOLD
2001-02-28,-0.08232917113292182,0.006101520189201848,-0.0020327777777777866,-0.021367222222222235,-0.013981166666666675,0.5720000000000001,-2.2754672611976527,0.11984622289704956,-0.14618160008544523,-1.3068577973520856,-0.8655529269795855,1.1564383448712001,-0.5729368734572616,SELL
2001-03-30,-0.11096156130002777,-0.038065792122284114,0.004641111111111076,-0.027650888888888902,-0.034176916666666675,0.19500000000000028,-2.7027596970802263,-0.7426296179818236,0.7223733222458865,-1.6453856518975114,-2.046059543177064,0.31671252660559457,-0.8925198405505536,SELL
2001-04-30,-0.02015561425544732,-0.014930444907927054,0.0059336111111110935,-0.00792216666666666,-0.01822941666666667,-0.2240000000000002,-0.8824602026157345,-0.2797281539911956,0.881947180510308,-0.45576985313218166,-1.0319559534170408,-0.6012547032353683,-0.34824892198166957,SELL
2001-05-31,-0.007497523656979088,-0.030599527045054975,0.01343305555555554,0.008506500000000009,-0.016441083333333342,-0.4850000000000003,-0.6401213494901272,-0.5865124139333345,1.849750821598103,0.5042605010753918,-0.9093393004321385,-1.1677093115371024,-0.060526439797645604,HOLD
2001-06-29,-0.01993868713630509,-0.05309349095214999,0.01321500000000001,0.013290666666666673,-0.010127166666666677,-0.4950000000000001,-0.8590241091467767,-1.0265454444019646,1.7576372876270667,0.779198578150404,-0.5308162282818543,-1.1675693342947662,-0.0034289676576543804,HOLD
2001-07-31,-0.010055576744946282,-0.03051543163151671,0.0011391666666666588,-0.01769961111111112,-0.022804833333333333,0.2839999999999998,-0.666647336712814,-0.5613301073402541,0.17767604574346016,-1.0502923424406327,-1.2590416180969202,0.5552126338071026,-0.37384876961663405,SELL
2001-08-31,-0.05989904407008306,-0.021049219334937086,-0.004923611111111117,-0.030060833333333342,-0.007905166666666668,0.5490000000000004,-1.5721249300952909,-0.3664905136886411,-0.5949739814300309,-1.7584844271893674,-0.3716228579619962,1.1314886076292787,-0.5276195981745677,SELL
2001-09-28,-0.12224244425862041,-0.07404055711141688,-0.015362777777777772,-0.047935666666666654,-0.012030249999999998,0.8239999999999998,-2.6588283583371566,-1.428358882906114,-1.923582267647032,-2.736878559705791,-0.6075537743880498,1.7144576743125606,-1.035397547627578,SELL
2001-10-31,-0.08188114823333714,-0.09286029757665215,-0.015910555555555553,-0.05130066666666666,-0.030121166666666664,0.8220000000000001,-1.802882774706127,-1.77021058589135,-1.9256993230635016,-2.757665108055909,-1.657155020451366,1.6600754278621928,-1.0805544664024518,SELL
2001-11-30,0.004009163802978444,-0.0636317467289369,-0.0018255555555555618,-0.015908444444444458,-0.02123783333333333,0.08000000000000007,-0.2833218717891829,-1.1416721409464727,-0.12902292675897975,-0.7306025575492263,-1.0942650371183527,0.032053026818429996,-0.3675265610662186,SELL
2001-12-31,0.023083115255173814,-0.06330135370715029,0.012314999999999986,0.014383333333333309,-0.0010626666666666666,-0.4630000000000001,0.04598543991279161,-1.1154590887348799,1.6225772319119163,0.8764206853134938,0.08540209662422461,-1.1349262057121523,0.24924320800837904,HOLD
2002-01-31,0.019425619809862793,-0.04709412782830591,0.016396388888888894,0.022884944444444444,0.011021083333333334,-0.8010000000000002,-0.017539782480479018,-0.7801180603515089,2.0801028130218344,1.3147965431005644,0.7851869703895412,-1.841096512191423,0.3869083386400064,BUY
2002-02-28,0.002292764433925454,-0.0026399505411172086,0.00205388888888889,-0.00343133333333333,0.014451583333333334,-0.125,-0.31562498500359804,0.10064491360058646,0.28845390863214515,-0.09499892257338599,0.9745325795416846,-0.3590988446411414,0.08221062265928407,HOLD
2002-03-29,0.022683922491399056,0.08884504143074556,0.004452500000000003,0.01827616666666666,0.042833249999999996,-0.34499999999999975,0.04416959600290089,1.9068323902098525,0.5750001289542351,1.0558322355812872,2.6110246221182702,-0.8231647871411736,0.57714363258592,BUY
2002-04-30,-0.04256473021790619,0.06954151068788916,-0.002586833333333364,0.005965722222222194,0.04779016666666667,-0.05169999999999941,-1.1078210106901267,1.4710365709754702,-0.28166485005793723,0.3886321862938435,2.737281585991151,-0.18971924472917687,0.2577847778012923,HOLD
2002-05-31,-0.04098423268583551,0.03885572428333983,0.00312880555555555,0.006715694444444438,0.033391166666666666,-0.16570000000000018,-1.0627284040094587,0.8484422020963757,0.4161579103355323,0.42554008158021484,1.8051017689988849,-0.43253123420543305,0.19192335378329006,HOLD
2002-06-28,-0.08888036574514446,0.03831422687984665,-0.01236455555555556,-0.03425255555555554,0.0007793333333333341,0.5994999999999999,-1.8905854322154654,0.8279354210391056,-1.4839108758821595,-1.7723140064879064,0.044260881586599535,1.2189094528819024,-0.647273330019505,SELL
2002-07-31,-0.13173672655926338,0.012575615580498134,-0.018346027777777763,-0.039187027777777765,0.0003861666666666677,0.6258999999999997,-2.57462890258588,0.32119247500415316,-2.1792170822599872,-1.9850419654296612,0.023232890448130202,1.2555680339266886,-0.910014504316785,SELL
2002-08-30,-0.10026764010181777,0.02975746312356664,-0.021856,-0.037802888888888886,0.015222083333333334,0.9017999999999997,-1.9234916046048722,0.6528170097055853,-2.5158033090772953,-1.8505120684285112,0.8100902125815972,1.824639635522387,-0.6091795223344494,SELL
2002-09-30,-0.15322563893062646,0.055195578198933726,-0.023786333333333336,-0.04610422222222222,0.01245675,1.2023000000000001,-2.733072440902091,1.1430882739938462,-2.6230097021457355,-2.2222348230781925,0.6533517093483457,2.4077757368357444,-0.7528649199903217,SELL
2002-10-31,-0.04853840535082565,0.03325998688911147,-0.008699027777777786,-0.010986583333333336,0.00773625,0.5663,-0.9414278720955855,0.6986159586448227,-0.8283528684124631,-0.3916131796982656,0.39460843268928814,1.0060996743909014,-0.12678096885435416,HOLD
2002-11-29,0.02988349817135183,0.02260820392305196,0.005691944444444431,0.0076104999999999845,-0.003957666666666691,-0.06429999999999936,0.305532196644281,0.48371990333615195,0.7755282251309572,0.5424761976401703,-0.2369786890909953,-0.29668994888508254,0.1816446635732218,HOLD
2002-12-31,-0.012337086471862602,0.05312485824314628,0.013936583333333322,0.020130805555555537,-0.0058430000000000235,-0.2218,-0.365712638374822,1.0793619279581324,1.6840014369588432,1.1679077268533535,-0.33725162031532896,-0.6187751925902734,0.2550282854219621,HOLD
2003-01-31,-0.02925728028678698,0.09839512502891168,0.01544063888888888,0.014808749999999987,0.016343583333333304,-0.06999999999999984,-0.63276897498545,1.953066002763015,1.8100907927829604,0.8838656492738297,0.873032701431877,-0.2999469206323515,0.439045541311811,BUY
2003-02-28,-0.032052044295956095,0.1004667241782704,0.00046536111111107267,-0.00605841666666668,0.025952583333333334,0.5154999999999994,-0.6719762892850095,1.9357011684679706,0.14037327231964605,-0.17454034328805235,1.386662745704732,0.9183771863941115,0.266482761974238,HOLD
2003-03-31,-0.03008241025210978,0.006089204918480862,0.0046143888888888545,-0.0013796111111111207,-0.0006694166666666584,0.020000000000000018,-0.6343695250317556,0.08982295861293238,0.5920253078897321,0.06311080130525232,-0.0829715301034819,-0.12218823416759539,-0.030732196684641416,HOLD
2003-04-30,0.04233357584576214,-0.011822244476288102,0.00686627777777775,0.00017727777777778778,-0.027888249999999965,0.12659999999999982,0.5379501070371907,-0.25263558246441503,0.8338658993152399,0.14193560708232666,-1.5675685762299838,0.10155257212636205,0.007955934888522535,HOLD
2003-05-30,0.08975451241763066,0.02462039934061222,0.005394111111111107,0.0063596666666666775,-0.025821749999999963,0.3198000000000003,1.3012986423029222,0.44863199407291304,0.6640981937879802,0.45743879854691344,-1.4211909936417908,0.5075349911289999,0.2515299386875042,HOLD
2003-06-30,0.08276975726105729,-0.009385874304800201,0.005634111111111097,0.013168555555555557,-0.005250916666666633,0.28269999999999973,1.1680323847157674,-0.21061395771673425,0.6849807885610355,0.8042861232771588,-0.2890839590679608,0.42542765321331744,0.4656071651165531,BUY
2003-07-31,0.07357466145104019,-0.0009888992377050654,0.008727805555555525,0.024530249999999976,-0.002129833333333329,-0.5695999999999999,1.0039905023525515,-0.046403842329187664,1.0208040769789728,1.3820413938205,-0.1184811630113994,-1.3876457225863534,0.31678484792571204,BUY
2003-08-29,0.06078214367772761,0.040086591867573684,0.015385749999999976,0.030786194444444425,-0.008460916666666665,-1.0936999999999997,0.7865492469211938,0.7555746338093716,1.7440073447473472,1.6800724775162492,-0.46197112873102975,-2.4722099828296002,0.21274132627069342,HOLD
2003-09-30,0.021629938625134626,0.028684570131357612,0.008815611111111114,0.01600772222222224,0.003064583333333336,-0.4243000000000001,0.14801551011214875,0.5256786788632909,0.987921976022573,0.8946424443935193,0.17124378013178726,-1.0017127725386696,0.20001848968689315,HOLD
2003-10-31,0.053679620396818395,0.05567906625080332,0.00444658333333334,0.013270027777777796,0.012074916666666664,0.11280000000000001,0.6668336681394598,1.052327490090925,0.5001494140250003,0.7466585396548973,0.6655011480417216,0.11310886484070684,0.448708605783631,BUY
2003-11-28,0.04467150402290354,0.041127034098484394,0.002867250000000012,0.00647780555555557,-0.0016245833333333373,0.13199999999999967,0.5149207921391497,0.7541515254944611,0.3235859173760024,0.3943761150876076,-0.09594539698998453,0.15215862602914396,0.21484934227365324,HOLD
2003-12-31,0.07343381945964045,0.08778031118971641,0.007234416666666624,0.03132563888888886,0.020564166666666658,-0.3078999999999996,0.9811338512626497,1.6661088111260294,0.8028226146716201,1.6633295482169135,1.1359791340993297,-0.7625897714956467,0.6367792294591443,BUY
2004-01-30,0.06778541018323025,0.07607571642426492,0.0008690555555555222,0.012822166666666647,0.01559183333333333,0.16080000000000005,0.8783237147432853,1.4038160637266377,0.09305077644057351,0.6921555079312706,0.8452936993084512,0.21986036686450802,0.4547806775480148,BUY
2004-02-27,0.058028267930822386,0.10818709061866838,-0.0022777777777778264,0.016147666666666633,0.03562483333333332,0.36050000000000004,0.7102840037567901,2.004287517018743,-0.25670784592405504,0.85579109584073,1.9487393711517347,0.6366342409842661,0.6491234776349112,BUY
2004-03-31,0.020254834964238855,0.09989367156850171,-0.004266638888888925,0.0023780277777777675,0.012487166666666657,0.41069999999999984,0.08490821474028601,1.7931038360470462,-0.4771253955675698,0.1470092287200782,0.6321626953306527,0.7373590520190684,0.1873856325404193,HOLD
2004-04-30,-0.005366999465545752,0.05208306067262791,0.004096944444444412,0.012276722222222211,0.0014702499999999959,-0.3734000000000002,-0.33812142112829796,0.8512803509281592,0.46264974103550505,0.6527943413323991,0.023184156390012575,-0.9190070187906603,-0.01975003352684024,HOLD
2004-05-31,-0.0026860708464164773,0.03910191986903855,0.005991722222222183,0.013206944444444438,-0.011076416666666663,-0.6757,-0.29172541241871747,0.5982342597481467,0.6728678033343196,0.6957668436806426,-0.6687290599252914,-1.54717248748228,-0.18983205213522114,HOLD
2004-06-30,0.010918446163184381,-0.015062832082314181,0.006123527777777753,0.010210305555555544,-0.03384241666666664,-0.7457999999999996,-0.06354965172821159,-0.4332375981509246,0.6827703685172204,0.5362933275277937,-1.9225788304705562,-1.6673386466922138,-0.40573390547432797,SELL
2004-07-30,-0.019487666315617824,-0.008721726999665003,-0.0014816388888888954,-0.005180638888888881,-0.02310666666666664,0.03059999999999974,-0.5721843725093132,-0.309825568655123,-0.18238756581276205,-0.2622197496250695,-1.288776086523031,-0.026032511995430274,-0.38860004774426776,SELL
2004-08-31,-0.011275928965825965,-0.024890996887436678,-0.005292305555555594,-0.020931750000000002,-0.030143833333333307,0.5301,-0.4303935642246715,-0.6175189816394234,-0.6145498314826828,-1.078334003673551,-1.652550912016602,1.015103743209525,-0.46012076136466373,SELL
2004-09-30,-0.00028253781746268025,0.03770041236978372,-0.002592888888888921,-0.007413666666666687,0.0007945833333333208,0.46119999999999983,-0.2423977968692199,0.5883359515732673,-0.30261430002795847,-0.36577237263644674,0.045391194624818984,0.8613717149020743,-0.0006702600011219695,HOLD
2004-10-29,0.010270758284095072,0.044932143526512425,-0.0030481111111111546,-0.0020383333333333768,0.0030715833333333255,0.45120000000000005,-0.06225947859748453,0.7236867414598106,-0.3531413604891824,-0.08376998065114699,0.1683737473710124,0.8331830687086502,0.08373099939030815,HOLD
2004-11-30,0.04102048659354951,0.027118597540256584,0.005115388888888886,0.018351611111111086,0.0058139166666666825,-0.23249999999999993,0.4618291327186998,0.37431586294615943,0.5877692991790753,0.9838839935842318,0.31664728419991267,-0.60245856136274,0.29127852471986326,HOLD
2004-12-31,0.0636350870623481,-0.026821728741624362,0.003762638888888912,0.004803194444444458,-0.023166749999999982,-0.09880000000000067,0.8458210111452166,-0.673690654873983,0.42788824319242613,0.2653275139189523,-1.2691769420674262,-0.3182459785333807,-0.008064358724035332,HOLD
2005-01-31,0.024810476530610526,-0.01913703413382739,0.0032966944444444523,-0.0004235277777777686,-0.024796749999999982,-0.10449999999999982,0.1739335943579015,-0.5195442988800516,0.37151167670624113,-0.010879345024283813,-1.3410411339703205,-0.3285886971574365,-0.18917731751464972,HOLD
2005-02-28,0.029393946737102272,0.03277511142787426,0.0024831666666666717,0.004788722222222229,0.0022784999999999845,-0.02740000000000009,0.25194270406583474,0.49654804433166605,0.27489246830680414,0.26458827389095013,0.14736879960973076,-0.16385386272743047,0.12915639719098154,HOLD
2005-03-31,0.00030220012991777345,0.05672028660949402,0.00015938888888885477,0.012070722222222191,0.030028916666666648,-0.2632999999999992,-0.25215700455554624,0.962553558694311,0.002010206240442309,0.6497569077146682,1.6602528006455752,-0.6641899302064761,0.23261216330644396,HOLD
2005-04-29,-0.02348745436512123,-0.0036423310307980294,-0.0037352499999999986,-2.91666666665108e-06,0.01058816666666665,-0.06960000000000033,-0.6639362196463918,-0.22874653377625417,-0.45518870443976084,0.0029552352612659425,0.5782328512464039,-0.24721875633801912,-0.13085926565275036,HOLD
2005-05-31,0.0032656303284015475,-0.011005263301211432,-0.01036858333333334,-0.01854080555555555,-0.013489250000000017,0.39559999999999995,-0.19375962088142548,-0.37252932071208517,-1.2342456767901189,-0.9882185491171169,-0.7319212204526965,0.7491381079951074,-0.39983449320770836,SELL
2005-06-30,0.006029437843589447,-0.00477223653263914,-0.007990861111111136,-0.0209278611111111,-0.02452325000000001,0.5684999999999998,-0.14450391040659546,-0.2474151171122509,-0.9406770246127875,-1.1070268473828806,-1.3264974648354941,1.1144690285441008,-0.4007060364489428,SELL
2005-07-29,0.03451079553789116,0.023295065910951873,0.002862555555555531,0.012649333333333311,0.0075454999999999915,-0.07839999999999936,0.3565002636561851,0.310805026699835,0.3438022264637222,0.6977953529800701,0.42881620055189673,-0.2819578608249618,0.25749269713781875,HOLD
2005-08-31,0.020516308513989223,0.0809508411048172,0.002079277777777774,0.0160865,0.027372416666666663,-0.03270000000000017,0.10785147817945563,1.4582770450527942,0.2496017991948983,0.8772344355177915,1.5050231100950768,-0.18233958668137584,0.42622853938430777,BUY
2005-09-30,0.020747611795652876,0.10908539402395845,0.004688694444444479,0.028117583333333345,0.03906216666666666,-0.41100000000000003,0.11146147164361987,1.9958069328096824,0.557869446810445,1.5153123135086168,2.114040027844826,-0.998495491470165,0.5500312947228905,BUY
2005-10-31,-0.004275995578263192,0.021027714323292868,0.00017652777777778816,0.005997083333333343,0.009847083333333322,-0.2746000000000004,-0.33438420097965077,0.2288496297256354,0.017962452111898522,0.3144940721963697,0.5059499500711708,-0.6952007545118796,-0.03186308018534856,HOLD
2005-11-30,0.02260767083973314,0.004237286856987765,0.0025117499999999923,0.007489638888888882,-0.015505166666666676,-0.47029999999999994,0.14761079929030757,-0.10221633815538336,0.29688082623352174,0.39287616791351476,-0.8509922895307147,-1.1143639666111473,-0.18799807711741967,HOLD
2005-12-30,0.013757258293742636,0.014255939629153724,-0.0003095555555555655,-0.003695888888888898,-0.027113333333333343,-0.06709999999999994,-0.011875380554642352,0.09601295640992882,-0.04291893768300375,-0.20989393805004997,-1.465005517679945,-0.23172430770186164,-0.32690301361158386,SELL
2006-01-31,0.03316245202790946,0.014813869051392814,-9.902777777780174e-05,0.008174527777777755,-0.0007975833333333376,0.0354000000000001,0.33795754771901915,0.10665673353572867,-0.01737423931098888,0.43129554757622207,-0.044031475855540236,-0.008119517510839402,0.11662131043631216,HOLD
2006-02-28,0.025301761062348493,-0.044014918606852915,0.0023454722222222297,-0.00017597222222221626,-0.011316250000000005,-0.06700000000000017,0.19410376398089393,-1.0652774641233729,0.2784524277509256,-0.022842986163102576,-0.606014687138278,-0.2313920552621368,-0.06461558947194963,HOLD
2006-03-31,0.02759392409885253,-0.013927879217297767,0.005284694444444449,0.008342916666666669,-0.013498166666666674,-0.45610000000000017,0.23489827855600695,-0.4567955698658823,0.6342066819158404,0.4403137583251129,-0.7192526536400986,-1.0823208810851894,-0.08202580265472129,HOLD
2006-04-28,0.02605702534981913,0.03961616467908269,0.006935333333333373,0.01430277777777777,-0.007442250000000032,-0.5353000000000003,0.20581434357336736,0.614824244624834,0.8315166461523009,0.7631993121804901,-0.389080388201264,-1.2458665732140193,0.02759722341514584,HOLD
2006-05-31,-0.008332281441902345,0.034528935690192775,0.0056351388888889005,0.018795027777777754,0.014945333333333298,-0.5675999999999997,-0.4250585093484017,0.5094153104724033,0.6671925252019381,1.0036779146111836,0.8201282265342215,-1.3033183850250296,0.12710362866231867,HOLD
2006-06-30,-0.011066011979528723,0.012305490946723285,0.0027228055555555825,0.007045138888888881,0.005182999999999969,-0.2892000000000001,-0.4732304298542509,0.06036922673344756,0.3073298430833753,0.3534540395185005,0.2869295703600368,-0.6829180439273197,-0.03473917013660967,HOLD
2006-07-31,-0.005593888135218994,0.03593330455614763,-0.0015326944444444578,-0.006056361111111114,-0.005716083333333331,0.07110000000000039,-0.36992919815391895,0.5366962610045891,-0.21605220274566725,-0.36658935041350765,-0.3053933200193823,0.10724197241801948,-0.19178701648574278,HOLD
2006-08-31,0.012517133238677092,-0.013970986649719408,-0.0038611111111111185,-0.01213855555555555,-0.011486499999999972,0.39280000000000026,-0.033005155177802586,-0.4756846028112626,-0.5018861513713416,-0.6996261491156933,-0.6180933903525879,0.8115319578700855,-0.17351314802455667,HOLD
2006-09-29,0.031912277607332395,-0.07230843287780342,-0.003638666666666658,-0.016395333333333314,-0.01733983333333331,0.5087999999999999,0.3275835564770023,-1.6572552659206372,-0.47190694429976227,-0.9302126548191909,-0.9339596069380681,1.0606361746894322,-0.15797657914843113,HOLD
2006-10-31,0.05527815218723209,-0.0240782920370205,-0.0020515000000000156,-0.008741500000000006,-0.021332166666666635,0.3813000000000004,0.7619650372383232,-0.6604687258276493,-0.27296280738433576,-0.5010443612301292,-1.144625483015185,0.7721639339958567,-0.0640839467325783,HOLD
2006-11-30,0.05507526584725886,0.026513009270687116,-2.6916666666647326e-05,0.003675638888888895,0.004593333333333304,0.2676999999999996,0.7533742342616779,0.3652561380211512,-0.020022617764036736,0.1885930109988039,0.28058713876457125,0.5178356416971513,0.28672790132636133,HOLD
2006-12-29,0.04888330128679175,-0.01803835151112465,0.002879277777777764,0.01140616666666664,0.015850916666666638,-0.07460000000000022,0.6328071985328863,-0.5394562686774971,0.3429210735911365,0.6172857303194837,0.8957928859483647,-0.23867398469679285,0.37502215061584643,BUY
2007-01-31,0.042860353991284184,-0.008852905591583693,0.004025388888888895,0.0073547222222222165,0.0021589999999999734,-0.2099000000000002,0.5163268569257308,-0.3500044277439631,0.48504211571361583,0.3883767285402243,0.1387449783226332,-0.5368196918603484,0.1652784979403093,HOLD
2007-02-28,0.007536602775437107,0.020361007096733497,0.0030352499999999776,-0.0015045277777778008,-0.012703249999999994,-0.1075999999999997,-0.15090075493616956,0.2474460145225928,0.35832019823236433,-0.10832322632975704,-0.679695850175701,-0.30737962672090147,-0.14799654332169412,HOLD
2007-03-30,0.0073699099233230925,0.013920958874696021,-0.0005504722222221813,2.638888888906755e-06,0.0067667500000000045,0.05790000000000006,-0.15345463634683945,0.1145809341183211,-0.09534061255002325,-0.02337610979186804,0.39814287500847656,0.0620841255098187,0.031342606971594085,HOLD
2007-04-30,0.03816874085175814,0.014923134344536848,-0.0017582222222221682,0.00152500000000002,0.01475049999999997,0.18579999999999952,0.4311249850297233,0.13473436435850183,-0.24784316542399748,0.06242296207971967,0.838130211082679,0.3474752877672781,0.23855171342256715,HOLD
2007-05-31,0.055938628594687234,0.014510873879986397,0.0024867222222222595,0.014997388888888893,0.004601666666666639,-0.3222000000000005,0.7671803362028269,0.1257084994283246,0.29234460710275373,0.8235807597188214,0.27009689895694583,-0.7922470847054411,0.22682591954598452,HOLD
2007-06-29,0.027081867309781238,-0.006492765051299143,0.004304388888888862,0.010967944444444405,-0.003291166666666695,-0.38009999999999966,0.21282688578609957,-0.3097296717677718,0.5228496640866199,0.5904363726312851,-0.17002036664613082,-0.9173713569841084,0.039786866478960875,HOLD
2007-07-31,-0.007684702192219839,0.0035369447148587696,-0.004933694444444446,-0.004517361111111115,0.0006781666666666728,-0.11660000000000004,-0.4527554457037574,-0.10004249775168465,-0.6603247229478773,-0.29087701452356063,0.052281557439893885,-0.3195146268451899,-0.27853170876341526,HOLD
2007-08-31,-0.002541033804885018,-0.031385535595868985,-0.012399583333333316,-0.022301138888888874,-0.011700249999999985,0.3586999999999998,-0.35208362308883046,-0.8280729116518721,-1.6130757676332859,-1.3019143528497983,-0.6417675264051333,0.7525072724433873,-0.5260556662556102,SELL
2007-09-28,0.020968842088369133,0.03646598528963696,-0.010343944444444432,-0.006614166666666657,0.00801766666666668,0.43789999999999996,0.10172803466615891,0.5940012070873617,-1.3302970653449135,-0.3985637757700226,0.4695386385126935,0.9269259215100912,-0.03844470773766542,HOLD
2007-10-31,0.02842122847056827,0.056577627387962126,-0.002175138888888918,0.006069305555555513,0.013536666666666653,0.2680000000000007,0.24527192015959462,1.0120569686971703,-0.279668139298,0.32542106835566015,0.7783599998769818,0.5371370278165313,0.26775364615179464,HOLD
2007-11-30,-0.011462876631415764,0.016028218101774794,-0.011960861111111139,-0.008939194444444484,0.022480083333333314,0.5913000000000004,-0.5285863567044693,0.15583462772365111,-1.5254507515673488,-0.5333803396944606,1.2783749378873588,1.2664332448120692,-0.007101544211141786,HOLD
2007-12-31,-0.016163217903047533,0.04499730225226628,-0.013036611111111112,-0.01726727777777779,0.0036878333333333155,0.5632999999999999,-0.6174745530862508,0.7638064200003787,-1.643892466254317,-1.0080018497861045,0.20755788261499739,1.1914741860790503,-0.31172280007210407,SELL
2008-01-31,-0.06835530295094594,0.06644236912628587,-0.02238813888888887,-0.033552361111111095,0.003514166666666681,0.8776999999999995,-1.6308169798376047,1.21065032421918,-2.801404869275077,-1.933653258991182,0.1969340464563633,1.8903811114086828,-0.713093325039803,SELL
2008-02-29,-0.08598126347338997,0.14254663645262644,-0.011056000000000002,-0.0028826666666666723,0.04759191666666668,0.4287000000000001,-1.9509405978233028,2.798572417380763,-1.321636000124812,-0.16168567043328722,2.6961540393194205,0.856706889094948,0.01976644333882782,HOLD
2008-03-31,-0.06969601770533917,0.04713687976029912,-0.020942416666666675,-0.021317750000000014,0.017391833333333342,0.6135999999999999,-1.6059552116331046,0.7565945771133114,-2.523225003142015,-1.2106877148636064,0.9417171056571333,1.2652216588131382,-0.522154860861409,SELL
2008-04-30,-0.006385824258961281,0.06028419844864508,6.602777777776209e-05,0.011447027777777752,0.013426500000000001,-0.1347999999999998,-0.37883820712555044,1.0225355012935524,0.07312669701264272,0.6620890504608818,0.7152473171834313,-0.4171632855158535,0.10907692866925865,HOLD
2008-05-30,0.014007610234353374,0.05490731622012168,0.008267750000000003,0.016508194444444436,-0.020620749999999997,-0.5503,0.012664482617996258,0.9047929283923403,1.0653745173783562,0.9470750990145121,-1.1807387378495176,-1.345879512737784,-0.0835840252627395,HOLD
2008-06-30,-0.0516001160801941,0.10535501584937723,0.010472722222222204,0.02551461111111109,0.02174308333333335,-0.5593999999999997,-1.2464399769728132,1.9361035484979476,1.3243227326863267,1.4540971877694318,1.1803817619381878,-1.3533146890828878,0.2265078360563743,HOLD
2008-07-31,-0.04787971973335603,-0.03689059980446974,-0.00488049999999999,-0.009677833333333314,-0.018356583333333322,-0.21830000000000016,-1.1642540591050659,-0.9919243343490264,-0.5404116642013154,-0.5588374119965905,-1.0519283956525822,-0.5807776786623066,-0.6493682016029768,SELL
2008-08-29,-0.030470293038816654,-0.09008018692072461,-0.01258347222222223,-0.032041694444444456,-0.04884924999999999,0.2479,-0.8218274705933594,-2.0684692706361285,-1.4696920446081512,-1.828799847169728,-2.733250130749399,0.462348282341594,-1.0652035351298406,SELL
2008-09-30,-0.10078714661280253,-0.17372388136698824,-0.03338277777777774,-0.06038177777777776,-0.10131633333333331,0.14559999999999995,-2.163968481843373,-3.716755584960896,-3.960091113863273,-3.402397906956732,-5.495836133662419,0.23153903830690867,-2.465125766336482,SELL
2008-10-31,-0.21086929959134904,-0.3064573102985273,-0.047990999999999985,-0.09046133333333335,-0.11224783333333334,-0.006799999999999695,-4.2058878072817105,-6.106567114166445,-5.434049993656809,-4.907902895863932,-5.509346553610123,-0.11140912204664236,-3.3614327287432033,SELL
2008-11-28,-0.21629483674266492,-0.29890579711731435,-0.06228088888888885,-0.12138199999999999,-0.10783583333333334,0.8916,-4.059100863183006,-5.308493702696941,-6.457663772414324,-6.112090700709239,-4.785065567321442,1.9125481445289807,-3.2502287931831724,SELL
2008-12-31,-0.1642777506202956,-0.24741967499089845,-0.03385238888888888,-0.10642305555555553,-0.07660966666666663,1.6111,-2.950340336111381,-4.030961095312868,-3.035007610634422,-4.771650681783495,-3.1198383982891698,3.490283422574659,-1.7310922673739686,SELL
2009-01-30,-0.18003875359695265,-0.20817175037572988,0.0036831388888889003,-0.05717086111111108,-0.015639833333333304,1.1126999999999998,-3.1214687314881964,-3.219855692696816,0.487540249580455,-2.331630350156987,-0.5298836345163306,2.2729738626357907,-0.5370781006575449,SELL
2009-02-27,-0.19743720851522217,-0.15956278043351646,0.01802322222222222,-0.030497222222222203,0.006576500000000027,-0.09310000000000018,-3.297406713318024,-2.387565602476959,1.797346528856611,-1.160516493976766,0.3780689775341421,-0.33661382990119076,-0.4365202551342046,SELL
2009-03-31,-0.06628724342120662,-0.057218294361900957,0.004093194444444471,-0.010818694444444445,0.02510241666666665,-0.4506000000000001,-1.1152781921723651,-0.8495350533648303,0.5078715630205396,-0.32391489587573735,1.1340333009686516,-1.0980711749723235,-0.1492265665052058,HOLD
2009-04-30,0.040889341183111494,-0.02043766952274506,0.009155694444444468,0.014270249999999998,0.04772399999999998,-0.2784,0.5748048065642279,-0.3099577100611026,0.9667431063615511,0.7357506308673136,2.0493169761278316,-0.7232130160653455,0.6005670839759298,BUY
2009-05-29,0.0911745850844079,0.10323979028279262,0.03340219444444447,0.06296519444444443,0.09720158333333331,-0.4462999999999999,1.3632300894955571,1.4948844941527069,3.1688177296071283,2.789678994460787,4.013759716292889,-1.0782231976843963,1.7095438886953278,BUY
2009-06-30,0.08792905873837076,0.07371597669948748,0.05574122222222221,0.06275099999999999,0.08790816666666665,-0.8696999999999999,1.2999012739926126,1.0505896622629194,5.040943517221417,2.7055663143086166,3.442257658644809,-1.9744865359714212,1.7523637046993392,BUY
2009-07-31,0.13249396468840957,0.0836331992118069,0.04391697222222222,0.04961130555555554,0.08356124999999995,-0.3609,1.986312440435531,1.1875998026300416,3.6889811176965708,2.1035298791193515,3.141186023791195,-0.8683296681571597,1.675279965480915,BUY
2009-08-31,0.10993339072907693,0.04763530386252324,0.02493738888888888,0.017969277777777768,0.03259066666666662,0.061900000000000066,1.605775419286312,0.6564566028461515,2.0226250737294755,0.7979414110470792,1.189728090190387,0.031361721079821075,0.9412386192221793,BUY
2009-09-30,0.0979873486529812,0.0381916677677383,0.01710158333333334,0.02005624999999999,0.03318591666666663,0.22730000000000006,1.4035000548166177,0.5162905477929521,1.374810136558296,0.8777873981509001,1.2018777398083282,0.3824668568290916,0.8734070310272056,BUY
2009-10-30,0.04669309831056334,0.0421020104624763,0.008795555555555508,0.00942577777777776,0.012868499999999993,0.0968,0.6013736384508421,0.5712050095860874,0.7111363697470595,0.44537747271885947,0.45950840330583914,0.10328320182566951,0.38677984767471163,BUY
2009-11-30,0.0747898252876722,0.06252323976535656,0.004573611111111076,0.01330405555555555,0.017820999999999997,0.1997,1.0319809801378843,0.8669091712498419,0.3762075208279944,0.6001436498569354,0.6368216662637852,0.32271152157645333,0.4946442231105088,BUY
2009-12-31,0.05996083724644019,0.060581600227375354,0.016813083333333298,0.029700416666666674,0.013807083333333333,-0.5315000000000003,0.7968606924508158,0.8338752199127826,1.338915596084156,1.2601773442865019,0.4885221755792855,-1.2441892107886903,0.44004776626867814,BUY
2010-01-29,0.006987564292311843,-0.01986364990801215,0.010418277777777785,0.007599388888888903,-0.019796833333333336,-0.2016,-0.02455036341144952,-0.346600050072488,0.8251649877978616,0.35888866435793837,-0.7339841341939913,-0.5293201218483641,-0.017300161216334167,HOLD
2010-02-26,0.02230202842478901,0.006117338682647633,0.012810777777777766,0.00937266666666666,-0.025954750000000002,-0.41389999999999993,0.21256806035426887,0.035464660977916035,1.0091749085182151,0.42938820273406,-0.9544244647444837,-0.9821635150934558,-0.04757613470523264,HOLD
2010-03-31,0.06396935730402498,-0.012044577908982945,0.004254138888888884,-0.0006161944444444447,-0.032688749999999996,0.011100000000000332,0.8587287885876062,-0.23171363770384912,0.33011791904238613,0.02290238492318922,-1.193740012467238,-0.06567747656052345,-0.0079447327457633,HOLD
2010-04-30,0.05558462968536171,0.003481047430621498,0.007154388888888887,0.017855055555555558,-0.002986083333333332,-0.06879999999999997,0.7239797917166128,-0.002019076834409301,0.5577476103073575,0.7739471319937445,-0.10533504423748222,-0.23721121345584886,0.2855213793873973,HOLD
2010-05-31,-0.03005346498510897,-0.053018698388505814,-0.007109555555555543,-0.01848611111111107,-0.021848749999999972,0.32689999999999975,-0.6117357414372802,-0.837757159777511,-0.57159041426315,-0.7092596428106116,-0.7926034408224337,0.6164052658914677,-0.3447973289070013,SELL
2010-06-30,-0.07067892886123894,-0.03376446745363215,-0.017003583333333346,-0.043233361111111084,-0.018495749999999974,0.8946000000000001,-1.2425139336393018,-0.548458669409963,-1.3527899790633027,-1.715159114548005,-0.6662622217746069,1.839770737570201,-0.5228257519091694,SELL
2010-07-30,-0.01088392821066908,0.02473598839761082,-0.012134750000000014,-0.027309749999999976,-0.00535274999999998,0.7480000000000002,-0.30259153864113586,0.32158121948504087,-0.957054155988923,-1.0499446932778964,-0.1828308425285023,1.502040120800324,-0.16506351827268895,HOLD
2010-08-31,-0.049974574365830526,0.002368118481783643,-0.005434472222222265,-0.01752480555555556,0.010868249999999986,0.8165,-0.9116471786623142,-0.012201308697654126,-0.4223365499309285,-0.6469339501679078,0.41252529556302525,1.6342751437521152,0.010980460092331723,HOLD
2010-09-30,0.037621193706868006,0.06394905057567346,0.0012229999999999349,0.01574444444444443,0.02926616666666665,0.4213,0.4608826007491508,0.9066137020449107,0.10637933992004622,0.7065098322344596,1.0873876811490881,0.7766650112681664,0.5229707442201519,BUY
2010-10-29,0.07642320305783801,0.09938340281321989,-0.0015236388888889574,0.0115545833333333,0.021887583333333294,0.30589999999999984,1.066494519955921,1.430783702636455,-0.11209099263479658,0.5331092747113921,0.8091657077914299,0.5274115847321879,0.4706816824260225,BUY
2010-11-30,0.059319689231528416,0.0669957899704654,0.007235999999999972,0.03396155555555554,0.032427916666666626,-0.3285,0.7923675435614411,0.936222333758946,0.5859832033892269,1.4441388974051605,1.1928397782666569,-0.8279522022701025,0.5312295367253972,BUY
2010-12-31,0.0914518961232822,0.13067700040464292,0.014642083333333328,0.04629808333333333,0.03660166666666662,-0.7837000000000001,1.2918783962296752,1.8793155005421163,1.1747998617014561,1.932669903012829,1.3375909995071023,-1.7960166261613908,0.656820422381612,BUY
2011-01-31,0.08715290007185006,0.10375864821788294,0.01433405555555555,0.03979905555555555,0.016434999999999995,-0.7711000000000001,1.2148717931884463,1.4573180835024113,1.1423724429442565,1.6451181316572492,0.5875076198924579,-1.7480359530066147,0.47363900577929924,BUY
2011-02-28,0.0796272771519484,0.07556227476290389,0.015466694444444422,0.04304613888888886,0.02400974999999997,-0.6303999999999998,1.0888829282354042,1.0289660351071512,1.2252201677954166,1.7583894114800676,0.8633419332785602,-1.431417050185187,0.5840695651007104,BUY
2011-03-31,0.052159743513098045,0.06406751896180785,0.005072916666666659,0.013952694444444429,-0.007481250000000035,-0.17680000000000007,0.6536275432331223,0.8536423012676447,0.38992666699034806,0.5779762863408038,-0.2983130596823633,-0.464978191874694,0.1430398741678695,HOLD
2011-04-29,0.05692955792361931,0.0693741621754087,0.0026983055555555666,0.011598416666666672,-0.0005259166666666988,0.08409999999999984,0.7255548103140067,0.9277535243617793,0.19934684999627109,0.48175667562195906,-0.04108723059676376,0.08669292801720156,0.24204400555877914,HOLD
2011-05-31,0.020944593845896975,-0.004788074303742396,-0.0031129999999999895,-0.007789555555555529,-0.023316583333333297,0.3664999999999998,0.15935650305889412,-0.17101239003095767,-0.26582076572617963,-0.29633855601490533,-0.8831905661191882,0.6835387999999584,-0.10040909746690346,HOLD
2011-06-30,-0.005619542656068233,-0.05099994588912926,-0.003918861111111101,-0.016742972222222183,-0.04253049999999994,0.3102999999999998,-0.25792232275626115,-0.8540464061133164,-0.32963420065661875,-0.654935140647233,-1.5891901514890883,0.5617892870413257,-0.37831542141797925,SELL
2011-07-29,-0.027724902755937975,-0.021756358664380415,-0.006263166666666682,-0.026974611111111112,-0.04102491666666663,0.4902000000000002,-0.6049311826806035,-0.4171035858427722,-0.517005087147748,-1.0638329249215233,-1.5178579568740442,0.9414269255996333,-0.460366704337381,SELL
2011-08-31,-0.07031252979425273,-0.010338620776268348,-0.020528166666666688,-0.036277833333333336,-0.023799749999999998,0.8373000000000004,-1.273844577345075,-0.2463662336291501,-1.6637343679422876,-1.4316734881440998,-0.8718085424054581,1.6732126263743996,-0.594641391577087,SELL
2011-09-30,-0.11516102627202152,-0.13057449952017808,-0.028035750000000012,-0.06302808333333333,-0.03777483333333336,1.2446000000000002,-1.9703722601795597,-2.0341277564102795,-2.2485063506645946,-2.492258101488104,-1.3805046741246338,2.5163476822714816,-0.9292156173642351,SELL
2011-10-31,-0.005545027394524671,-0.047510347510464346,-0.014205694444444443,-0.029156805555555543,-0.026955250000000007,0.6827999999999999,-0.2332147357137613,-0.7808996963931446,-1.1161111722317723,-1.1057091533666754,-0.9731092506196184,1.297880925449694,-0.35504389774702233,SELL
2011-11-30,0.0024479164573143475,-0.04804893243349895,-0.005839694444444439,-0.01410602777777778,-0.0361225,0.15539999999999976,-0.10744617136502758,-0.7854629003497822,-0.4466598152166352,-0.5044397568420708,-1.3035647850826244,0.1923711048675537,-0.3616232372731341,SELL
2011-12-30,0.019620401975012136,-0.06604072334604982,0.003762472222222217,0.01244869444444443,0.012521499999999991,0.0391999999999999,0.16235152299927968,-1.0479924542467527,0.3170979753926478,0.5486267765016483,0.4842398858175058,-0.050310328308199634,0.24366763873381367,HOLD
2012-01-31,0.06116360019890599,-0.022789871655224947,-0.0026749722222222656,-0.006650527777777793,-0.0025315000000000094,0.31620000000000026,0.815604217832651,-0.4030003094115596,-0.19613273183760552,-0.2108700241079706,-0.06881072694346291,0.5286092016332963,0.14473332276281803,HOLD
2012-02-29,0.08281598122467759,0.022456346584789122,0.012942694444444404,0.013280249999999987,0.012687249999999982,0.09750000000000014,1.1530170706242044,0.268360706040646,1.0504752002323958,0.5823132939812892,0.490393361222356,0.06898915032035731,0.5575313460634338,BUY
2012-03-30,0.07730198370053665,-0.021828728122731844,0.014789277777777735,0.024132277777777763,0.016536083333333316,-0.3326,1.059165380067154,-0.3899071621847101,1.1920006630401263,1.0125946851692125,0.6304079657755268,-0.8339671393733304,0.5100335924464484,BUY
2012-04-30,0.04987082302754753,-0.016789325866153004,0.0058768888888888525,0.008118777777777768,0.010106166666666652,-0.11660000000000004,0.6217404174161253,-0.31373926113314266,0.4743764914359281,0.3693641065783667,0.3909494990614,-0.3765455924134293,0.2466474870130651,HOLD
2012-05-31,-0.0236488206636275,-0.0878354878235511,-0.009452333333333368,-0.03163377777777777,-0.025932749999999987,0.41269999999999984,-0.5389469228993741,-1.372572264807683,-0.7510252587489726,-1.2188543362852775,-0.9420911448457918,0.7389527496852866,-0.451994152182355,SELL
2012-06-29,0.0019615150742433585,-0.03176765888119304,-0.00922169444444451,-0.02271469444444446,-0.002611916666666665,0.5639000000000001,-0.13284978937104025,-0.5279031338846951,-0.7295695199231965,-0.8554155812965988,-0.07522318156116126,1.0547289759522214,-0.12305484936662928,HOLD
2012-07-31,0.006329137012136332,0.030760616334824853,-0.0007855555555555995,-0.007678777777777796,0.017437166666666656,0.4458,-0.06337547605986874,0.40614868847810315,-0.05157375503738549,-0.2516330949953162,0.6681207813404827,0.8001575379729244,0.18361599887013946,HOLD
2012-08-31,0.021139124258751085,0.046553920523465075,0.009936277777777733,0.024974388888888838,0.051951749999999956,0.009400000000000075,0.17178949686329095,0.6409255950822297,0.8088184256961081,1.0551804412872192,1.9467862211031612,-0.12367268555507967,0.6431503165657835,BUY
2012-09-28,0.041828522942712665,0.0559876842050997,0.011048888888888843,0.019388999999999972,0.025629749999999993,0.011400000000000077,0.5004568811134135,0.7797928354016167,0.8947798154509653,0.8261804247645579,0.9523862793822732,-0.1191259905844785,0.5091129016877886,BUY
2012-10-31,0.019460440224179143,0.013256757453820489,0.012370722222222184,0.009153833333333321,-9.283333333333582e-05,-0.22219999999999995,0.14235478515069058,0.13646724045213718,0.9969267492714988,0.41304804986748433,-0.0005268455502399895,-0.6140330621502906,0.15629494609819053,HOLD
2012-11-30,0.009505683093998352,-0.0033169770247433172,0.006650666666666631,0.0010046666666666691,-0.006132500000000003,-0.06719999999999993,-0.01707284629906385,-0.11279240098214945,0.5323396781564539,0.08500635271292593,-0.2237383893915365,-0.28280798902329735,0.015621134359247009,HOLD
2012-12-31,0.008965818113216395,-0.03346798055918487,0.005705166666666664,-0.004941833333333332,-0.021448333333333333,-0.12390000000000012,-0.025677996009353988,-0.5664587197250257,0.45452800626068357,-0.1542943465468494,-0.7905818834125181,-0.40271537648130673,-0.15312359936489078,HOLD
2013-01-31,0.045206392174783616,-0.008323077524858613,0.0032462500000000026,0.012213138888888884,-0.000473333333333336,-0.2948000000000002,0.5563956015689454,-0.18534927691211614,0.2548424626089556,0.5375268127646274,-0.00936908492802378,-0.766027304042425,0.09556141466201329,HOLD
2013-02-28,0.04364841944007747,-0.038357512891343815,0.005278361111111102,0.008504805555555538,-0.008606833333333336,-0.26,0.5295146255979365,-0.6389529440325689,0.4184565909126056,0.38608664242089374,-0.3117736732999008,-0.6887315633302494,0.05559210371688095,HOLD
2013-03-29,0.06548173430460658,-0.0192571578383538,0.0006901388888888824,0.010593805555555552,-0.001683500000000003,-0.09119999999999995,0.8797129740061809,-0.3475180217170351,0.04555903638879325,0.4695221674280193,-0.05286714643737815,-0.32539701227247836,0.16942166985218948,HOLD
2013-04-30,0.06245898877400813,-0.036245129627192285,-0.0017265277777777904,-0.007219972222222232,-0.01700283333333334,0.31320000000000014,0.8271145781001369,-0.6043397040959202,-0.15080855512771837,-0.25404808402986345,-0.6251488386054095,0.5418683961452565,0.056496249413733685,HOLD
2013-05-31,0.05932563054323725,-0.043906450856593615,0.004024805555555594,0.008572472222222242,-0.016589999999999997,-0.25260000000000016,0.7731230773651322,-0.7187522408704305,0.3177516571341338,0.3883076724773707,-0.6074976177227529,-0.6741147738934615,0.032928335893403715,HOLD
2013-06-28,0.02348094900797215,-0.0724919016679546,0.00558213888888892,0.004658583333333347,-0.02603391666666667,-0.6371,0.19103887438479022,-1.1510603933305488,0.44395846882790074,0.22786151868947715,-0.959400883078234,-1.4980303949323943,-0.2657620693514101,HOLD
2013-07-31,0.05312160629891727,-0.040542011919222576,0.009648166666666695,0.0190523888888889,-0.007932916666666671,-0.9045000000000001,0.6705312764807196,-0.6587621926125728,0.7750496307107395,0.8147215353548748,-0.2761357376016122,-2.0592808329377723,-0.01251902133217514,HOLD
2013-08-30,0.0077490516822869004,-0.00017654456051130474,0.007814250000000017,0.014057361111111112,0.009125916666666664,-0.6557,-0.06753643454747028,-0.041875395211679975,0.6220172275701193,0.6074467796884704,0.36566883677660966,-1.5046443669343672,0.0038253404255603196,HOLD
2013-09-30,0.025873323816147487,-0.012657952540736872,0.004075777777777799,0.010021222222222227,0.019877416666666668,-0.12429999999999986,0.2272237231433923,-0.23227683378253325,0.3136118971919275,0.4403533775784453,0.7695563625491801,-0.3665221563719776,0.23070386734849463,HOLD
2013-10-31,0.05457678302869451,-0.016579327827308643,0.002062750000000024,0.0028646388888889074,0.00841266666666669,0.02200000000000024,0.6942778365829231,-0.29167912353643416,0.1474810941912367,0.14577976566097106,0.3343108786752832,-0.05477175983863108,0.21117963587863053,HOLD
2013-11-29,0.06549197158389108,-0.016248529121577815,0.0032425277777777778,0.004850972222222227,-0.004893916666666645,0.0394000000000001,0.8698709382003048,-0.28585266287608657,0.24423704792716205,0.22703200057628217,-0.16936516743342708,-0.01759375127069271,0.19236351133327154,HOLD
2013-12-31,0.06523894050116419,-0.005800023639144891,0.013385472222222222,0.020415583333333338,0.0045319166666666875,-0.4182000000000001,0.8621106679486552,-0.12457248493171381,1.0803985217918077,0.8673483954365998,0.18805240479482788,-0.9941962628245091,0.333952287857897,BUY
2014-01-31,0.01786479022290055,-0.0028339347944628113,0.005064638888888894,0.004421749999999988,0.012193999999999964,-0.08980000000000032,0.08485053642194441,-0.07859116485586687,0.3887280778128214,0.20484680120756146,0.4784600068234359,-0.28864406783846475,0.14470689240454976,HOLD
2014-02-28,0.039350493278555776,0.05438269273145102,0.003883194444444448,0.00998019444444444,0.027043833333333295,0.09689999999999976,0.43637900881172753,0.8049065253951525,0.2900613395985232,0.4338729938999204,1.0418556777941939,0.11142910541076131,0.3855996875858544,BUY
2014-03-31,0.028278943239826715,0.04847788661547492,-0.0013667222222222275,0.0014451666666666528,0.02450441666666663,0.31020000000000003,0.25356985544725164,0.7105645243718341,-0.14540647520074082,0.0795717635980684,0.9400518723123913,0.5684654542196174,0.28270874506276467,HOLD
2014-04-30,0.022727889617733643,0.05673517560437302,0.005528944444444434,0.016718055555555538,0.027278083333333304,-0.0019000000000000128,0.16169350231493826,0.8358038691450974,0.42726170010631415,0.7127121363425338,1.041312572783955,-0.10344659028931923,0.3732555535430704,BUY
2014-05-30,0.033227516637929666,0.013878489792836568,0.0017097499999999966,-0.0004089166666666778,-0.002553416666666697,0.17169999999999996,0.3342951567140037,0.16908462105058925,0.10851349544156222,-0.0007820217265733038,-0.09841301072796152,0.2704229115026181,0.10233942186727489,HOLD
2014-06-30,0.0424786808873856,0.008594193946417805,0.0013402777777777857,0.0007623888888888894,-0.00635750000000003,0.18759999999999977,0.48617061158931546,0.08669663900799532,0.0774686771383288,0.04795872740256019,-0.24319746334032558,0.30405338789649156,0.11207565678106174,HOLD
2014-07-31,0.013456445682100249,-0.04383586014504548,1.1555555555551512e-05,-0.008376333333333322,-0.025800499999999973,0.08810000000000029,0.00479255373262045,-0.7288404192046284,-0.03370505765052996,-0.33329336762742784,-0.9854664050544802,0.08824179150183993,-0.20990508084966297,HOLD
2014-08-29,0.03854198976510537,-0.04504243727710344,-0.0009971388888889018,-0.005652472222222221,-0.015997916666666636,0.13280000000000003,0.4206287934206714,-0.7450699414119352,-0.11808396019572587,-0.21862049060622404,-0.6063293275581574,0.18487285459814082,-0.0562553550568825,HOLD
2014-09-30,0.013676452448501353,-0.08632312108515316,-0.0034429166666666805,-0.016143805555555557,-0.0356750833333333,0.0416000000000003,0.0065203411889634254,-1.385742004303078,-0.3230530076947001,-0.6575024551232901,-1.357398156317588,-0.013557743134087207,-0.39083183684678374,SELL
2014-10-31,0.02541627922338585,-0.06973837885729184,-0.004956861111111109,-0.011156861111111105,-0.02230208333333333,0.2224999999999997,0.20193408159439877,-1.1186633386274472,-0.449553788985529,-0.44625275040479734,-0.8376555897696275,0.3801064207060537,-0.19190360447658358,HOLD
2014-11-28,0.03791696403247258,-0.08235568445532193,-0.006232055555555553,-0.015545611111111106,-0.02965608333333333,0.17910000000000004,0.410009571829494,-1.3090888287800022,-0.5557650174633219,-0.629436456272676,-1.1154212760913484,0.28451378784731346,-0.2676832316917565,HOLD
2014-12-31,0.02510696349798036,-0.11609874792270047,-0.005106472222222232,-0.018055138888888895,-0.026942666666666656,0.3176000000000001,0.19482024611380921,-1.824742761502979,-0.4591805737786748,-0.7330529337024568,-1.0059915286340313,0.586408993173185,-0.23616596613802818,HOLD
2015-01-30,-0.011986634926818951,-0.11168444943688915,-0.00899991666666671,-0.03525669444444445,-0.03237033333333331,0.6946000000000001,-0.42698290146376544,-1.7390159586366294,-0.7870153317764091,-1.4549620808629105,-1.208668301708856,1.409501720244148,-0.4113544825946322,SELL
2015-02-27,0.033619863313657294,-0.056770745074139595,0.0004283611111110623,-0.011334527777777796,-0.007175833333333312,0.17100000000000004,0.33949682947240806,-0.8795495136202597,0.013340190057525634,-0.44000927093559666,-0.24047566638868179,0.25711991448773086,-0.01175466721776898,HOLD
2015-03-31,0.007752668355548886,-0.07636234820068588,-0.0008419722222222539,-0.011881861111111109,0.005747500000000023,0.24809999999999977,-0.09629873076511099,-1.1773413878961647,-0.09438555335804429,-0.46188985527871773,0.25431123646762754,0.4251889743425405,0.004487678568049158,HOLD
2015-04-30,0.010801051751505586,-0.0015082859484308875,0.004901444444444464,0.016621777777777774,0.03324591666666665,-0.3909999999999998,-0.0447126565080522,-0.021116265011972536,0.39380505695466295,0.740995992903727,1.307532647317406,-0.9765951919152326,0.23683764145875186,HOLD
2015-05-29,0.018130021466795654,-0.009396584335951252,-0.0014474999999999703,-0.0013208333333333145,0.015517166666666669,-0.12839999999999985,0.07916806952074465,-0.1425313659715678,-0.14761901038713304,-0.01868515653440718,0.6211987441735265,-0.3968461683465674,0.022869413071027245,HOLD
2015-06-30,-0.003600466539326219,0.010413834384250142,-0.00013783333333330927,0.012016277777777779,0.03745549999999998,-0.42999999999999994,-0.28882836477049917,0.16348140928739588,-0.0355720861073467,0.5454151823946921,1.459851169853476,-1.0581465531518728,0.10378655803640827,HOLD
2015-07-31,0.00724531288899688,-0.08328283890969324,-0.0036692777777777748,-0.01148472222222222,-0.012357416666666673,-0.1484000000000001,-0.10419515181790605,-1.285814979043805,-0.3373984663305028,-0.45155349833364894,-0.454176549565584,-0.4350797422003472,-0.2970672347079982,HOLD
2015-08-31,-0.045713198149665346,-0.07246337390366508,-0.004981000000000003,-0.01908155555555557,-0.006547250000000036,-0.09650000000000025,-1.0041263364062119,-1.1113448679975044,-0.4489457368843921,-0.7727231156912259,-0.23049846154027026,-0.31982568608933126,-0.4626865561019053,SELL
2015-09-30,-0.05973526084593128,-0.08823250012069161,-0.008070472222222224,-0.03424658333333334,-0.02604541666666667,0.3163,-1.2381082082920694,-1.349371525988564,-0.7128753934105936,-1.4141044948072152,-0.9780851107724259,0.5905462528417934,-0.6254378257400851,SELL
2015-10-30,0.018802195998500748,-0.06593305039249364,-0.0009307777777777781,-0.008213555555555559,0.007569333333333327,0.03799999999999981,0.1020371178756564,-0.9976186267002196,-0.09732859032030672,-0.301855926758287,0.3160391864716094,-0.025255470309173807,-0.001060613840083608,HOLD
2015-11-30,0.02156735491569206,-0.10201425757444027,0.001052611111111103,-0.00708350000000001,-0.010895333333333337,0.011900000000000244,0.14886381966847553,-1.5492882099071315,0.07360191342302838,-0.2531746364710969,-0.3946852271717216,-0.08291813569551335,-0.08471871104113801,HOLD
2015-12-31,0.005236168580365463,-0.08935405476053349,0.002883416666666666,-0.0005145833333333356,-0.013615750000000013,-0.23260000000000014,-0.12990894301182077,-1.343599620315566,0.23136854161405113,0.026869782796270846,-0.4984819181798424,-0.6245632726102057,-0.1657859682319245,HOLD
2016-01-29,-0.03279451253555954,-0.07892559568418955,-0.010272194444444488,-0.02976241666666669,-0.01916125,0.22120000000000006,-0.7794228805105969,-1.1756778471551608,-0.906213066401572,-1.2201819811197054,-0.7111004931466595,0.3842085098961417,-0.5387849852137321,SELL
2016-02-29,-0.03357977227807796,-0.06634287928313276,-0.013863583333333379,-0.029920250000000013,0.003063333333333331,0.47130000000000005,-0.7902017382787446,-0.9769465469290106,-1.2132837493119495,-1.2205424393981752,0.14969349597996615,0.9392367369453336,-0.3558496156772616,SELL
2016-03-31,0.01833565152044514,-0.012732153849590033,-0.002732333333333385,-0.009732777777777799,0.01862233333333333,0.5007000000000001,0.10098950047990436,-0.15132772715160195,-0.24549817713299804,-0.3552474416011736,0.7516436855002536,1.000916282199699,0.20880064157428094,HOLD
2016-04-29,0.022268859729447588,0.07538169518748972,0.01251124999999999,0.020500805555555553,0.05029283333333333,0.08760000000000012,0.1682303683155937,1.2021577024411678,1.0743952045462686,0.9343501400377883,1.9762238196844715,0.07822359152636688,0.7052371873517482,BUY
2016-05-31,0.03652455305101743,0.06359447004608287,0.015198750000000009,0.02892252777777778,0.0530235,-0.1111000000000002,0.41285539331770826,1.0151756348298218,1.3021382806925135,1.2898167436585535,2.0607551845900383,-0.36466594566865107,0.7834832760983605,BUY
2016-06-30,0.03279087829165639,0.08410813141399798,0.0018150555555555576,0.009808499999999996,0.052082833333333335,0.29899999999999993,0.34757574941004626,1.325610171998084,0.1385437055195668,0.46885350319448466,2.0019041539166924,0.5515852538138559,0.5847437276424411,BUY
2016-07-29,0.049483007944995716,0.013894383119584575,-0.0001025555555555548,-0.003792888888888893,0.0020926666666666637,0.38019999999999987,0.6346535717313171,0.24251371493714385,-0.02776638607563281,-0.11241281475364984,0.08108870774263213,0.731619312873399,0.21786373191967762,HOLD
2016-08-31,0.028446769587403775,-0.017693869183212474,0.0041777222222222155,-0.0037198333333333454,-0.002442750000000003,0.26580000000000004,0.26956074657472173,-0.24283385696812507,0.3436269363196767,-0.10905812561973743,-0.09179979833287238,0.4733507575269741,0.14761341941146047,HOLD
2016-09-30,0.018450063175496245,-8.728820162295925e-05,0.006982388888888883,0.003293722222222212,-0.01122075,-0.12470000000000003,0.09601094803872676,0.02844778748704994,0.5866055891408221,0.19150931991250278,-0.4265902868369181,-0.40297097517546177,0.007427432513278612,HOLD
2016-10-31,-0.006068661816827525,-0.004048469013189893,0.006399249999999995,0.006774694444444435,0.0042296666666666646,-0.37239999999999984,-0.3292614855873473,-0.03265104252603653,0.5342560684217409,0.3404673169370552,0.16510484604170297,-0.9580889955243552,-0.041253708285200585,HOLD
2016-11-30,0.019805761001310707,0.007553591250838432,0.008836638888888882,0.0229738611111111,0.007381583333333332,-0.8009,0.12088145108815844,0.14656700385769458,0.7453024992261336,1.0360214532477232,0.285489567021457,-1.916494351795824,0.04520010313127476,HOLD
2016-12-30,0.027252475985748648,0.02794332011387346,0.013069166666666672,0.02582327777777778,-0.0011565000000000013,-0.8499000000000001,0.25023213081107576,0.46173935782116954,1.112194784665565,1.1541649099286768,-0.04284535063255415,-2.008011134870265,0.07762255665041645,HOLD
2017-01-31,0.037273894163806665,0.02223063351071608,0.010267916666666663,0.025350361111111108,-0.0006288333333333354,-0.6276000000000002,0.42443686671904746,0.3720777867797835,0.8629570385202584,1.1284610788731162,-0.02246236992779708,-1.4944180843200443,0.14982908831076347,HOLD
2017-02-28,0.060358576014032606,0.014145523897590051,0.005333249999999995,0.010983805555555545,-0.005908833333333337,-0.008999999999999897,0.8266227430021061,0.24571076258856162,0.4294527036931047,0.5066204829989248,-0.22590874434238753,-0.11494429179292759,0.2369738155931368,HOLD
2017-03-31,0.044756364129465265,-0.013473350352572355,0.00046358333333331873,0.0010686944444444364,-0.015415999999999977,0.05690000000000017,0.5511522995005865,-0.18438761239148962,0.0029184534338787455,0.07908805518121789,-0.5925511131727789,0.03150723935496987,0.012019155716312364,HOLD
2017-04-28,0.03457927095183577,-0.027274051760818985,-0.00027394444444445295,-0.004176055555555557,-0.012555416666666645,0.17290000000000028,0.37160240652435145,-0.3990774823089551,-0.061663057569663456,-0.146997490434442,-0.4803012325353254,0.28934167470668126,-0.004669616551399691,HOLD
2017-05-31,0.03067935607112804,-0.035071185011131156,-0.0006282500000000078,-0.00912613888888889,-0.016812916666666646,0.18710000000000004,0.3023891074083242,-0.5198735863777437,-0.09262453440132552,-0.3603515027057033,-0.6439864884605623,0.32035130597127687,-0.07903701869799835,HOLD
2017-06-30,0.022202319355709488,-0.028454370542150942,0.004153388888888891,-0.0022478333333333356,-0.0050056666666666765,0.08369999999999989,0.1528476265333003,-0.41512499298879596,0.32787928096439667,-0.06216614799851845,-0.18430615906904185,0.08894491093450184,0.053866585227439756,HOLD
2017-07-31,0.02814428620282783,-0.0011358686732233503,0.005811472222222221,0.005448472222222205,0.001358083333333323,-0.014000000000000234,0.257105301724046,0.013610050444633958,0.47317643755600414,0.2713626412372587,0.06332216019430152,-0.12965196905162776,0.15588576194333045,HOLD
2017-08-31,0.021056066890295266,0.008130516977031599,0.0017465833333333354,0.002886694444444431,0.0053478333333333225,0.08579999999999988,0.13159874579341405,0.15897155659958306,0.11355553081549327,0.15961575602080413,0.218517151713027,0.09415262860468378,0.11957330215790371,HOLD
2017-09-29,0.029660670593812943,0.007570907419322426,0.003448583333333331,0.007313694444444414,0.008269666666666656,-0.029900000000000038,0.2833342849552622,0.14985578975689995,0.2637260943902381,0.35179365566684584,0.3320260576905065,-0.16569799921117015,0.17753034891528044,HOLD
2017-10-31,0.03898524588179764,0.02376075719571502,0.003904277777777776,0.008691055555555539,0.005732249999999988,-0.08510000000000018,0.4477513124558783,0.4045518607020947,0.30352048685230265,0.4110224008065961,0.23214026757806244,-0.2894898514992007,0.18415743603227314,HOLD
2017-11-30,0.051492100643651284,0.012241508925866507,0.006662638888888882,0.015608749999999977,0.004359166666666656,-0.29269999999999996,0.6683834596409488,0.22190953268817773,0.5474924986023328,0.7118943955273247,0.1778987296837772,-0.7565194409216005,0.22485827375546388,HOLD
2017-12-29,0.04453123372158441,0.03005957550215488,0.0039224999999999954,0.01286572222222221,0.013787166666666658,-0.07180000000000009,0.5430027734080067,0.5030802503226062,0.3028026681195956,0.5900509026369827,0.5473513061830962,-0.25622955010831266,0.2878296833732281,HOLD
2018-01-31,0.07838895264354817,0.038200654597501105,0.00656305555555555,0.022090166666666657,0.011669749999999991,-0.3256999999999999,1.1432264227219775,0.6307252717994475,0.5370628948683946,0.9918557726267354,0.4627763125401111,-0.8291423869822986,0.3842965026291534,BUY
2018-02-28,0.02065572023606177,0.012222184367103539,0.005119916666666661,0.0150413611111111,0.009065333333333321,-0.45089999999999986,0.11296915548280673,0.21735771494951941,0.4071942181632239,0.6798969575615595,0.35921185236141673,-1.109412604661138,0.07497659648464486,HOLD
2018-03-30,-0.014291792950029247,-0.001209196746244534,-0.0005316666666666763,0.002741888888888875,-0.0046815000000000025,-0.3334999999999999,-0.5090109568705451,0.003687477897957334,-0.09793733196630384,0.13965792437632898,-0.18332826430443883,-0.8395233372563498,-0.2483569943368848,HOLD
2018-04-30,-0.016067253951788874,0.016412871333556067,-0.002943972222222223,-0.005046083333333339,-0.006101250000000002,-0.2481,-0.5394231244665026,0.2839842406700809,-0.31338155249464306,-0.202130575193998,-0.23901624690966616,-0.6437983077010072,-0.32295830112763624,SELL
2018-05-31,0.0016155068915129078,0.01948940062956761,-0.0028990555555555558,0.0003666111111111075,0.002016999999999999,0.0019999999999997797,-0.22262667973303382,0.33242492227704523,-0.3087119028035462,0.03605621804202872,0.08260498142069228,-0.07618360482841154,-0.08147683131704511,HOLD
2018-06-29,0.0036934930031629065,-0.016272321148052882,-0.002174499999999999,0.003250166666666663,-0.004797583333333335,-0.12119999999999997,-0.18504512825228764,-0.23908057469528232,-0.24308934231323112,0.16290851003989137,-0.1876403736006622,-0.3553282032870384,-0.13469908956888801,HOLD
2018-07-31,0.04032955152721107,-0.030939791412163853,0.0004143333333333227,0.0003737777777777611,-0.01683341666666667,-0.006699999999999928,0.47131833477276874,-0.473137925640438,-0.009992903626436147,0.03575934419931126,-0.6651811319128745,-0.0945871825816554,-0.04378058985814767,HOLD
2018-08-31,0.05956956538410263,-0.04177966974492764,0.00010697222222221028,-0.002406583333333363,-0.025605416666666672,-0.0017999999999998018,0.8152558217263239,-0.6456361702117606,-0.03764361966978176,-0.0871396317125498,-1.012031479705926,-0.0832625686012433,-0.06747024632719616,HOLD
2018-09-28,0.04672080309013449,-0.02077214428270402,0.006486638888888882,0.009422305555555531,-0.009275833333333337,-0.20109999999999983,0.5821642155961191,-0.307151764424813,0.5378105421554312,0.43657673728442525,-0.35902933364867345,-0.5373391785529625,0.11003049713905662,HOLD
2018-10-31,-0.029625154393973507,-0.03200947003708354,-0.0016955555555555636,-0.005443111111111137,-0.005787000000000004,-0.18369999999999997,-0.7909195742701717,-0.48697966345119986,-0.20240420624245511,-0.22332888833308245,-0.2193477608681745,-0.4963496735733358,-0.32205835054786996,SELL
2018-11-30,-0.015518304227719826,-0.023897904243651458,-0.005538916666666664,-0.007880250000000005,-0.0016731666666666705,-0.12749999999999995,-0.5349116737958147,-0.35541734317337564,-0.5497282410051826,-0.33112002901568716,-0.05481877501380068,-0.3667735457744783,-0.3062253774341606,HOLD
2018-12-31,-0.09448513143755022,-0.073481963799781,-0.013768500000000003,-0.04066483333333333,-0.022808833333333334,0.3769999999999998,-1.9552476691845262,-1.1533541517651693,-1.2939133322236633,-1.7886639528949848,-0.8993794576479415,0.7887984446321004,-0.858067661219836,SELL
2019-01-31,-0.016593164411493166,-0.015803592800743504,-0.004851111111111108,-0.015328777777777783,-0.000332083333333363,0.5141999999999998,-0.542958491704856,-0.2199100587735022,-0.4807784545466528,-0.6525766642047922,0.0022747597543941248,1.1007314500747853,-0.0955512334378536,HOLD
2019-02-28,0.01987689644247448,-0.0029413025768554313,0.0034285555555555445,-0.004848222222222253,0.002710833333333277,0.2728999999999999,0.11235104230416589,-0.012067832274441873,0.27047379546306666,-0.18609251293449375,0.12415236302405205,0.5437818911054167,0.1441110964937013,HOLD
2019-03-29,0.04322542058367973,0.0017583985148739156,0.006759194444444432,0.015835194444444402,0.024747999999999947,0.27920000000000034,0.5316157308584814,0.06388208704802552,0.5722297406637543,0.7331401486352956,1.0082382524563078,0.5569472745575207,0.56702852452856,BUY
2019-04-30,0.06888915228981407,0.0008075723414859848,0.005101583333333325,0.007310916666666642,0.007761999999999977,0.1275000000000004,0.9920485140209815,0.048375814174707515,0.42022992707685386,0.3520808847678821,0.32284354367712426,0.20738718865023173,0.3824316763655123,BUY
2019-05-31,-0.0009299522680972228,-0.025032606902228194,-0.0039451666666666585,-0.01990838888888889,-0.002843499999999985,0.5903999999999998,-0.26757095427150307,-0.37071040455460325,-0.4039639792886567,-0.8608281095815681,-0.10410484902004656,1.271472487244125,-0.06083256748627494,HOLD
2019-06-28,0.04055500794687639,-0.006684002104195952,0.0014496666666666662,-0.005535444444444451,0.0016303333333333439,0.3998999999999997,0.4805257908414691,-0.07195777855128113,0.08858221144137189,-0.21774355239310259,0.0762464721015698,0.8279168585987974,0.20925463009835096,HOLD
2019-07-31,0.03732020335380626,-0.011667770194241811,-0.0008517499999999931,-0.011051305555555556,-0.0003454166666666562,0.4873999999999996,0.42108607405995085,-0.15291270873788884,-0.12171137200647666,-0.4635199101885928,-0.0036030788353112555,1.0265264752613217,0.143129698048482,HOLD
2019-08-30,0.010233653167357915,-0.027283763009336326,0.0009858055555555477,-0.006512861111111125,0.003705666666666676,0.6285000000000001,-0.06932640572011119,-0.4071508966719101,0.04658617821682774,-0.2596705036331669,0.16014032270375364,1.347037906400265,0.2041279163279281,HOLD
2019-09-30,0.01924359835486933,-0.010600657270007918,-0.0010129444444444463,-0.009034944444444462,-0.0006787500000000135,0.3405,0.09392292450882055,-0.1339815377575025,-0.13664501338591628,-0.37209129938855384,-0.017687455540838164,0.6793968119817436,0.041149328029209314,HOLD
2019-10-31,0.03465236367269653,0.010798543695512919,-0.00026719444444448653,-0.004545527777777814,0.00492466666666665,0.32340000000000013,0.3732263627910699,0.21617979020394246,-0.06794506335549132,-0.1700432052102583,0.2096471238040439,0.6383595199242762,0.1638741229922734,HOLD
2019-11-29,0.046767696740924736,-0.0150780940492099,0.0072771388888888495,0.01498491666666663,0.005854833333333318,-0.27970000000000006,0.5925485875669589,-0.20807728737424042,0.6259091439782186,0.7074925649854021,0.2470483984442329,-0.7500380804571978,0.23716010241960256,HOLD
2019-12-31,0.05968326509192079,0.03044873496173328,0.009673444444444406,0.02081499999999997,0.008841833333333325,-0.2528999999999999,0.8260170570755238,0.539302197020898,0.8449664223906961,0.9677221575716447,0.36816203329954106,-0.6863042258465084,0.3867605740818163,BUY
2020-01-31,0.04396797072398151,-0.038195281158369676,0.003018694444444437,-0.0025424166666666906,-0.01174441666666668,0.18420000000000014,0.5376015436443777,-0.5896443486192661,0.22952518598864308,-0.08573304921348683,-0.4718806174756917,0.3222864615509512,0.08863325408246558,HOLD
2020-02-28,-0.045270335778689774,-0.07584592723242067,-0.00584847222222222,-0.029700138888888894,-0.015000666666666667,0.6272,-1.0894929479774857,-1.207507199165747,-0.5889258680187385,-1.3087532210688102,-0.6037873211014626,1.343687154159123,-0.3745453673345624,SELL
2020-03-31,-0.1467019558536673,-0.1657941298636847,-0.047963583333333344,-0.09214747222222223,-0.0637645833333333,1.248,-2.932759000892677,-2.6805576501541895,-4.477277182820897,-4.111712957675731,-2.595472751601217,2.7673554213264104,-1.8916444119440188,SELL
2020-04-30,-0.03179983732738201,-0.1434259978170116,-0.027202750000000008,-0.05695530555555556,-0.04323899999999997,0.8674999999999999,-0.818913884841759,-2.2790785719252837,-2.464111262665989,-2.447683278013191,-1.729630606633083,1.8597755366904396,-0.9334272492439304,SELL
2020-05-29,0.01749179053969363,-0.0769593969138177,-0.01570261111111113,-0.021027722222222253,-0.01819958333333336,0.4960000000000001,0.07006737777878175,-1.1818184955568949,-1.4145516826578273,-0.8585256818722538,-0.7078425925848882,1.002936592607884,-0.3179859977880507,SELL
2020-06-30,0.0437890262022651,-0.018201653651814365,0.02827549999999999,0.03558338888888887,0.03239933333333331,0.013399999999999967,0.5437722854441668,-0.22907940108020536,2.485832748238426,1.6031193871766682,1.3359640420216945,-0.09508253218642956,0.9789343217824212,BUY
2020-07-31,0.09849241281113308,0.054067017101273596,0.018877722222222216,0.030692499999999956,0.051085583333333275,0.11109999999999998,1.5294170594755752,0.9390393166610311,1.6309274123640884,1.3814461858255074,2.082456912201674,0.12704907248966887,1.1252161070594189,BUY
2020-08-31,0.14059647912757534,0.11857522977211965,0.013735416666666658,0.03753197222222219,0.05146899999999998,-0.052200000000000024,2.278469193249372,1.978526999966951,1.170806979793944,1.6704258123975928,2.0784150174472087,-0.24480576653240896,1.158885206059285,BUY
2020-09-30,0.051405156251791206,0.05682119043955147,0.00553241666666666,0.02167574999999997,0.0363483333333333,-0.027900000000000036,0.6605639190050625,0.9688750843504523,0.44877902880067094,0.9758980165921595,1.456859429455732,-0.18897338201936018,0.5588545019723775,BUY
2020-10-30,0.0036201358740273193,0.043231532358305236,0.00308999999999999,0.012883222222222213,0.02242558333333334,-0.34550000000000003,-0.19583990709527535,0.7471051635344341,0.23399783398463778,0.5934668418178982,0.8954163271963057,-0.9137889500771049,0.1022086909710769,HOLD
2020-11-30,0.07967034195538081,0.05222082791009863,0.010904361111111106,0.01197591666666666,0.006437833333333337,-0.1341,1.1671436386834808,0.8898041317411424,0.9189344584542758,0.5529362602216361,0.25677223168568025,-0.4281428956997331,0.4112739488908901,BUY
2020-12-31,0.08441547505568492,0.07143268945674985,0.015994944444444433,0.03317361111111109,0.03413483333333333,-0.22919999999999996,1.2474341902434687,1.1964226621934235,1.3626624991749299,1.468005018489338,1.359614051660061,-0.64478559964417,0.7988216933206047,BUY
2021-01-29,0.04995144924361172,0.07148962886696308,0.011204944444444434,0.034026166666666656,0.029781166666666657,-0.19179999999999986,0.6254837009257374,1.192419012599252,0.9365127880908917,1.4970149556457115,1.1797566377346584,-0.5576315062067877,0.6135227626983685,BUY
2021-02-26,0.06179638327362702,0.1111437336070149,0.006720666666666657,0.0338112222222222,0.0299715,-0.5660000000000001,0.8361406601292807,1.8250996868209473,0.5406521484980258,1.4796487055628906,1.182467908457383,-1.4140595470399802,0.43747497926793333,BUY
2021-03-31,0.07637517305655117,0.05831472300110252,0.0067641111111111,0.031336666666666645,-0.0026674999999999997,-0.8271999999999999,1.0949699744986587,0.9658064562715364,0.5432969737516135,1.3654579125681923,-0.1189311482078237,-2.0046541671216884,0.14668992424815874,HOLD
2021-04-30,0.08803646591187553,0.1028670034330974,0.006941666666666656,0.039558999999999976,0.008033750000000006,-0.5604,1.2998118805299645,1.6762734328616231,0.5577207293912161,1.711746487345124,0.3070884767258923,-1.3805717504071242,0.4159659705975123,BUY
2021-05-31,0.06704969578627074,0.09193078708836522,0.004574333333333318,0.025214333333333314,-0.00309566666666667,-0.1894,0.918501425226795,1.491004290882755,0.3483484648614552,1.0871106183812198,-0.13702315350611644,-0.5305193362947577,0.28106966977809933,HOLD
2021-06-30,0.0663304255479289,0.07729478691203329,0.002604055555555549,0.01799783333333332,0.010581749999999987,0.2724,0.9028114459453425,1.249776330862721,0.17420295722455545,0.7746356903720829,0.4092133521996499,0.521687289749051,0.46375845591511367,BUY
2021-07-30,0.06071414781064188,0.06435541676624146,-0.00017094444444445273,0.0041734999999999915,-0.007715500000000014,0.40359999999999996,0.799553220263911,1.0384532408363671,-0.07084875036746802,0.18111403857602146,-0.32305435319313025,0.8195736331362555,0.23438963140259833,HOLD
2021-08-31,0.06109696675596443,0.04062315018325591,-0.00027933333333334263,0.005689777777777756,-0.011929416666666682,0.2855000000000001,0.8042436384456796,0.6570749588500501,-0.08030760924048658,0.2457854317393683,-0.49116696382298586,0.5480494398915658,0.1711006561688569,HOLD
2021-09-30,-0.002432428885614013,0.05922380992762477,-0.0004973611111111191,0.007141972222222214,-0.008461916666666684,-0.019300000000000095,-0.33657289431717774,0.9519219829495718,-0.09946878513291843,0.30768764838742946,-0.3511345906098741,-0.14887887704714975,-0.10472791645328178,HOLD
2021-10-29,0.049361491724855266,0.06236162589191552,0.0045614444444444366,0.02067388888888887,-0.006959250000000045,-0.3298000000000001,0.5937038843667488,0.9989506232562297,0.3490787841142134,0.8887956887400988,-0.29014494488355513,-0.8585430964515153,0.11381505264766509,HOLD
2021-11-30,0.026470517722930076,-0.02033419916961532,0.00016466666666665788,0.0035394444444444375,-0.021323166666666702,-0.13549999999999995,0.18107489917446398,-0.32227607258420726,-0.041823804282725904,0.14944388882326082,-0.8671928109542993,-0.41168685837954144,-0.16503078093647366,HOLD
2021-12-31,0.05275503938294901,0.006209919704970535,0.00016719444444443236,0.009906305555555535,-0.024957916666666708,-0.02279999999999993,0.6538122485673271,0.1019725494623142,-0.04153121997459913,0.42340235308667334,-1.0108788913797306,-0.15277349410909022,-0.021328167301569896,HOLD
2022-01-31,-0.007001454681130115,0.07338263136027878,-0.006188138888888905,0.004946527777777766,-0.009461000000000008,-0.2245999999999999,-0.4241522640639399,1.1756813403980548,-0.6074124396805815,0.2087044758199512,-0.38411684231003984,-0.6154677579231188,-0.30374080469295484,HOLD
2022-02-28,-0.03287011633061976,0.10589804179516005,-0.008694361111111123,0.01946974999999999,0.03581466666666666,-0.38070000000000004,-0.8899606626383608,1.6906415277691773,-0.8294835078708223,0.8356427313097013,1.4404377995831337,-0.9725692938601759,-0.0693221555794207,HOLD
2022-03-31,-0.006433110635613248,0.15704054216178376,-0.004262777777777785,0.03410866666666665,0.0438065833333333,-0.8279000000000001,-0.4103497089587331,2.4947948888645324,-0.43199432693458006,1.465960449886789,1.7545202360609862,-1.9965763892001078,0.06359337680905908,HOLD
2022-04-29,-0.07786606737360335,0.15734329645577705,-0.002171083333333336,0.03172324999999998,0.03168524999999997,-1.1569000000000003,-1.700266323534067,2.470850655497161,-0.244376989866661,1.3556929917209604,1.2570469294116706,-2.7327294634894104,-0.3441054759595846,SELL
2022-05-31,-0.06265595368799282,0.11493307569145172,0.0033698888888888836,0.028958444444444426,0.016876583333333302,-1.0191000000000001,-1.4156849520986148,1.778433635492422,0.2516160764943048,1.2304645055753705,0.6588435305671395,-2.384528905845852,-0.27654829088460875,HOLD
2022-06-30,-0.10825085514516264,-0.03092384335194287,-0.007598861111111084,-0.016343527777777766,-0.0374795833333333,-0.6749,-2.228918895421126,-0.5108988093278001,-0.7313171187364667,-0.7243281292234492,-1.5209978589230548,-1.5864084257037177,-1.1319950713346358,SELL
2022-07-29,-0.012053850845754943,-0.010426932949216372,-0.005947333333333323,-0.014140777777777789,-0.03933299999999999,0.2849000000000004,-0.4885986480389495,-0.18943582125537808,-0.5814950005902653,-0.6276953622035973,-1.5869357091142502,0.5727552653241622,-0.45199490910381673,SELL
2022-08-31,-0.0379142077326885,-0.02132850957354515,-0.0007885277777777514,-0.006892194444444429,-0.0447538333333333,-0.34850000000000003,-0.9503836101274137,-0.3598154503041917,-0.11734276468882665,-0.31378241163096743,-1.7941513462375764,-0.8490381050054714,-0.6707830396150426,SELL
2022-09-30,-0.09302763827039806,-0.08719420635704733,0.0041519999999999795,0.005278666666666651,-0.02519775,-0.8156999999999996,-1.933876975903832,-1.3918967769190167,0.32687383624750976,0.21227047687101758,-1.004631293763234,-1.8950415313363829,-0.7157342479808204,SELL
2022-10-31,-0.00974151357904085,-0.05104232404768905,0.006221749999999977,0.01291463888888888,-0.03247599999999998,-1.3990999999999998,-0.4353118885792617,-0.8194470297300637,0.5125873847365096,0.5421243195744733,-1.2906816590897316,-3.185181879200531,-0.642743953759757,SELL
2022-11-30,0.04580752704800606,-0.007262930398449496,0.004921277777777767,0.007096499999999993,-0.03210916666666668,-0.41279999999999983,0.5566552216427529,-0.13151492551816207,0.3943936189122918,0.28915307497978227,-1.2705975325375185,-0.9574620639933876,-0.16464294683267988,HOLD
2022-12-30,-0.01813532232285553,-0.02917072654356956,0.010486277777777761,0.01193694444444443,-0.008351083333333346,-0.04620000000000024,-0.586656259042791,-0.4750091331383109,0.8957906687738322,0.4985143469016297,-0.32286084703150003,-0.14673168780800838,0.05634270363219379,HOLD
2023-01-31,0.04488865516871621,-0.023780556310697087,0.010638944444444442,-0.003969722222222236,-0.008848166666666681,0.5408999999999997,0.5414960800570717,-0.38943037533971403,0.9070581329947311,-0.1928739446487621,-0.34203897013826523,1.1492614309631235,0.34381712153798316,BUY
2023-02-28,0.01694589642400346,-0.051669812855956176,0.0071616944444444185,-0.00599941666666669,-0.02423258333333335,-0.3146,0.040210033293619,-0.8273943477627421,0.5905700523723613,-0.2807942410661527,-0.9534368138898356,-0.742074631993958,-0.22425426688066102,HOLD
2023-03-31,0.02957325666610311,-0.04902129858580273,-0.002643361111111124,-0.01007702777777779,-0.009266916666666689,0.4072,0.26653889031617795,-0.7835478229887557,-0.29675483909320544,-0.45783302744465115,-0.35511633964337724,0.853085277716394,0.001653326975223024,HOLD
2023-04-28,0.03183028358248974,-0.046856691726712585,-0.004198416666666667,-0.009946305555555533,-0.005734166666666665,0.08489999999999975,0.3066206603518866,-0.7475028089745014,-0.4369885264482857,-0.45128229681620463,-0.2137326095414263,0.13903073477270253,-0.10939200628022128,HOLD
2023-05-31,0.03015460752100929,-0.07949268034780788,-0.0038623333333333084,-0.011431111111111086,-0.0029292499999999735,0.2774000000000001,0.2759738357167234,-1.2599446469174835,-0.4057359980596718,-0.5152437394055116,-0.10145790542267372,0.5645845389662876,-0.03031321136747435,HOLD
2023-06-30,0.06998507358023698,-0.029256654827147233,0.00663222222222221,0.012286222222222231,-0.0009862499999999646,-0.3691,0.9926936293074382,-0.46407208183534954,0.5471482276109464,0.5219319308771043,-0.02364539314449651,-0.8679869784124004,0.19502356937309867,HOLD
2023-07-31,0.08110731420588335,0.034165118587246024,0.009847861111111094,0.0259679722222222,0.020634666666666635,-0.5367999999999999,1.1899357069866674,0.5364387924685659,0.8381290797236792,1.1193236266884865,0.8418295508262279,-1.2371135876328865,0.45868406276536244,BUY
2023-08-31,0.04000442981170993,0.021750774576325904,0.00991191666666664,0.02770236111111109,0.03773616666666661,-0.46550000000000047,0.44589523023402744,0.33949287555782065,0.8417775844663615,1.1913152785192074,1.5244359696067802,-1.0745509983025145,0.48814551075397705,BUY
2023-09-29,-0.017417267406955927,0.01137110904810612,0.007134777777777809,0.013937555555555552,0.01601966666666661,-0.7344000000000004,-0.5894880501058517,0.17490973015421707,0.5871274702708204,0.5855150251908118,0.6486896185532155,-1.666028233341778,-0.072364028238797,HOLD
2023-10-31,-0.039905863248358986,0.008726479148018385,0.006293277777777796,0.005453499999999996,-0.002370500000000021,-0.9718999999999998,-0.9938618044887133,0.1327866209683034,0.5093565630876881,0.21325843093887495,-0.08835144071871712,-2.180642689131878,-0.42337349005212427,SELL
2023-11-30,0.030460603121069685,-0.024386808047799913,0.007204638888888885,0.0015933055555555301,-0.0030292500000000232,-0.21829999999999927,0.27822776558046236,-0.3921931714488314,0.5914162240450648,0.043844297639304246,-0.11460480797754113,-0.508166112083099,0.04845289453403186,HOLD
2023-12-29,0.0632662235613628,-0.050379727135548946,0.0047188333333333145,-0.008350833333333363,-0.009382416666666688,0.6920000000000002,0.8702705576966348,-0.803972106291421,0.3635299454854352,-0.3924371204406247,-0.36933672757166514,1.4925657906132699,0.3274320742971751,BUY
2024-01-31,0.06996373946142431,-0.03765013699820552,0.0013325555555555512,-0.011164222222222226,-0.009633749999999998,1.0183,0.9889709628727996,-0.599869563523616,0.05370672750379316,-0.5153297450548249,-0.37879005303487123,2.2008643020448,0.3915703657219495,BUY
2024-02-29,0.10144373122392958,-0.04126744497511514,0.0033749166666666767,0.004219249999999997,-0.009607999999999995,0.07619999999999916,1.554815812727479,-0.6561300518213233,0.2403973474360889,0.16207446344958057,-0.37709104623431106,0.12770860179367535,0.28465086319541877,HOLD
2024-03-29,0.09741120939024017,-0.004803128418748748,0.00448908333333334,0.017300527777777783,0.007443750000000004,-0.32120000000000015,1.4741588296798007,-0.07472381264990062,0.3420516188251815,0.737866337946003,0.3104644659913201,-0.7402134654253916,0.35405463116948566,BUY
2024-04-30,0.02179773206189184,0.02206623959833509,0.009142194444444432,0.023368305555555535,0.012279416666666647,-0.7674000000000003,0.10625250144338164,0.3534103329768487,0.7681691411107451,1.0035524726647633,0.5050122715359596,-1.7134554649676756,0.11158848696452905,HOLD
2024-05-31,0.04576591929139706,0.033255169544748275,0.005454527777777742,0.01531830555555552,0.016742583333333318,-0.24829999999999952,0.5381224761141142,0.5312888237122234,0.42799712708985405,0.6458433211717143,0.6842950351444081,-0.5725006424779062,0.2872928861736975,HOLD
2024-06-28,0.05789257005581194,0.00923225437991193,0.0017313888888888602,0.008086611111111081,0.005257499999999987,-0.1957999999999993,0.755908447023788,0.14668381515148052,0.0852173162942838,0.3255485199519644,0.21857493896026708,-0.4568787658985976,0.1547284093886176,HOLD
2024-07-31,0.0469939898756897,-0.03275842184875344,-0.0058930000000000276,-0.012030888888888897,-0.008494083333333355,0.6501999999999999,0.5573650538698754,-0.5250147339578871,-0.6163663413811775,-0.5634092061544087,-0.3383805466007102,1.3911704992104548,0.07172990982400565,HOLD
2024-08-30,0.05253840757073314,-0.035402689785260955,-0.005151222222222262,-0.015278777777777808,-0.014767916666666693,0.5951,0.6564980384356662,-0.5663558504274034,-0.5468098629141094,-0.7058971572848558,-0.5920943761372697,1.2650348819497008,0.01278858734152205,HOLD
2024-09-30,0.05711401216747802,0.005862651883450143,-0.0017887500000000392,-0.008962527777777807,0.001836249999999978,0.6151999999999997,0.7378855003628885,0.09600041213315254,-0.2358125847624314,-0.42492218229322454,0.08273758296372469,1.3040115805796058,0.2439833161417605,HOLD
2024-10-31,0.025649092089013115,-0.010727183431105125,0.006998805555555528,0.010669694444444417,0.011057583333333312,-0.25479999999999947,0.16663788272244145,-0.1703741850422224,0.5757238913360664,0.4453712101203254,0.4572829045407164,-0.594576388712528,0.17507325000117027,HOLD
2024-11-29,0.06043656459181834,-0.0021289399072268456,0.006453194444444434,0.014937638888888877,0.01018791666666662,-0.2650999999999999,0.797007965874294,-0.031936226567864545,0.5241937441951777,0.6338547536313339,0.4210819043420334,-0.6158429158476674,0.29338257536586204,HOLD
2024-12-31,0.021333825722144484,0.007979750814585795,0.008831222222222207,0.016320888888888874,-0.005576250000000047,-0.7881,0.08587671103409056,0.13080456097153906,0.743186191956804,0.6939584251696803,-0.22171421283703588,-1.7549703899178055,-0.07561054576571108,HOLD
2025-01-31,0.03342688675815575,0.033745453443003726,0.0034213055555555537,0.014847527777777767,0.01074799999999996,-0.25430000000000064,0.3054085365487399,0.5458939127472447,0.24078418141854463,0.6270281205502952,0.4444444531675873,-0.584218677982364,0.17224110228380052,HOLD
2025-02-28,0.00989428998582964,0.026853407805931484,-0.00039633333333335963,0.0019756666666666534,0.01013816666666666,-0.039699999999999847,-0.12308684981819133,0.43366791024107654,-0.11342054734424654,0.05353413081791954,0.41875560001831863,-0.11612503385869359,0.019942883302517773,HOLD
2025-03-31,-0.04414991736297336,0.05270609466161824,-0.006337027777777793,-0.007996916666666668,0.019320249999999994,0.3636999999999997,-1.1072726358181475,0.8505283529393839,-0.6646549714857036,-0.39052594403981616,0.7934444458615839,0.7630840586104427,-0.1009875078119401,HOLD
2025-04-30,-0.04775127921242417,-0.006094309401052045,-0.008540500000000012,-0.02244527777777777,-0.003630166666666646,0.37680000000000025,-1.1692909748122644,-0.10179081158124187,-0.8679655655829869,-1.0339138171642306,-0.14730804273502915,0.7899146841724274,-0.4047606193536806,SELL
2025-05-30,0.014323437213140888,-0.018321645205751413,0.0008525000000000083,-0.0016180555555555369,-0.006372083333333313,-0.1922000000000006,-0.03563201708130877,-0.29951763208756055,0.007061199629596606,-0.10257143972693812,-0.25941564485219004,-0.4532398285539569,-0.1406329550974662,HOLD
2025-06-30,0.054887457930250294,-0.003667283278955824,0.003196611111111094,0.006139055555555548,-0.014746499999999978,-0.0226999999999995,0.7036952353630358,-0.061586600904294506,0.22519158098879186,0.24380676377742358,-0.6025557624396299,-0.0822607973026853,0.08131283673115602,HOLD
2025-07-31,0.06869348360167504,-0.010049720286698705,0.008889972222222185,0.01967152777777774,-0.0033940833333333475,-0.2120999999999995,0.953986783704884,-0.16506919064189252,0.7553933045380206,0.8482604745394203,-0.135214477708956,-0.49639406761285604,0.3210053362434188,BUY
2025-08-29,0.07381071108008386,0.005572895954184309,0.0013482222222221923,0.007946777777777749,0.003357333333333319,0.1720000000000006,1.0447285568601334,0.08904255759854941,0.05049735407626699,0.32195371145617185,0.1426052103358498,0.34548157489211434,0.3175444012700895,BUY
2025-09-30,0.07954390470064787,0.026551520467491985,0.0028344999999999876,0.008396499999999989,0.004743666666666653,0.0777000000000001,1.1461844166090676,0.43030516811719866,0.1892070639843187,0.341584992755509,0.19948251347348142,0.13820332966436072,0.3357770527477896,BUY
2025-10-31,0.0675316263904624,0.041918813240286346,-0.0023099166666666663,0.006424083333333335,0.011999249999999986,0.2965,0.9234368757734898,0.6799485601377622,-0.2920868209579124,0.2526331477519618,0.49837730211740433,0.6183422893501679,0.33345046567251857,BUY
2025-11-28,0.043476074942201404,0.05433217572680382,-0.001124055555555552,0.007892722222222226,0.014004416666666646,0.2151999999999994,0.4823845425627968,0.8809377213922618,-0.180616200202791,0.3181746698355147,0.5802580446858793,0.4385038015323022,0.2731174764022837,HOLD
2025-12-31,0.026237479043247802,0.034801883882191076,-0.0001604444444444561,0.005938777777777768,0.006923166666666645,-0.01670000000000016,0.16687258247384829,0.560193866061491,-0.09001454425101826,0.22987009048180526,0.2865420071429642,-0.0723521114681582,0.0868196707299069,HOLD
