date,realized_date,primary_signal,composite_score,meta_target_gross_return,meta_target_return,meta_label,event_turnover,spx_trend,bcom_trend,credit_vs_rates,risk_breadth,bcom_accel,yield_mom,spx_trend_z,bcom_trend_z,credit_vs_rates_z,risk_breadth_z,bcom_accel_z,yield_mom_z,weight_spx,weight_bcom,weight_treasury_10y,weight_corp_bonds,trailing_hit_rate_12,trailing_avg_net_return_12,trailing_vol_net_return_12,trailing_avg_turnover_12,signal_streak,vix_level_z,vix_change,vix_change_z,vix_trend,vix_high_regime,vix_rising,oas_level_z,oas_change,oas_change_z,oas_trend,oas_wide_regime,oas_widening
1997-10-31,1997-11-28,SELL,-0.6014571414524361,0.004912500000000037,0.004912500000000037,1,0.45,0.007091105287498234,7.114096643712209e-05,-0.0050925000000000085,-0.012676277777777786,-0.005194666666666666,0.17999999999999972,-1.135862971917034,-0.5839538853015283,-1.2071646152905184,-1.6633164465931625,,0.39760118508609854,0.05,0.0,0.6,0.35,0.75,0.011279861111111107,0.022024066161352003,0.0,1.0,5.3292988534289,12.180000000000003,4.640364009695008,0.45240066225165587,1.0,1.0,3.615999678812598,0.1399999999999999,6.898014837302984,0.22123893805309702,1.0,1.0
1997-11-28,1997-12-31,SELL,-0.380734150131,0.014163999999999972,0.014163999999999972,1,0.0,0.03171232137072111,-0.030748981707467427,-0.0063175000000000245,-0.0113672777777778,-0.010071,0.46500000000000075,-0.4733049556143385,-2.002007353723215,-1.3596622588247271,-1.403942882331751,,0.9525051959848168,0.05,0.0,0.6,0.35,0.75,0.008008621527777779,0.01968767910001911,0.0375,2.0,1.7160933533717475,-7.660000000000004,-2.4729670642881696,0.07428198433420352,1.0,0.0,3.2468486537323256,0.020000000000000018,0.4579285515475228,0.19999999999999996,1.0,1.0
1997-12-31,1998-01-30,SELL,-0.7923394731189461,0.01963299999999995,0.01963299999999995,1,0.0,0.03209967579486972,-0.0647643898092829,-0.005541666666666674,-0.01891055555555556,-0.02265441666666667,0.36099999999999977,-0.448267500762298,-3.2261928390732777,-1.1251479980590056,-1.8976723691934532,-1.9836183416903868,0.7006693709914669,0.05,0.0,0.6,0.35,0.8333333333333334,0.01029037847222222,0.018655065577448855,0.0375,3.0,0.8565986181800801,-3.419999999999998,-1.0458502200814428,-0.07464028776978415,1.0,0.0,1.8194572757507954,-0.039999999999999925,-1.1884891958179211,0.09239130434782594,1.0,0.0
1998-01-30,1998-02-27,SELL,-0.5854637750995222,0.0002005000000000141,0.0002005000000000141,1,0.0,0.03779457536682984,-0.05143460397766075,-0.00471638888888892,-0.012968166666666675,-0.022524583333333334,0.3260000000000005,-0.2918867711111674,-2.029300889735778,-0.9162800639457024,-1.2650945583704385,-1.6451032324562727,0.6055819752864491,0.05,0.0,0.6,0.35,0.8333333333333334,0.010601163194444438,0.018776659098604976,0.0375,4.0,0.2872664229099277,-2.5400000000000027,-0.7749398143444993,-0.17248024667565998,1.0,0.0,3.1833315465445664,0.07999999999999996,2.1147221305507244,0.1479591836734695,1.0,1.0
1998-06-30,1998-07-31,SELL,-0.3686722446768548,-0.0006200000000000068,-0.0006200000000000068,0,0.0,0.051835405656964095,-0.07374689746961416,-0.0020480555555556046,-0.01512183333333335,-0.015061166666666664,0.20800000000000018,-0.045455481232718635,-1.7525462284187392,-0.3930808380330164,-1.369252945316982,-0.769950061219842,0.3657058577414303,0.05,0.0,0.6,0.35,0.9166666666666666,0.010244961805555553,0.016441297873219123,0.0375,1.0,-0.14176411447682755,-1.6099999999999994,-0.501279689285828,-0.0647686832740213,0.0,0.0,2.4199421864005934,0.08000000000000007,2.0679641592343407,0.07192575406032486,1.0,1.0
1998-07-31,1998-08-31,SELL,-0.7964739482615893,0.023519999999999944,0.023519999999999944,1,0.0,0.017531328643179744,-0.10233581829808769,-0.0035119444444444998,-0.02251716666666669,-0.02306716666666667,0.1770000000000005,-0.9568614002414358,-2.351081407737086,-0.6730374317742635,-1.8616382255037796,-1.5754679369502915,0.28816130490023545,0.05,0.0,0.6,0.35,0.8333333333333334,0.006242197916666664,0.012206903192140153,0.0375,2.0,1.047251495134842,5.09,1.279109338794676,0.14655570966250586,1.0,1.0,2.711859714441838,0.040000000000000036,0.88601907686717,0.11212814645308922,1.0,1.0
1998-08-31,1998-09-30,SELL,-1.9787565340819993,0.04530400000000001,0.04530400000000001,1,0.0,-0.11854158385908165,-0.1305292454008007,-0.017167777777777792,-0.05026666666666666,-0.02263025,0.5759999999999996,-4.5497002424500845,-2.7552379266930433,-3.3724728357855875,-3.748716705582609,-1.4017860376073963,1.2001366169336845,0.05,0.0,0.6,0.35,0.9166666666666666,0.01029021527777777,0.008710131566543123,0.0375,3.0,5.549306418048836,19.48,4.987782751318391,0.7084431869333163,1.0,1.0,7.564884788759473,0.41999999999999993,10.47259694865955,0.5092024539877302,1.0,1.0
1998-09-30,1998-10-30,SELL,-0.779729467782704,-0.008600000000000057,-0.008600000000000057,0,0.0,-0.051203709318543345,-0.040242192765591156,-0.02142444444444447,-0.04650455555555557,0.0048705,1.0259999999999998,-1.9672007072141826,-0.46227389754776854,-3.522834232953928,-2.77869357885768,1.4120710537560408,2.178280658573527,0.05,0.0,0.6,0.35,0.9166666666666666,0.011925704861111103,0.012474895269121005,0.0375,4.0,3.31132684556052,-3.3299999999999983,-0.8561611777834686,0.4264979098931725,1.0,0.0,4.4143472102467936,0.0,-0.23068347977237183,0.36162361623616235,1.0,0.0
1998-11-30,1998-12-31,BUY,0.7140222150014438,0.01822095,0.01822095,1,0.6000000000000001,0.07559273466746785,-0.08465739160693087,0.0006208333333333054,0.011162611111111104,0.017939750000000004,0.26199999999999957,0.663670868014634,-1.4116229653922212,0.3597563241600727,0.768424032074874,2.214215722221799,0.2780663435372828,0.4,0.15,0.0,0.45,0.8333333333333334,0.01119504166666665,0.013407372858894866,0.0,1.0,0.5939238776670324,-2.039999999999999,-0.4539276768879174,-0.1509249183895539,1.0,0.0,2.297330151422509,-0.28,-3.443295344613264,0.054054054054053946,1.0,0.0
1999-01-29,1999-02-26,BUY,0.4747561586119652,-0.029313350000000002,-0.029313350000000002,0,0.0,0.13822333836387712,-0.0700253912348534,0.007956944444444345,0.004865499999999933,-0.010618416666666661,-0.045999999999999375,1.8045486696942274,-0.9697816636365959,1.2965021637328071,0.39385402004661973,-0.28614074813396395,-0.3602271536678996,0.4,0.15,0.0,0.45,0.8333333333333334,0.011536341666666651,0.013530509838183507,0.05000000000000001,1.0,0.6165529305053387,1.8299999999999983,0.2763745277802464,-0.17087807959570434,1.0,1.0,1.700925518857503,-0.06999999999999984,-0.8558134234775703,-0.09633649932157384,1.0,0.0
1999-03-31,1999-04-30,BUY,0.8605406516627322,0.0219721,0.0219721,1,0.0,0.05788891523560569,0.01583657032214969,0.010544999999999955,0.022341222222222207,0.036380916666666666,-0.5940000000000003,0.1774522398316873,0.9132503626285161,1.5297532918121644,1.349396081121336,3.581239626900328,-1.4745973296891228,0.4,0.15,0.0,0.45,0.75,0.011364154166666647,0.018550812627803063,0.05000000000000001,1.0,0.12856874530028473,-4.619999999999997,-0.9590074182344511,-0.10463848078526983,1.0,0.0,1.2001506380240405,-0.020000000000000018,-0.31301103089047255,-0.12195121951219512,1.0,0.0
1999-04-30,1999-05-31,BUY,0.9083933873582059,-0.025742650000000002,-0.025742650000000002,0,0.0,0.06355229024557962,0.06080145283954508,0.010964999999999977,0.02892822222222222,0.04675525,-0.6970000000000001,0.2845833445120449,1.8372216704610307,1.5142730080168512,1.6617384728437667,3.6172875825142765,-1.6275220837377056,0.4,0.15,0.0,0.45,0.75,0.01281016249999998,0.01864480581824472,0.05000000000000001,2.0,0.40691704265055373,1.8099999999999987,0.2913848583727709,-0.01615540584734132,1.0,1.0,1.1632191549636828,0.0,-0.10464524137448697,-0.06422018348623837,1.0,0.0
1999-05-31,1999-06-30,BUY,0.4323428834172891,0.027135850000000003,0.027135850000000003,1,0.0,0.01831019517403476,-0.0030891836272843864,0.003948055555555518,0.01748216666666665,0.03887,-0.33499999999999996,-0.6087000476049198,0.4233843005395705,0.571720827844917,0.9619861796702782,2.4753641155437744,-0.8063137749503153,0.4,0.15,0.0,0.45,0.6666666666666666,0.00965414999999998,0.021482311482201658,0.05000000000000001,3.0,0.45112152958504953,0.3200000000000003,-0.0002970577970924321,0.0004597097261442862,1.0,1.0,1.2900258702027028,0.040000000000000036,0.3099474402706648,-0.010886469673405785,1.0,1.0
2000-04-28,2000-05-31,SELL,-0.5115896881451097,-0.002344000000000017,-0.002344000000000017,0,0.6000000000000001,0.016864545714435852,0.015096607812306928,-0.015134444444444464,-0.011942888888888897,-0.012325833333333333,0.4530000000000003,-0.5490854295873171,0.4321094237201361,-1.9708742735742921,-0.827337265989627,-0.7278221546258922,1.00558099490647,0.05,0.0,0.6,0.35,0.5833333333333334,0.004757991666666674,0.02019574377355322,0.0,1.0,0.5886184711540446,2.09,0.3976320068580892,0.06612410986775186,1.0,1.0,2.4735012452448286,0.10000000000000009,0.8899535008113986,0.22834645669291342,1.0,1.0
2000-05-31,2000-06-30,SELL,-0.4241868722650272,0.025406999999999978,0.025406999999999978,1,0.0,-0.009084208543852723,0.05407624264732758,-0.0103886111111111,0.0008956111111111219,-0.006637749999999994,0.13699999999999957,-1.0857005080072344,1.1725740748788942,-1.2824250881013588,-0.08633859906332755,-0.4072695567648045,0.316612518346562,0.05,0.0,0.6,0.35,0.5833333333333334,0.006707879166666673,0.018186398780423996,0.05000000000000001,2.0,0.13195715292062846,-2.5500000000000007,-0.6081213824453643,-0.03416825483256192,1.0,0.0,2.608393385780902,0.08999999999999986,0.7675117856751054,0.21472392638036797,1.0,1.0
2000-11-30,2000-12-29,SELL,-0.7662907513829602,0.027604999999999994,0.027604999999999994,1,0.0,-0.08087982600125587,0.055520259854831,-0.006214444444444467,-0.021702666666666665,-0.007440500000000008,0.2569999999999997,-2.530392081996202,1.1280339579555243,-0.7365390599621149,-1.4069989529033955,-0.4589962222370416,0.5351818088009933,0.05,0.0,0.6,0.35,0.5833333333333334,0.009070033333333331,0.017675161109217793,0.05000000000000001,1.0,1.2748548178064911,6.02,1.291927888417134,0.3583263342750247,1.0,1.0,2.728951148156254,0.15999999999999992,1.497626977624965,0.15339805825242725,1.0,1.0
2000-12-29,2001-01-31,SELL,-0.5598039666439759,0.014194000000000003,0.014194000000000003,1,0.0,-0.0624842449095524,0.06753993104336886,-0.014044722222222245,-0.02180672222222223,0.005034833333333329,0.6899999999999995,-1.9954403664245088,1.3366467424144008,-1.7447653262146414,-1.3763196762241576,0.2717577340278034,1.4859438349716492,0.05,0.0,0.6,0.35,0.5833333333333334,0.009339383333333331,0.01792910941144703,0.05000000000000001,2.0,0.7368541216698945,-2.799999999999997,-0.6826245128595754,0.16502748047439986,1.0,0.0,2.5722378849896086,0.010000000000000009,-0.14142567498947617,0.12007504690431525,1.0,1.0
2001-02-28,2001-03-30,SELL,-0.5729368734572616,0.0003019999999999551,0.0003019999999999551,1,0.0,-0.08232917113292182,0.006101520189201848,-0.0020327777777777866,-0.021367222222222235,-0.013981166666666675,0.5720000000000001,-2.2754672611976527,0.11984622289704956,-0.14618160008544523,-1.3068577973520856,-0.8655529269795855,1.1564383448712001,0.05,0.0,0.6,0.35,0.75,0.012894958333333326,0.01591326546780014,0.05000000000000001,1.0,1.0125681472861683,6.330000000000002,1.3647699552544736,0.1259680942609387,1.0,1.0,1.838283226217955,0.06000000000000005,0.419021060367673,-0.023897058823529438,1.0,1.0
2001-03-30,2001-04-30,SELL,-0.8925198405505536,-0.01632750000000003,-0.01632750000000003,0,0.0,-0.11096156130002777,-0.038065792122284114,0.004641111111111076,-0.027650888888888902,-0.034176916666666675,0.19500000000000028,-2.7027596970802263,-0.7426296179818236,0.7223733222458865,-1.6453856518975114,-2.046059543177064,0.31671252660559457,0.05,0.0,0.6,0.35,0.75,0.009319329166666654,0.013307174939990991,0.05000000000000001,2.0,1.0496275139846147,0.28999999999999915,0.00673234539652306,0.07980394621088327,1.0,1.0,1.7979857751989892,0.010000000000000009,-0.08728658986069149,-0.03348416289592748,1.0,1.0
2001-04-30,2001-05-31,SELL,-0.3482489219816697,0.003846000000000001,0.003846000000000001,1,0.0,-0.02015561425544732,-0.014930444907927054,0.0059336111111110935,-0.00792216666666666,-0.01822941666666667,-0.2240000000000002,-0.8824602026157345,-0.2797281539911956,0.8819471805103078,-0.45576985313218166,-1.0319559534170408,-0.6012547032353683,0.05,0.0,0.6,0.35,0.75,0.009523708333333318,0.01288621467961392,0.05000000000000001,3.0,0.45010298151450057,-3.16,-0.7572675937708438,-0.05037579973911421,1.0,0.0,1.4245341789559791,-0.14000000000000012,-1.6059258368085927,-0.09475620975160992,1.0,0.0
2001-07-31,2001-08-31,SELL,-0.37384876961663405,0.015193999999999996,0.015193999999999996,1,0.0,-0.010055576744946282,-0.03051543163151671,0.0011391666666666588,-0.01769961111111112,-0.022804833333333333,0.2839999999999998,-0.666647336712814,-0.5613301073402541,0.17767604574346016,-1.0502923424406327,-1.2590416180969202,0.5552126338071026,0.05,0.0,0.6,0.35,0.8333333333333334,0.010012541666666657,0.013221067609214873,0.0,1.0,-0.26018895215840504,2.5600000000000023,0.5503005545684001,-0.11022703889155627,0.0,1.0,1.1242490342995883,-0.020000000000000018,-0.34617558189064435,-0.0619289340101522,1.0,0.0
2001-08-31,2001-09-28,SELL,-0.5276195981745677,0.009584999999999988,0.009584999999999988,1,0.0,-0.05989904407008306,-0.021049219334937086,-0.004923611111111117,-0.030060833333333342,-0.007905166666666668,0.5490000000000004,-1.5721249300952909,-0.3664905136886411,-0.5949739814300308,-1.7584844271893674,-0.3716228579619962,1.1314886076292787,0.05,0.0,0.6,0.35,0.8333333333333334,0.009109416666666656,0.012443245865115833,0.0,2.0,0.3650789553980421,3.3000000000000007,0.7113818530152154,0.05029502669289121,1.0,1.0,1.1496355304711023,0.020000000000000018,0.06311193075041546,-0.02904564315352698,1.0,1.0
2001-09-28,2001-10-31,SELL,-1.035397547627578,0.029965000000000002,0.029965000000000002,1,0.0,-0.12224244425862041,-0.07404055711141688,-0.015362777777777772,-0.047935666666666654,-0.012030249999999998,0.8239999999999998,-2.6588283583371566,-1.428358882906114,-1.923582267647032,-2.736878559705791,-0.6075537743880498,1.7144576743125606,0.05,0.0,0.6,0.35,0.9166666666666666,0.010059374999999988,0.012000269393026492,0.0,3.0,1.6945936807963433,7.009999999999998,1.5412288099706846,0.3153450051493305,1.0,1.0,1.9904714849146246,0.3899999999999999,3.850343406923143,0.19266055045871555,1.0,1.0
2001-10-31,2001-11-30,SELL,-1.0805544664024518,-0.023618999999999987,-0.023618999999999987,0,0.0,-0.08188114823333714,-0.09286029757665215,-0.015910555555555553,-0.05130066666666666,-0.030121166666666664,0.8220000000000001,-1.802882774706127,-1.77021058589135,-1.9256993230635016,-2.757665108055909,-1.657155020451366,1.6600754278621928,0.05,0.0,0.6,0.35,0.9166666666666666,0.012112541666666662,0.013074562450388055,0.0,4.0,1.9537650289084192,1.6300000000000026,0.30066681020424024,0.3098289208352305,1.0,1.0,2.050638535784795,0.05999999999999983,0.37881273907477725,0.18467583497053042,1.0,1.0
2001-11-30,2001-12-31,SELL,-0.3675265610662186,-0.015012999999999997,-0.015012999999999997,0,0.0,0.004009163802978444,-0.0636317467289369,-0.0018255555555555618,-0.015908444444444458,-0.02123783333333333,0.08000000000000007,-0.2833218717891829,-1.1416721409464727,-0.12902292675897975,-0.7306025575492263,-1.0942650371183527,0.032053026818429996,0.05,0.0,0.6,0.35,0.8333333333333334,0.008688583333333328,0.016224223380017985,0.0,5.0,0.10056053854194129,-9.720000000000002,-2.2566367349936147,-0.07674433615181053,1.0,0.0,1.4908951579381264,-0.22999999999999976,-2.348137974231942,0.026923076923076827,1.0,0.0
2002-01-31,2002-02-28,BUY,0.3869083386400064,-0.0016697499999999998,-0.0016697499999999998,0,0.6000000000000001,0.019425619809862793,-0.04709412782830591,0.016396388888888894,0.022884944444444444,0.011021083333333334,-0.8010000000000002,-0.017539782480479018,-0.7801180603515089,2.0801028130218344,1.3147965431005644,0.7851869703895412,-1.841096512191423,0.4,0.15,0.0,0.45,0.75,0.004424124999999991,0.016133313003333864,0.0,1.0,-0.41377048463633487,-2.710000000000001,-0.632265967608667,-0.20485107452557505,0.0,0.0,1.3048856717739503,-0.020000000000000018,-0.3261563856571095,-0.040892193308549984,1.0,0.0
2002-03-29,2002-04-30,BUY,0.57714363258592,-0.01912639999999996,-0.01912639999999996,0,0.0,0.022683922491399056,0.08884504143074556,0.004452500000000003,0.01827616666666666,0.042833249999999996,-0.34499999999999975,0.04416959600290089,1.9068323902098525,0.5750001289542351,1.0558322355812872,2.6110246221182702,-0.8231647871411736,0.4,0.15,0.0,0.45,0.6666666666666666,0.005044570833333325,0.01675882041521292,0.05000000000000001,1.0,-1.1054508513696253,-4.190000000000001,-0.9615619317236311,-0.26104190260475657,0.0,0.0,1.191352571098822,-0.10000000000000009,-1.0730854766643003,-0.054986020503261845,1.0,0.0
2002-06-28,2002-07-31,SELL,-0.647273330019505,0.014410949999999988,0.014410949999999988,1,0.6000000000000001,-0.08888036574514446,0.03831422687984665,-0.01236455555555556,-0.03425255555555554,0.0007793333333333341,0.5994999999999999,-1.8905854322154654,0.8279354210391056,-1.4839108758821595,-1.7723140064879064,0.044260881586599535,1.2189094528819024,0.05,0.0,0.6,0.35,0.5833333333333334,0.002184004166666664,0.019125291918997134,0.05000000000000001,1.0,0.4347100908594045,5.419999999999998,1.1934868590745138,0.19651409280050225,1.0,1.0,1.434806081562681,0.22999999999999998,1.9234074112171153,0.049429657794676896,1.0,1.0
2002-07-31,2002-08-30,SELL,-0.910014504316785,0.027962300000000002,0.027962300000000002,1,0.0,-0.13173672655926338,0.012575615580498134,-0.018346027777777763,-0.039187027777777765,0.0003861666666666677,0.6258999999999997,-2.57462890258588,0.32119247500415316,-2.1792170822599872,-1.9850419654296612,0.023232890448130202,1.2555680339266886,0.05,0.0,0.6,0.35,0.5833333333333334,0.000892499999999996,0.01767797241895733,0.10000000000000002,2.0,1.7015199794339104,6.630000000000003,1.4454823366904668,0.38948738341406997,1.0,1.0,2.316850815307963,0.44999999999999996,3.7820729750295117,0.23895401262398552,1.0,1.0
2002-08-30,2002-09-30,SELL,-0.6091795223344494,0.031137149999999995,0.031137149999999995,1,0.0,-0.10026764010181777,0.02975746312356664,-0.021856,-0.037802888888888886,0.015222083333333334,0.9017999999999997,-1.9234916046048722,0.6528170097055853,-2.5158033090772953,-1.8505120684285112,0.8100902125815972,1.824639635522387,0.05,0.0,0.6,0.35,0.5833333333333334,0.0019565249999999967,0.018852019974721308,0.10000000000000002,3.0,1.7758067329601752,0.6099999999999994,0.07996768097095912,0.31119442956614907,1.0,1.0,2.128547835039397,-0.04999999999999982,-0.5738093982133612,0.16464471403812841,1.0,0.0
2002-09-30,2002-10-31,SELL,-0.7528649199903217,-0.013786199999999998,-0.013786199999999998,0,0.0,-0.15322563893062646,0.055195578198933726,-0.023786333333333336,-0.04610422222222222,0.01245675,1.2023000000000001,-2.733072440902091,1.1430882739938462,-2.6230097021457355,-2.2222348230781925,0.6533517093483457,2.4077757368357444,0.05,0.0,0.6,0.35,0.5833333333333334,0.003752537499999997,0.020451958339994847,0.10000000000000002,4.0,3.047846466149015,7.049999999999997,1.5191963602172172,0.3873579959219342,1.0,1.0,2.326895569735769,0.13999999999999968,0.9671175655543719,0.16762060506950105,1.0,1.0
2003-01-31,2003-02-28,BUY,0.439045541311811,0.007332849999999954,0.007332849999999954,1,0.6000000000000001,-0.02925728028678698,0.09839512502891168,0.01544063888888888,0.014808749999999987,0.016343583333333304,-0.06999999999999984,-0.63276897498545,1.953066002763015,1.8100907927829604,0.8838656492738297,0.873032701431877,-0.2999469206323515,0.4,0.15,0.0,0.45,0.5,0.004394549999999999,0.01908923591410002,0.10000000000000002,1.0,1.3159704492243316,2.5500000000000007,0.5174770567792052,-0.019605787376808514,1.0,1.0,0.8361109493794141,-0.16000000000000014,-1.2718166633149204,-0.1955307262569833,1.0,0.0
2003-06-30,2003-07-31,BUY,0.4656071651165531,-0.012263700000000002,-0.012263700000000002,0,0.0,0.08276975726105729,-0.009385874304800201,0.005634111111111097,0.013168555555555557,-0.005250916666666633,0.28269999999999973,1.1680323847157674,-0.21061395771673425,0.6849807885610355,0.8042861232771588,-0.2890839590679608,0.42542765321331744,0.4,0.15,0.0,0.45,0.5833333333333334,0.01342940833333333,0.01950343028967205,0.10000000000000002,1.0,-0.7832171544275207,0.05000000000000071,-0.006385310707632268,-0.21998001998001981,0.0,1.0,-0.009342308159517157,-0.07000000000000006,-0.5625924086887956,-0.15849486887115172,1.0,0.0
2003-07-31,2003-08-29,BUY,0.31678484792571204,0.0166988,0.0166988,1,0.0,0.07357466145104019,-0.0009888992377050654,0.008727805555555525,0.024530249999999976,-0.002129833333333329,-0.5695999999999999,1.0039905023525515,-0.046403842329187664,1.0208040769789728,1.3820413938205,-0.1184811630113994,-1.3876457225863534,0.4,0.15,0.0,0.45,0.5,0.01120652083333333,0.020745447618096623,0.05000000000000001,2.0,-0.78159904061102,-0.030000000000001137,-0.02414903156778686,-0.15548494258684198,0.0,0.0,-0.08361759061152788,-0.040000000000000036,-0.34014270068444763,-0.1376811594202898,0.0,0.0
2003-10-31,2003-11-28,BUY,0.448708605783631,0.00456139999999996,0.00456139999999996,1,0.0,0.053679620396818395,0.05567906625080332,0.00444658333333334,0.013270027777777796,0.012074916666666664,0.11280000000000001,0.6668336681394598,1.052327490090925,0.5001494140250003,0.7466585396548973,0.6655011480417216,0.11310886484070684,0.4,0.15,0.0,0.45,0.5833333333333334,0.011793887500000001,0.018393164456113453,0.05000000000000001,1.0,-1.3787828235435187,-6.619999999999997,-1.515663734217638,-0.1667385491244715,0.0,0.0,-0.3823597879612079,-0.08000000000000007,-0.6292661057081097,-0.12091038406827881,0.0,0.0
2003-12-31,2004-01-30,BUY,0.6367792294591443,0.01425215,0.01425215,1,0.0,0.07343381945964045,0.08778031118971641,0.007234416666666624,0.03132563888888886,0.020564166666666658,-0.3078999999999996,0.9811338512626497,1.6661088111260294,0.8028226146716201,1.6633295482169135,1.1359791340993297,-0.7625897714956467,0.4,0.15,0.0,0.45,0.6666666666666666,0.013211320833333326,0.018414218675098803,0.05000000000000001,1.0,-0.9434449227249826,1.9899999999999984,0.4383923386786923,-0.015326700726001619,0.0,1.0,-0.5290107186989209,-0.030000000000000027,-0.25098510444869643,-0.11353032659409013,0.0,0.0
2004-01-30,2004-02-27,BUY,0.4547806775480148,0.020124049999999963,0.020124049999999963,1,0.0,0.06778541018323025,0.07607571642426492,0.0008690555555555222,0.012822166666666647,0.01559183333333333,0.16080000000000005,0.8783237147432853,1.4038160637266377,0.09305077644057351,0.6921555079312706,0.8452936993084512,0.21986036686450802,0.4,0.15,0.0,0.45,0.75,0.01485429166666666,0.017533167491118,0.05000000000000001,2.0,-1.2348667796112773,-1.6799999999999997,-0.3931313690588281,-0.08214515683929724,0.0,0.0,-0.563751302597772,-0.019999999999999907,-0.174792531819092,-0.09562398703403563,0.0,0.0
2004-02-27,2004-03-31,BUY,0.6491234776349112,0.002169099999999994,0.002169099999999994,1,0.0,0.058028267930822386,0.10818709061866838,-0.0022777777777778264,0.016147666666666633,0.03562483333333332,0.36050000000000004,0.7102840037567901,2.004287517018743,-0.25670784592405504,0.85579109584073,1.9487393711517347,0.6366342409842661,0.4,0.15,0.0,0.45,0.75,0.015920224999999993,0.017432028111478447,0.0,3.0,-1.5901743959397612,-2.0799999999999983,-0.48151907460702464,-0.1656312721016916,0.0,0.0,-0.5215573475742327,0.019999999999999907,0.1268718665183881,-0.04201680672268915,0.0,1.0
2004-06-30,2004-07-30,SELL,-0.40573390547432797,0.010316199999999949,0.010316199999999949,1,0.6000000000000001,0.010918446163184381,-0.015062832082314181,0.006123527777777753,0.010210305555555544,-0.03384241666666664,-0.7457999999999996,-0.06354965172821159,-0.4332375981509246,0.6827703685172204,0.5362933275277937,-1.9225788304705562,-1.6673386466922138,0.05,0.0,0.6,0.35,0.8333333333333334,0.008397495833333327,0.015388745140313546,0.0,1.0,-1.5521229468178876,-1.1600000000000001,-0.2745859125255482,-0.09383886255924179,0.0,0.0,-0.43122431486045465,0.0,-0.027565701636975363,0.03304347826086951,0.0,0.0
2004-07-30,2004-08-31,SELL,-0.38860004774426776,0.028940349999999997,0.028940349999999997,1,0.0,-0.019487666315617824,-0.008721726999665003,-0.0014816388888888954,-0.005180638888888881,-0.02310666666666664,0.03059999999999974,-0.5721843725093132,-0.309825568655123,-0.18238756581276205,-0.2622197496250695,-1.288776086523031,-0.026032511995430274,0.05,0.0,0.6,0.35,0.9166666666666666,0.010279154166666657,0.014071455975772628,0.05000000000000001,2.0,-1.35524816685138,0.9800000000000004,0.22308498687293385,-0.018368218709953088,0.0,1.0,-0.5069968919525787,-0.040000000000000036,-0.3352575798497155,-0.0121317157712304,0.0,0.0
2004-08-31,2004-09-30,SELL,-0.46012076136466373,0.004560649999999998,0.004560649999999998,1,0.0,-0.011275928965825965,-0.024890996887436678,-0.005292305555555594,-0.020931750000000002,-0.030143833333333307,0.5301,-0.4303935642246715,-0.6175189816394234,-0.6145498314826828,-1.078334003673551,-1.652550912016602,1.015103743209525,0.05,0.0,0.6,0.35,0.9166666666666666,0.011299283333333321,0.014918140228263658,0.05000000000000001,3.0,-1.3419560578090015,-0.030000000000001137,-0.013361921464697763,-0.027972027972028135,0.0,0.0,-0.5039193735208408,0.0,-0.02425025195495286,-0.0121317157712304,0.0,0.0
2005-05-31,2005-06-30,SELL,-0.39983449320770836,0.008323499999999965,0.008323499999999965,1,0.0,0.0032656303284015475,-0.011005263301211432,-0.01036858333333334,-0.01854080555555555,-0.013489250000000017,0.39559999999999995,-0.19375962088142548,-0.37252932071208517,-1.2342456767901189,-0.9882185491171169,-0.7319212204526965,0.7491381079951074,0.05,0.0,0.6,0.35,0.75,0.007011524999999994,0.013148164597459006,0.05000000000000001,1.0,-1.4857412616421,-2.0200000000000014,-0.4935537968840898,-0.013240935527781272,0.0,0.0,-0.6258059986693411,-0.17000000000000004,-1.3821567046706167,-0.003816793893129833,0.0,0.0
2005-06-30,2005-07-29,SELL,-0.4007060364489428,-0.01822149999999997,-0.01822149999999997,0,0.0,0.006029437843589447,-0.00477223653263914,-0.007990861111111136,-0.0209278611111111,-0.02452325000000001,0.5684999999999998,-0.14450391040659546,-0.2474151171122509,-0.9406770246127875,-1.1070268473828806,-1.3264974648354941,1.1144690285441008,0.05,0.0,0.6,0.35,0.75,0.00747217499999999,0.013089093756134316,0.05000000000000001,2.0,-1.6704533032338276,-1.25,-0.3043560531816169,-0.09200603318250367,0.0,0.0,-0.5007923314079126,0.06000000000000005,0.4585531325666228,0.041044776119402826,0.0,1.0
2005-08-31,2005-09-30,BUY,0.42622853938430777,0.002041349999999999,0.002041349999999999,1,0.6000000000000001,0.020516308513989223,0.0809508411048172,0.002079277777777774,0.0160865,0.027372416666666663,-0.03270000000000017,0.10785147817945563,1.4582770450527942,0.2496017991948983,0.8772344355177915,1.5050231100950768,-0.18233958668137584,0.4,0.15,0.0,0.45,0.6666666666666666,0.004374862499999997,0.013834689913705496,0.0,1.0,-1.5238004737180573,1.0299999999999994,0.25361080300035654,-0.04097424838259556,0.0,1.0,-0.6154342039138315,0.020000000000000018,0.14409086202805457,-0.049180327868852514,0.0,1.0
2005-09-30,2005-10-31,BUY,0.5500312947228905,-0.02212785,-0.02212785,0,0.0,0.020747611795652876,0.10908539402395845,0.004688694444444479,0.028117583333333345,0.03906216666666666,-0.41100000000000003,0.11146147164361987,1.9958069328096824,0.557869446810445,1.5153123135086168,2.114040027844826,-0.998495491470165,0.4,0.15,0.0,0.45,0.6666666666666666,0.00416492083333333,0.013849385057504302,0.05000000000000001,2.0,-1.6116253582095896,-0.6799999999999997,-0.16691004475007695,-0.06790043007949964,0.0,0.0,-0.5914225037658264,0.010000000000000009,0.06337110488239628,-0.02941176470588247,0.0,1.0
2005-12-30,2006-01-31,SELL,-0.32690301361158386,-0.0035935499999999953,-0.0035935499999999953,0,0.6000000000000001,0.013757258293742636,0.014255939629153724,-0.0003095555555555655,-0.003695888888888898,-0.027113333333333343,-0.06709999999999994,-0.011875380554642352,0.09601295640992882,-0.04291893768300375,-0.20989393805004997,-1.465005517679945,-0.23172430770186164,0.05,0.0,0.6,0.35,0.6666666666666666,0.003565854166666669,0.014647644005997698,0.05000000000000001,1.0,-1.5316368369219733,0.009999999999999787,0.003453411303491667,-0.04130262112787908,0.0,1.0,-0.5429797275226603,-0.04999999999999993,-0.4273416079958132,0.003717472118959231,0.0,0.0
2006-12-29,2007-01-31,BUY,0.37502215061584643,0.00531165,0.00531165,1,0.6000000000000001,0.04888330128679175,-0.01803835151112465,0.002879277777777764,0.01140616666666664,0.015850916666666638,-0.07460000000000022,0.6328071985328863,-0.5394562686774971,0.3429210735911365,0.6172857303194837,0.8957928859483647,-0.23867398469679285,0.4,0.15,0.0,0.45,0.5833333333333334,0.0028427833333333347,0.011952301900912437,0.05000000000000001,1.0,-1.4180043408819865,0.6500000000000004,0.16967285514874383,-0.04738360115368767,0.0,1.0,-0.5541032404173363,-0.010000000000000009,-0.1018229976152976,-0.04347826086956519,0.0,0.0
2007-08-31,2007-09-28,SELL,-0.5260556662556102,0.003827300000000015,0.003827300000000015,1,0.6000000000000001,-0.002541033804885018,-0.031385535595868985,-0.012399583333333316,-0.022301138888888874,-0.011700249999999985,0.3586999999999998,-0.35208362308883046,-0.8280729116518721,-1.6130757676332859,-1.3019143528497983,-0.6417675264051333,0.7525072724433873,0.05,0.0,0.6,0.35,0.75,0.003947049999999999,0.01030022647503844,0.05000000000000001,1.0,0.43235291805440046,-0.14000000000000057,-0.056672399452242714,0.3354912414318356,1.0,0.0,0.6996035212120779,0.18999999999999995,1.5811942539877237,0.35514018691588767,1.0,1.0
2007-12-31,2008-01-31,SELL,-0.31172280007210407,0.024456699999999998,0.024456699999999998,1,0.0,-0.016163217903047533,0.04499730225226628,-0.013036611111111112,-0.01726727777777779,0.0036878333333333155,0.5632999999999999,-0.6174745530862508,0.7638064200003787,-1.643892466254317,-1.0080018497861045,0.20755788261499739,1.1914741860790503,0.05,0.0,0.6,0.35,0.75,0.005658283333333337,0.011178906257663969,0.10000000000000002,1.0,0.3018065363182325,-0.370000000000001,-0.11458036036678872,0.048136645962732816,1.0,0.0,1.825568808671767,0.050000000000000044,0.32987669572081785,0.2505263157894737,1.0,1.0
2008-01-31,2008-02-29,SELL,-0.713093325039803,0.004720450000000032,0.004720450000000032,1,0.0,-0.06835530295094594,0.06644236912628587,-0.02238813888888887,-0.033552361111111095,0.003514166666666681,0.8776999999999995,-1.6308169798376047,1.21065032421918,-2.801404869275077,-1.933653258991182,0.1969340464563633,1.8903811114086828,0.05,0.0,0.6,0.35,0.75,0.00725370416666667,0.012323186967029163,0.05000000000000001,2.0,0.8708830538578984,3.6999999999999993,0.942628625402508,0.19561910556738638,1.0,1.0,2.4028992241572387,0.2799999999999998,2.1920120843011404,0.29142857142857137,1.0,1.0
2008-03-31,2008-04-30,SELL,-0.522154860861409,-0.008968499999999989,-0.008968499999999989,0,0.0,-0.06969601770533917,0.04713687976029912,-0.020942416666666675,-0.021317750000000014,0.017391833333333342,0.6135999999999999,-1.6059552116331046,0.7565945771133114,-2.523225003142015,-1.2106877148636064,0.9417171056571333,1.2652216588131382,0.05,0.0,0.6,0.35,0.75,0.007216170833333334,0.012333661270186187,0.05000000000000001,1.0,0.7687588557313911,-0.9299999999999997,-0.26760630801025803,0.08021089630931466,1.0,0.0,3.5846185347007227,0.41999999999999993,3.2403507759031136,0.33796296296296324,1.0,1.0
2008-07-31,2008-08-29,SELL,-0.6493682016029768,0.01196770000000003,0.01196770000000003,1,0.0,-0.04787971973335603,-0.03689059980446974,-0.00488049999999999,-0.009677833333333314,-0.018356583333333322,-0.21830000000000016,-1.1642540591050659,-0.9919243343490264,-0.5404116642013154,-0.5588374119965905,-1.0519283956525822,-0.5807776786623066,0.05,0.0,0.6,0.35,0.75,0.004286341666666668,0.012457837898903125,0.05000000000000001,1.0,0.3544094788620123,-1.009999999999998,-0.2824804389068858,-0.00014528548597980695,1.0,0.0,3.175050620568675,0.22999999999999998,1.5883601183670304,0.1020408163265305,1.0,1.0
2008-08-29,2008-09-30,SELL,-1.0652035351298406,-0.030430999999999965,-0.030430999999999965,0,0.0,-0.030470293038816654,-0.09008018692072461,-0.01258347222222223,-0.032041694444444456,-0.04884924999999999,0.2479,-0.8218274705933594,-2.0684692706361285,-1.4696920446081512,-1.828799847169728,-2.733250130749399,0.462348282341594,0.05,0.0,0.6,0.35,0.75,0.005048637500000004,0.012623566288149394,0.05000000000000001,2.0,-0.004938884835641323,-2.2900000000000027,-0.6152456642076345,-0.05972527889504453,0.0,0.0,3.357268623730286,0.16000000000000014,1.058740810982288,0.1224615384615384,1.0,1.0
2008-09-30,2008-10-31,SELL,-2.465125766336482,-0.03570789999999999,-0.03570789999999999,0,0.0,-0.10078714661280253,-0.17372388136698824,-0.03338277777777774,-0.06038177777777776,-0.10131633333333331,0.14559999999999995,-2.163968481843373,-3.716755584960896,-3.960091113863273,-3.402397906956732,-5.495836133662419,0.23153903830690867,0.05,0.0,0.6,0.35,0.6666666666666666,0.002193779166666672,0.01599938417715217,0.0,3.0,2.9347559648998502,18.740000000000002,4.882854141517462,0.6237718996908281,1.0,1.0,5.66397723420574,1.37,9.883000160266002,0.48902644907146886,1.0,1.0
2008-10-31,2008-11-28,SELL,-3.3614327287432033,0.06516449999999997,0.06516449999999997,1,0.0,-0.21086929959134904,-0.3064573102985273,-0.047990999999999985,-0.09046133333333335,-0.11224783333333334,-0.006799999999999695,-4.2058878072817105,-6.106567114166445,-5.434049993656809,-4.907902895863932,-5.509346553610123,-0.11140912204664236,0.05,0.0,0.6,0.35,0.5833333333333334,-0.001876374999999996,0.018685599658298573,0.0,4.0,5.984389116614129,20.5,4.951684714895022,0.9460601137286757,1.0,1.0,7.302330745197481,1.3399999999999999,7.504802283651976,0.6366223908918407,1.0,1.0
2008-11-28,2008-12-31,SELL,-3.2502287931831724,0.0617427,0.0617427,1,0.0,-0.21629483674266492,-0.29890579711731435,-0.06228088888888885,-0.12138199999999999,-0.10783583333333334,0.8916,-4.059100863183006,-5.308493702696941,-6.457663772414324,-6.112090700709239,-4.785065567321443,1.9125481445289807,0.05,0.0,0.6,0.35,0.5833333333333334,0.0011112250000000015,0.02517338817104697,0.0,5.0,4.809589939929606,-4.049999999999997,-0.9889122387430129,0.5047157100511992,1.0,0.0,6.7161131999479675,0.3200000000000003,1.4013096373715983,0.4685483870967744,1.0,1.0
2008-12-31,2009-01-30,SELL,-1.7310922673739686,-0.033631850000000005,-0.033631850000000005,0,0.0,-0.1642777506202956,-0.24741967499089845,-0.03385238888888888,-0.10642305555555553,-0.07660966666666663,1.6111,-2.950340336111381,-4.030961095312868,-3.035007610634422,-4.771650681783495,-3.11983839828917,3.490283422574659,0.05,0.0,0.6,0.35,0.6666666666666666,0.006444062500000004,0.030177243971452248,0.0,6.0,2.421220788371892,-15.840000000000003,-3.6572565632558645,0.0054040467512881385,1.0,0.0,5.245000583040498,-0.5200000000000005,-2.7074256560523384,0.20216606498194944,1.0,0.0
2009-01-30,2009-02-27,SELL,-0.5370781006575449,-0.01978265,-0.01978265,0,0.0,-0.18003875359695265,-0.20817175037572988,0.0036831388888889003,-0.05717086111111108,-0.015639833333333304,1.1126999999999998,-3.1214687314881964,-3.219855692696816,0.487540249580455,-2.331630350156987,-0.5298836345163307,2.2729738626357907,0.05,0.0,0.6,0.35,0.5833333333333334,0.0016033500000000034,0.03152832896441441,0.0,7.0,2.985650570410014,4.840000000000003,1.017957938268938,0.03234718544952231,1.0,1.0,3.972686274688442,-0.7400000000000002,-3.6880643001755913,-0.02598717516031057,1.0,0.0
2009-02-27,2009-03-31,SELL,-0.4365202551342046,0.02220175000000004,0.02220175000000004,1,0.0,-0.19743720851522217,-0.15956278043351646,0.01802322222222222,-0.030497222222222203,0.006576500000000027,-0.09310000000000018,-3.297406713318024,-2.387565602476959,1.797346528856611,-1.160516493976766,0.37806897753414215,-0.33661382990119076,0.05,0.0,0.6,0.35,0.5,-0.0004385749999999992,0.032049489749685675,0.0,8.0,3.082313286151091,1.509999999999998,0.28441332978423145,-0.028675212182599275,1.0,1.0,4.03593488059055,0.2400000000000002,0.9800844808959176,-0.042351453855878574,1.0,1.0
2009-04-30,2009-05-29,BUY,0.6005670839759298,0.05827229999999996,0.05827229999999996,1,0.6000000000000001,0.040889341183111494,-0.02043766952274506,0.009155694444444468,0.014270249999999998,0.04772399999999998,-0.2784,0.5748048065642279,-0.3099577100611026,0.9667431063615511,0.7357506308673136,2.0493169761278316,-0.7232130160653455,0.4,0.15,0.0,0.45,0.5,0.0015619833333333376,0.03257419246100822,0.0,1.0,1.7394230603179848,-7.640000000000001,-1.720462780863303,-0.18182837075503433,1.0,0.0,2.961535604557212,-1.04,-4.896267166315579,-0.15846645367412138,1.0,0.0
2009-05-29,2009-06-30,BUY,1.7095438886953278,0.00948785,0.00948785,1,0.0,0.0911745850844079,0.10323979028279262,0.03340219444444447,0.06296519444444443,0.09720158333333331,-0.4462999999999999,1.3632300894955571,1.4948844941527069,3.1688177296071283,2.789678994460787,4.013759716292889,-1.0782231976843963,0.4,0.15,0.0,0.45,0.5833333333333334,0.007904479166666667,0.03546115642039102,0.05000000000000001,2.0,0.8234338725565716,-7.579999999999998,-1.6861481755615233,-0.27925233644859804,1.0,0.0,2.031493439572436,-0.8699999999999997,-3.821164512307832,-0.265391304347826,1.0,0.0
2009-06-30,2009-07-31,BUY,1.7523637046993392,0.05390219999999998,0.05390219999999998,1,0.0,0.08792905873837076,0.07371597669948748,0.05574122222222221,0.06275099999999999,0.08790816666666665,-0.8696999999999999,1.2999012739926126,1.0505896622629194,5.040943517221417,2.7055663143086166,3.442257658644809,-1.9744865359714212,0.4,0.15,0.0,0.45,0.5833333333333334,0.0086863625,0.03538392568796318,0.05000000000000001,3.0,0.515628526486709,-2.5700000000000003,-0.5795657887998138,-0.30383091149273445,1.0,0.0,1.5583210424391851,-0.45999999999999996,-1.962480717054946,-0.3008377760853007,1.0,0.0
2009-07-31,2009-08-31,BUY,1.675279965480915,0.020778,0.020778,1,0.0,0.13249396468840957,0.0836331992118069,0.04391697222222222,0.04961130555555554,0.08356124999999995,-0.3609,1.986312440435531,1.1875998026300416,3.6889811176965708,2.1035298791193515,3.1411860237911955,-0.8683296681571597,0.4,0.15,0.0,0.45,0.5833333333333334,0.0131759375,0.03736295353062042,0.05000000000000001,4.0,0.4627196144597107,-0.4299999999999997,-0.11210241422959596,-0.2529541742722643,1.0,0.0,0.9784421343858997,-0.5899999999999999,-2.462290015092684,-0.38043478260869557,1.0,0.0
2009-08-31,2009-09-30,BUY,0.9412386192221793,0.02463359999999996,0.02463359999999996,1,0.0,0.10993339072907693,0.04763530386252324,0.02493738888888888,0.017969277777777768,0.03259066666666662,0.061900000000000066,1.605775419286312,0.6564566028461515,2.0226250737294755,0.7979414110470792,1.1897280901903873,0.031361721079821075,0.4,0.15,0.0,0.45,0.5833333333333334,0.013910129166666665,0.03741851883975397,0.05000000000000001,5.0,0.47168195225427456,0.08999999999999986,0.0016012868930967334,-0.16918654173764902,1.0,1.0,0.8197469441740238,-0.16000000000000014,-0.6866683194070935,-0.34560906515580736,1.0,0.0
2009-09-30,2009-10-30,BUY,0.8734070310272056,0.00013919999999999514,0.00013919999999999514,1,0.0,0.0979873486529812,0.0381916677677383,0.01710158333333334,0.02005624999999999,0.03318591666666663,0.22730000000000006,1.4035000548166177,0.5162905477929521,1.374810136558296,0.8777873981509001,1.2018777398083285,0.3824668568290916,0.4,0.15,0.0,0.45,0.6666666666666666,0.018498845833333322,0.03499753309057092,0.05000000000000001,6.0,0.42235090670147163,-0.40000000000000213,-0.10555006732901007,-0.09243399681058417,1.0,0.0,0.691272083351717,-0.1299999999999999,-0.5631635831871661,-0.2704963747908532,1.0,0.0
2009-10-30,2009-11-30,BUY,0.38677984767471163,0.0346633,0.0346633,1,0.0,0.04669309831056334,0.0421020104624763,0.008795555555555508,0.00942577777777776,0.012868499999999993,0.0968,0.6013736384508421,0.5712050095860874,0.7111363697470595,0.44537747271885947,0.4595084033058392,0.10328320182566951,0.4,0.15,0.0,0.45,0.75,0.02148610416666666,0.031609002702542785,0.05000000000000001,7.0,1.0266231061737705,5.080000000000002,1.096716582029546,0.12623853211009184,1.0,1.0,0.573255348979498,-0.1200000000000001,-0.520686514850219,-0.20769230769230773,1.0,0.0
2009-11-30,2009-12-31,BUY,0.4946442231105088,0.0065704,0.0065704,1,0.0,0.0747898252876722,0.06252323976535656,0.004573611111111076,0.01330405555555555,0.017820999999999997,0.1997,1.0319809801378843,0.8669091712498419,0.3762075208279944,0.6001436498569354,0.6368216662637853,0.32271152157645333,0.4,0.15,0.0,0.45,0.75,0.018944337499999995,0.029123097815130086,0.05000000000000001,8.0,0.2834510030974144,-6.18,-1.378793898482687,-0.07561757495757115,1.0,0.0,0.5709682430719094,0.0,-0.0349374905716055,-0.1258840169731259,1.0,0.0
2009-12-31,2010-01-29,BUY,0.44004776626867814,-0.0183892,-0.0183892,0,0.0,0.05996083724644019,0.060581600227375354,0.016813083333333298,0.029700416666666674,0.013807083333333333,-0.5315000000000003,0.7968606924508158,0.8338752199127826,1.338915596084156,1.2601773442865019,0.48852217557928557,-1.2441892107886903,0.4,0.15,0.0,0.45,0.75,0.014346645833333326,0.026213239639584298,0.05000000000000001,9.0,-0.055821697704858314,-2.830000000000002,-0.6344531215536446,-0.1576220696800933,1.0,0.0,0.24174135177442604,-0.3400000000000001,-1.4096245367955054,-0.19374999999999998,1.0,0.0
2010-05-31,2010-06-30,SELL,-0.3447973289070013,0.024441100000000028,0.024441100000000028,1,0.6000000000000001,-0.03005346498510897,-0.053018698388505814,-0.007109555555555543,-0.01848611111111107,-0.021848749999999972,0.32689999999999975,-0.6117357414372802,-0.837757159777511,-0.57159041426315,-0.7092596428106116,-0.7926034408224337,0.6164052658914677,0.05,0.0,0.6,0.35,0.8333333333333334,0.0120566125,0.02436130906874603,0.0,1.0,1.2061327261879637,10.02,2.190027984672504,0.39931641335175616,1.0,1.0,0.3874425213367881,0.44000000000000017,1.7705868306592012,0.1287726358148893,1.0,1.0
2010-06-30,2010-07-30,SELL,-0.5228257519091694,0.013086449999999993,0.013086449999999993,1,0.0,-0.07067892886123894,-0.03376446745363215,-0.017003583333333346,-0.043233361111111084,-0.018495749999999974,0.8946000000000001,-1.2425139336393018,-0.548458669409963,-1.3527899790633027,-1.715159114548005,-0.666262221774607,1.839770737570201,0.05,0.0,0.6,0.35,0.8333333333333334,0.013302716666666667,0.02457950405866924,0.05000000000000001,2.0,1.496515030439967,2.469999999999999,0.5122907406419649,0.37820043891733723,1.0,1.0,0.44483773105914415,0.05999999999999983,0.21339924859478887,0.1408866995073892,1.0,1.0
2010-09-30,2010-10-29,BUY,0.5229707442201519,0.022757249999999986,0.022757249999999986,1,0.6000000000000001,0.037621193706868006,0.06394905057567346,0.0012229999999999349,0.01574444444444443,0.02926616666666665,0.4213,0.4608826007491508,0.9066137020449107,0.10637933992004622,0.7065098322344596,1.0873876811490881,0.7766650112681664,0.4,0.15,0.0,0.45,0.8333333333333334,0.008970616666666665,0.021352067955697426,0.05000000000000001,1.0,0.17289916144099818,-2.3500000000000014,-0.5225975116425953,-0.12173429683157311,1.0,0.0,0.26457771563477145,-0.1100000000000001,-0.476104254606672,-0.008498583569405027,1.0,0.0
2010-10-29,2010-11-30,BUY,0.4706816824260225,-0.0051137,-0.0051137,0,0.0,0.07642320305783801,0.09938340281321989,-0.0015236388888889574,0.0115545833333333,0.021887583333333294,0.30589999999999984,1.066494519955921,1.430783702636455,-0.11209099263479658,0.5331092747113921,0.80916570779143,0.5274115847321879,0.4,0.15,0.0,0.45,0.8333333333333334,0.010855454166666665,0.0214871582992557,0.10000000000000002,2.0,-0.13144615703477228,-2.5,-0.5530760663589436,-0.2102322115981622,0.0,0.0,0.19462644538045762,-0.07000000000000006,-0.31135802568940746,-0.07011070110701112,1.0,0.0
2010-11-30,2010-12-31,BUY,0.5312295367253972,0.037992050000000006,0.037992050000000006,1,0.0,0.059319689231528416,0.0669957899704654,0.007235999999999972,0.03396155555555554,0.032427916666666626,-0.3285,0.7923675435614411,0.936222333758946,0.5859832033892269,1.4441388974051605,1.1928397782666569,-0.8279522022701025,0.4,0.15,0.0,0.45,0.75,0.0075407041666666645,0.020608908292597393,0.10000000000000002,3.0,0.15411909919982722,2.34,0.4952743515268314,-0.0740182259227693,1.0,1.0,0.2237798982775948,0.030000000000000027,0.098384691189811,-0.0393258426966292,1.0,1.0
2010-12-31,2011-01-31,BUY,0.6568204223816121,0.0114244,0.0114244,1,0.0,0.0914518961232822,0.13067700040464292,0.014642083333333328,0.04629808333333333,0.03660166666666662,-0.7837000000000001,1.2918783962296752,1.8793155005421163,1.1747998617014561,1.932669903012829,1.3375909995071025,-1.7960166261613908,0.4,0.15,0.0,0.45,0.75,0.010159175,0.0222500777357771,0.10000000000000002,4.0,-0.5539286225067969,-5.789999999999999,-1.2677703079565332,-0.21541181670841303,0.0,0.0,0.0741349010465571,-0.1499999999999999,-0.6397670330526445,-0.0921435499515032,1.0,0.0
2011-01-31,2011-02-28,BUY,0.47363900577929924,0.018315799999999986,0.018315799999999986,1,0.0,0.08715290007185006,0.10375864821788294,0.01433405555555555,0.03979905555555555,0.016434999999999995,-0.7711000000000001,1.2148717931884463,1.4573180835024113,1.1423724429442565,1.6451181316572492,0.5875076198924579,-1.7480359530066147,0.4,0.15,0.0,0.45,0.8333333333333334,0.012643641666666665,0.020520948026192146,0.10000000000000002,5.0,-0.3339623200724197,1.7800000000000011,0.3786730924482264,-0.1107232298702282,0.0,1.0,0.014165978953859423,-0.06000000000000005,-0.26770226751122217,-0.10536779324055656,1.0,0.0
2011-02-28,2011-03-31,BUY,0.5840695651007104,0.0020974999999999995,0.0020974999999999995,1,0.0,0.0796272771519484,0.07556227476290389,0.015466694444444422,0.04304613888888886,0.02400974999999997,-0.6303999999999998,1.0888829282354042,1.0289660351071512,1.2252201677954166,1.7583894114800676,0.8633419332785603,-1.431417050185187,0.4,0.15,0.0,0.45,0.8333333333333334,0.01262184583333333,0.0205147720752577,0.10000000000000002,6.0,-0.4777898267168951,-1.1799999999999997,-0.26425622679086547,-0.11259772708954607,0.0,0.0,-0.09574355109015315,-0.1100000000000001,-0.47275027280221127,-0.1303441084462983,1.0,0.0
2011-06-30,2011-07-29,SELL,-0.37831542141797925,0.027883900000000017,0.027883900000000017,1,0.6000000000000001,-0.005619542656068233,-0.05099994588912926,-0.003918861111111101,-0.016742972222222183,-0.04253049999999994,0.3102999999999998,-0.25792232275626115,-0.8540464061133164,-0.32963420065661875,-0.654935140647233,-1.5891901514890883,0.5617892870413257,0.05,0.0,0.6,0.35,0.75,0.01114702916666666,0.015715051140738404,0.05000000000000001,1.0,-0.6910848223979474,1.0700000000000003,0.23073011223238532,-0.03146374829001386,0.0,1.0,0.04617744645812227,0.07000000000000006,0.27232735876498326,0.05760368663594484,1.0,1.0
2011-07-29,2011-08-31,SELL,-0.460366704337381,0.02801075000000002,0.02801075000000002,1,0.0,-0.027724902755937975,-0.021756358664380415,-0.006263166666666682,-0.026974611111111112,-0.04102491666666663,0.4902000000000002,-0.6049311826806035,-0.4171035858427722,-0.517005087147748,-1.0638329249215233,-1.5178579568740447,0.9414269255996333,0.05,0.0,0.6,0.35,0.75,0.012380149999999994,0.016385126478303404,0.10000000000000002,2.0,0.39059955143884567,8.73,1.9110429972027023,0.40199888950582996,1.0,1.0,0.04605355363731821,0.0,-0.02028096849594159,0.053960964408725776,1.0,0.0
2011-08-31,2011-09-30,SELL,-0.594641391577087,0.014139699999999979,0.014139699999999979,1,0.0,-0.07031252979425273,-0.010338620776268348,-0.020528166666666688,-0.036277833333333336,-0.023799749999999998,0.8373000000000004,-1.273844577345075,-0.2463662336291501,-1.6637343679422876,-1.4316734881440998,-0.8718085424054582,1.6732126263743996,0.05,0.0,0.6,0.35,0.75,0.012356504166666666,0.016362331861759713,0.10000000000000002,3.0,1.1784733720526617,6.370000000000001,1.3731376734932637,0.5636693315750432,1.0,1.0,0.6043192611419362,0.55,2.278869154427044,0.32765957446808525,1.0,1.0
2011-09-30,2011-10-31,SELL,-0.9292156173642351,0.002514799999999987,0.002514799999999987,1,0.0,-0.11516102627202152,-0.13057449952017808,-0.028035750000000012,-0.06302808333333333,-0.03777483333333336,1.2446000000000002,-1.9703722601795597,-2.0341277564102795,-2.2485063506645946,-2.492258101488104,-1.3805046741246338,2.5163476822714816,0.05,0.0,0.6,0.35,0.75,0.013039175000000002,0.016251217260825145,0.10000000000000002,4.0,2.574305429007314,11.34,2.4430280788249665,0.7588536335721596,1.0,1.0,0.9072262854768137,0.2999999999999998,1.2081853820325692,0.3783783783783783,1.0,1.0
2011-10-31,2011-11-30,SELL,-0.35504389774702233,-0.003748049999999989,-0.003748049999999989,0,0.0,-0.005545027394524671,-0.047510347510464346,-0.014205694444444443,-0.029156805555555543,-0.026955250000000007,0.6827999999999999,-0.2332147357137613,-0.7808996963931446,-1.1161111722317723,-1.1057091533666754,-0.9731092506196185,1.297880925449694,0.05,0.0,0.6,0.35,0.75,0.011352304166666669,0.016205451342159744,0.05000000000000001,5.0,0.9381203659412297,-13.0,-2.824242085806603,0.11127596439169118,1.0,0.0,0.5365703532349978,-0.3599999999999999,-1.5249308763045495,0.10181818181818181,1.0,0.0
2011-11-30,2011-12-30,SELL,-0.3616232372731341,0.0187308,0.0187308,1,0.0,0.0024479164573143475,-0.04804893243349895,-0.005839694444444439,-0.01410602777777778,-0.0361225,0.15539999999999976,-0.10744617136502758,-0.7854629003497822,-0.4466598152166352,-0.5044397568420708,-1.3035647850826246,0.1923711048675537,0.05,0.0,0.6,0.35,0.75,0.011466108333333336,0.016093828590796225,0.05000000000000001,6.0,0.6699983268027544,-2.16,-0.47460335879968846,-0.04198495204181252,1.0,0.0,0.9527115881653828,0.41000000000000014,1.6568083464326961,0.21804511278195493,1.0,1.0
2012-02-29,2012-03-30,BUY,0.5575313460634338,0.0019390000000000024,0.0019390000000000024,1,0.6000000000000001,0.08281598122467759,0.022456346584789122,0.012942694444444404,0.013280249999999987,0.012687249999999982,0.09750000000000014,1.1530170706242044,0.268360706040646,1.0504752002323958,0.5823132939812892,0.49039336122235605,0.06898915032035731,0.4,0.15,0.0,0.45,0.6666666666666666,0.00837535,0.014479806840303474,0.05000000000000001,1.0,-0.47838502324626453,-1.0100000000000016,-0.22109990196120732,-0.3173652694610779,0.0,0.0,0.3091490806542277,-0.25,-1.0557518101516519,-0.16717791411042937,1.0,0.0
2012-03-30,2012-04-30,BUY,0.5100335924464484,0.0026546999999999548,0.0026546999999999548,1,0.0,0.07730198370053665,-0.021828728122731844,0.014789277777777735,0.024132277777777763,0.016536083333333316,-0.3326,1.059165380067154,-0.3899071621847101,1.1920006630401263,1.0125946851692125,0.6304079657755268,-0.8339671393733304,0.4,0.15,0.0,0.45,0.6666666666666666,0.008362141666666666,0.014485598540070635,0.10000000000000002,2.0,-0.8372848808156438,-2.9299999999999997,-0.6273576024659209,-0.3087043782056047,0.0,0.0,0.2570488850272646,-0.050000000000000044,-0.23004910280787766,-0.14975845410628008,1.0,0.0
2012-05-31,2012-06-29,SELL,-0.451994152182355,-0.00045820000000004095,-0.00045820000000004095,0,0.6000000000000001,-0.0236488206636275,-0.0878354878235511,-0.009452333333333368,-0.03163377777777777,-0.025932749999999987,0.41269999999999984,-0.5389469228993741,-1.372572264807683,-0.7510252587489726,-1.2188543362852775,-0.9420911448457919,0.7389527496852866,0.05,0.0,0.6,0.35,0.6666666666666666,0.004147716666666666,0.017742642238983298,0.10000000000000002,1.0,0.22368483713393894,6.91,1.4648711880893133,0.22359721986777426,1.0,1.0,0.5948478119490305,0.23999999999999977,0.9628217716602009,0.052896725440805925,1.0,1.0
2012-08-31,2012-09-28,BUY,0.6431503165657835,0.015376099999999955,0.015376099999999955,1,0.6000000000000001,0.021139124258751085,0.046553920523465075,0.009936277777777733,0.024974388888888838,0.051951749999999956,0.009400000000000075,0.17178949686329095,0.6409255950822297,0.8088184256961081,1.0551804412872192,1.9467862211031615,-0.12367268555507967,0.4,0.15,0.0,0.45,0.5833333333333334,0.0026016124999999925,0.014174024575758906,0.10000000000000002,1.0,-0.5882408320867485,-1.4600000000000009,-0.3162361804529111,-0.04873400490062618,0.0,0.0,0.20835558773858248,-0.06000000000000005,-0.27182453251175975,-0.07774798927613946,1.0,0.0
2012-09-28,2012-10-31,BUY,0.5091129016877886,-0.00793754999999996,-0.00793754999999996,0,0.0,0.041828522942712665,0.0559876842050997,0.011048888888888843,0.019388999999999972,0.025629749999999993,0.011400000000000077,0.5004568811134135,0.7797928354016167,0.8947798154509653,0.8261804247645579,0.9523862793822733,-0.1191259905844785,0.4,0.15,0.0,0.45,0.5833333333333334,0.002704645833333324,0.014261744719725083,0.15000000000000002,2.0,-0.8024563017090237,-1.7399999999999984,-0.37483481125013235,-0.14526353921391044,0.0,0.0,0.04172888580206578,-0.15999999999999992,-0.6851198332429647,-0.14831665150136486,1.0,0.0
2013-12-31,2014-01-31,BUY,0.333952287857897,-0.005654750000000014,-0.005654750000000014,0,0.0,0.06523894050116419,-0.005800023639144891,0.013385472222222222,0.020415583333333338,0.0045319166666666875,-0.4182000000000001,0.8621106679486552,-0.12457248493171381,1.0803985217918077,0.8673483954365998,0.18805240479482788,-0.9941962628245091,0.4,0.15,0.0,0.45,0.75,0.007107512500000004,0.014188680948883791,0.0,1.0,-1.004580280817982,0.02000000000000135,0.0031697420466900127,-0.06698401904114248,0.0,1.0,-0.3989484290169899,-0.1100000000000001,-0.48154318565852855,-0.13307984790874527,0.0,0.0
2014-02-28,2014-03-31,BUY,0.38559968758585444,0.0036853500000000004,0.0036853500000000004,1,0.0,0.039350493278555776,0.05438269273145102,0.003883194444444448,0.00998019444444444,0.027043833333333295,0.09689999999999976,0.43637900881172753,0.8049065253951525,0.2900613395985232,0.4338729938999204,1.041855677794194,0.11142910541076131,0.4,0.15,0.0,0.45,0.6666666666666666,0.007449575000000003,0.01573940395201771,0.0,1.0,-0.9647210640197011,-4.41,-0.9699763409399508,-0.06852960745176317,0.0,0.0,-0.45092655910692836,-0.06999999999999984,-0.3103138800420784,-0.11141304347826075,0.0,0.0
2014-04-30,2014-05-30,BUY,0.3732555535430704,0.01024995,0.01024995,1,0.0,0.022727889617733643,0.05673517560437302,0.005528944444444434,0.016718055555555538,0.027278083333333304,-0.0019000000000000128,0.16169350231493826,0.8358038691450974,0.42726170010631415,0.7127121363425338,1.0413125727839552,-0.10344659028931923,0.4,0.15,0.0,0.45,0.6666666666666666,0.006486720833333335,0.015580786472373277,0.0,1.0,-1.0303792534962959,-0.47000000000000064,-0.10435150336886583,-0.07644628099173556,0.0,0.0,-0.5349704620498509,-0.050000000000000044,-0.22356759799505269,-0.09687034277198214,0.0,0.0
2014-09-30,2014-10-31,SELL,-0.39083183684678374,0.01380289999999999,0.01380289999999999,1,0.6000000000000001,0.013676452448501353,-0.08632312108515316,-0.0034429166666666805,-0.016143805555555557,-0.0356750833333333,0.0416000000000003,0.0065203411889634254,-1.385742004303078,-0.3230530076947001,-0.6575024551232901,-1.3573981563175883,-0.013557743134087207,0.05,0.0,0.6,0.35,0.75,0.007173779166666661,0.014398822079708705,0.0,1.0,-0.6399919377447594,4.329999999999998,0.9541819503202712,0.19897084048027436,0.0,1.0,-0.40694406057583354,0.10000000000000009,0.4274114499416818,0.09446254071661264,0.0,1.0
2015-01-30,2015-02-27,SELL,-0.4113544825946322,-0.01793694999999999,-0.01793694999999999,0,0.0,-0.011986634926818951,-0.11168444943688915,-0.00899991666666671,-0.03525669444444445,-0.03237033333333331,0.6946000000000001,-0.42698290146376544,-1.7390159586366294,-0.7870153317764091,-1.4549620808629105,-1.208668301708856,1.409501720244148,0.05,0.0,0.6,0.35,0.8333333333333334,0.009582266666666662,0.015908728926720954,0.05000000000000001,1.0,-0.04237087469243249,1.7699999999999996,0.3843346797848577,0.31308703819661865,1.0,1.0,-0.1405066841484869,0.050000000000000044,0.20613003153435228,0.12863070539419086,1.0,1.0
2015-08-31,2015-09-30,SELL,-0.4626865561019053,0.011650049999999999,0.011650049999999999,1,0.0,-0.045713198149665346,-0.07246337390366508,-0.004981000000000003,-0.01908155555555557,-0.006547250000000036,-0.09650000000000025,-1.0041263364062119,-1.1113448679975044,-0.4489457368843921,-0.7727231156912259,-0.2304984615402703,-0.31982568608933126,0.05,0.0,0.6,0.35,0.5,0.0005984166666666651,0.016330957248789926,0.05000000000000001,1.0,0.9246611774487067,16.310000000000002,3.6094734987728234,0.6648448174897519,1.0,1.0,0.1635887065394493,0.08999999999999986,0.3826716697293632,0.147887323943662,1.0,1.0
2015-09-30,2015-10-30,SELL,-0.6254378257400851,0.0012680999999999905,0.0012680999999999905,1,0.0,-0.05973526084593128,-0.08823250012069161,-0.008070472222222224,-0.03424658333333334,-0.02604541666666667,0.3163,-1.2381082082920694,-1.349371525988564,-0.7128753934105936,-1.4141044948072152,-0.978085110772426,0.5905462528417934,0.05,0.0,0.6,0.35,0.5833333333333334,0.003404345833333331,0.015045539702245859,0.05000000000000001,2.0,0.4229085683465875,-3.9299999999999997,-0.8628064564323106,0.3163786155637145,1.0,0.0,0.23042557956723908,0.06000000000000005,0.24817879340015642,0.13677130044843056,1.0,1.0
2016-01-29,2016-02-29,SELL,-0.5387849852137321,0.013086650000000019,0.013086650000000019,1,0.0,-0.03279451253555954,-0.07892559568418955,-0.010272194444444488,-0.02976241666666669,-0.01916125,0.22120000000000006,-0.7794228805105969,-1.1756778471551608,-0.906213066401572,-1.2201819811197054,-0.7111004931466596,0.3842085098961417,0.05,0.0,0.6,0.35,0.4166666666666667,-0.001178129166666668,0.010937363857008987,0.0,1.0,-0.1171002935056262,1.9899999999999984,0.4233383232112353,-0.010935204831075684,1.0,1.0,0.5007549205631888,0.28,1.2367105787176662,0.15338645418326702,1.0,1.0
2016-02-29,2016-03-31,SELL,-0.3558496156772616,0.01212835,0.01212835,1,0.0,-0.03357977227807796,-0.06634287928313276,-0.013863583333333379,-0.029920250000000013,0.003063333333333331,0.47130000000000005,-0.7902017382787446,-0.9769465469290106,-1.2132837493119495,-1.2205424393981752,0.14969349597996617,0.9392367369453336,0.05,0.0,0.6,0.35,0.5,0.0014071708333333328,0.010319607847673929,0.0,2.0,-0.07214912870347974,0.3500000000000014,0.06859366958534939,0.07535321821036112,1.0,1.0,0.5446930882939038,0.040000000000000036,0.15494325638145906,0.1387283236994219,1.0,1.0
2016-04-29,2016-05-31,BUY,0.7052371873517483,0.0054405,0.0054405,1,0.6000000000000001,0.022268859729447588,0.07538169518748972,0.01251124999999999,0.020500805555555553,0.05029283333333333,0.08760000000000012,0.1682303683155937,1.2021577024411678,1.0743952045462686,0.9343501400377883,1.976223819684472,0.07822359152636688,0.4,0.15,0.0,0.45,0.5833333333333334,0.0027770666666666623,0.010391733168632396,0.0,1.0,-0.6892342327847633,1.75,0.3761323946607382,-0.1006301317548215,0.0,1.0,-0.035071764546391736,-0.16999999999999993,-0.7794980437489538,-0.14033366045142293,1.0,0.0
2016-05-31,2016-06-30,BUY,0.7834832760983605,0.016644,0.016644,1,0.0,0.03652455305101743,0.06359447004608287,0.015198750000000009,0.02892252777777778,0.0530235,-0.1111000000000002,0.41285539331770826,1.0151756348298218,1.3021382806925135,1.2898167436585535,2.0607551845900383,-0.36466594566865107,0.4,0.15,0.0,0.45,0.6666666666666666,0.003672845833333329,0.010115747640734396,0.05000000000000001,2.0,-0.8807021920768737,-1.5099999999999998,-0.32903825460164615,-0.17178988326848255,0.0,0.0,-0.0008854867819822623,0.030000000000000027,0.11910136199622912,-0.11747285291214227,1.0,1.0
2016-06-30,2016-07-29,BUY,0.5847437276424411,0.013108550000000002,0.013108550000000002,1,0.0,0.03279087829165639,0.08410813141399798,0.0018150555555555576,0.009808499999999996,0.052082833333333335,0.29899999999999993,0.34757574941004626,1.325610171998084,0.1385437055195668,0.46885350319448466,2.001904153916693,0.5515852538138559,0.4,0.15,0.0,0.45,0.75,0.00658034583333333,0.008237680532782895,0.05000000000000001,3.0,-0.6928557013959749,1.4400000000000013,0.3101973713460388,-0.06425863101177409,0.0,1.0,0.07888053496270556,0.07000000000000006,0.2984243695544577,-0.06772908366533847,1.0,1.0
2018-01-31,2018-02-28,BUY,0.3842965026291534,-0.02562155,-0.02562155,0,0.0,0.07838895264354817,0.038200654597501105,0.00656305555555555,0.022090166666666657,0.011669749999999991,-0.3256999999999999,1.1432264227219775,0.6307252717994475,0.5370628948683946,0.9918557726267354,0.4627763125401112,-0.8291423869822986,0.4,0.15,0.0,0.45,0.9166666666666666,0.00945965416666666,0.007127513534725161,0.0,1.0,-0.8709297243991029,2.5,0.5599132389039714,0.22830359842757786,0.0,1.0,-0.7158111256897877,-0.07000000000000006,-0.33063981702720924,-0.11340206185567014,0.0,0.0
2018-04-30,2018-05-31,SELL,-0.32295830112763624,0.009266050000000007,0.009266050000000007,1,0.6000000000000001,-0.016067253951788874,0.016412871333556067,-0.002943972222222223,-0.005046083333333339,-0.006101250000000002,-0.2481,-0.5394231244665026,0.2839842406700809,-0.31338155249464306,-0.202130575193998,-0.23901624690966622,-0.6437983077010072,0.05,0.0,0.6,0.35,0.8333333333333334,0.0047100708333333244,0.011946250327272437,0.0,1.0,-0.565938007087406,-4.039999999999999,-0.9102425575411538,0.04333588036240599,0.0,0.0,-0.4521364996190953,-0.010000000000000009,-0.05475476047093242,0.10016977928692694,0.0,0.0
2018-10-31,2018-11-30,SELL,-0.32205835054786996,0.00980734999999999,0.00980734999999999,1,0.0,-0.029625154393973507,-0.03200947003708354,-0.0016955555555555636,-0.005443111111111137,-0.005787000000000004,-0.18369999999999997,-0.7909195742701717,-0.48697966345119986,-0.20240420624245511,-0.22332888833308245,-0.2193477608681746,-0.4963496735733358,0.05,0.0,0.6,0.35,0.5833333333333334,0.0004733291666666655,0.012454454276055484,0.05000000000000001,1.0,0.12804702672727247,9.110000000000001,2.0562204438853477,0.40658127208480566,1.0,1.0,-0.3283817736808029,0.11999999999999988,0.5581090585647244,0.033576642335766405,0.0,1.0
2018-12-31,2019-01-31,SELL,-0.858067661219836,0.016302000000000004,0.016302000000000004,1,0.0,-0.09448513143755022,-0.073481963799781,-0.013768500000000003,-0.04066483333333333,-0.022808833333333334,0.3769999999999998,-1.9552476691845262,-1.1533541517651693,-1.2939133322236633,-1.7886639528949848,-0.8993794576479416,0.7887984446321004,0.05,0.0,0.6,0.35,0.5833333333333334,0.000914670833333331,0.012946328412807755,0.05000000000000001,1.0,0.667609037152101,7.350000000000001,1.645925350580994,0.4875646152345654,1.0,1.0,0.09051862109223291,0.15999999999999992,0.7425865028235235,0.24559023066485763,1.0,1.0
2019-03-29,2019-04-30,BUY,0.56702852452856,0.017200350000000003,0.017200350000000003,1,0.6000000000000001,0.04322542058367973,0.0017583985148739156,0.006759194444444432,0.015835194444444402,0.024747999999999947,0.27920000000000034,0.5316157308584814,0.06388208704802552,0.5722297406637543,0.7331401486352956,1.008238252456308,0.5569472745575207,0.4,0.15,0.0,0.45,0.6666666666666666,0.005728766666666665,0.010808663493742944,0.05000000000000001,1.0,-0.8385526825791865,-1.0699999999999985,-0.24042921759194388,-0.25068318455092,0.0,0.0,-0.3161529724795787,-0.020000000000000018,-0.10447419817364426,-0.079896907216495,0.0,0.0
2019-04-30,2019-05-31,BUY,0.3824316763655123,-0.02522695,-0.02522695,0,0.0,0.06888915228981407,0.0008075723414859848,0.005101583333333325,0.007310916666666642,0.007761999999999977,0.1275000000000004,0.9920485140209815,0.048375814174707515,0.42022992707685386,0.3520808847678821,0.3228435436771243,0.20738718865023173,0.4,0.15,0.0,0.45,0.6666666666666666,0.007117916666666665,0.011118098583097358,0.10000000000000002,2.0,-0.9121291187731096,-0.5900000000000016,-0.13274687748588893,-0.22573030392446158,0.0,0.0,-0.4118344515716538,-0.07999999999999985,-0.3885118160461562,-0.13394018205461622,0.0,0.0
2019-12-31,2020-01-31,BUY,0.3867605740818163,-0.0012837999999999981,-0.0012837999999999981,0,0.0,0.05968326509192079,0.03044873496173328,0.009673444444444406,0.02081499999999997,0.008841833333333325,-0.2528999999999999,0.8260170570755238,0.539302197020898,0.8449664223906961,0.9677221575716447,0.3681620332995411,-0.6863042258465084,0.4,0.15,0.0,0.45,0.8333333333333334,0.011364162499999992,0.01569077590232984,0.05000000000000001,1.0,-0.8165267426264542,1.1600000000000001,0.26110840331800955,-0.09102902374670196,0.0,1.0,-0.6255781506558217,-0.12,-0.5817900239547497,-0.1428571428571428,0.0,0.0
2020-02-28,2020-03-31,SELL,-0.3745453673345624,-0.00606159999999999,-0.00606159999999999,0,0.6000000000000001,-0.045270335778689774,-0.07584592723242067,-0.00584847222222222,-0.029700138888888894,-0.015000666666666667,0.6272,-1.0894929479774857,-1.207507199165747,-0.5889258680187385,-1.3087532210688102,-0.6037873211014627,1.343687154159123,0.05,0.0,0.6,0.35,0.75,0.007020287499999993,0.020201099318953357,0.05000000000000001,1.0,2.6171368675971154,21.27,4.7894538690169135,1.0961588711784684,1.0,1.0,-0.2689028470386631,0.19999999999999996,0.9539069231109326,0.13137557959814528,0.0,1.0
2020-03-31,2020-04-30,SELL,-1.8916444119440192,0.02655495,0.02655495,1,0.0,-0.1467019558536673,-0.1657941298636847,-0.047963583333333344,-0.09214747222222223,-0.0637645833333333,1.248,-2.932759000892677,-2.6805576501541895,-4.477277182820897,-4.111712957675731,-2.5954727516012177,2.7673554213264104,0.05,0.0,0.6,0.35,0.6666666666666666,0.0042807791666666616,0.01954984696945068,0.10000000000000002,2.0,4.31544988080859,13.43,2.897736321095359,1.111892709223588,1.0,1.0,1.5665291922480307,1.5000000000000002,7.1944335586841,1.0298507462686572,1.0,1.0
2020-04-30,2020-05-29,SELL,-0.9334272492439306,0.007366349999999998,0.007366349999999998,1,0.0,-0.03179983732738201,-0.1434259978170116,-0.027202750000000008,-0.05695530555555556,-0.04323899999999997,0.8674999999999999,-0.818913884841759,-2.2790785719252837,-2.464111262665989,-2.447683278013191,-1.7296306066330835,1.8597755366904396,0.05,0.0,0.6,0.35,0.6666666666666666,0.005060329166666661,0.02022434423269862,0.05000000000000001,3.0,1.7461206407894523,-19.39,-4.1912825259786874,0.18411927877947298,1.0,0.0,0.7030922482353323,-0.7000000000000002,-3.13343216753927,0.3526785714285714,1.0,0.0
2020-05-29,2020-06-30,SELL,-0.3179859977880507,0.007927799999999997,0.007927799999999997,1,0.0,0.01749179053969363,-0.0769593969138177,-0.01570261111111113,-0.021027722222222253,-0.01819958333333336,0.4960000000000001,0.07006737777878175,-1.1818184955568949,-1.4145516826578273,-0.8585256818722538,-0.7078425925848882,1.002936592607884,0.05,0.0,0.6,0.35,0.75,0.007776437499999994,0.01804568442115643,0.05000000000000001,4.0,0.904860562287914,-6.639999999999997,-1.4014992699346196,-0.12169424785824512,1.0,0.0,0.3593268956857121,-0.28,-1.2430769488822762,0.08186528497409329,1.0,0.0
2020-06-30,2020-07-31,BUY,0.9789343217824213,0.045207799999999944,0.045207799999999944,1,0.6000000000000001,0.0437890262022651,-0.018201653651814365,0.02827549999999999,0.03558338888888887,0.03239933333333331,0.013399999999999967,0.5437722854441668,-0.22907940108020536,2.485832748238426,1.6031193871766682,1.3359640420216947,-0.09508253218642956,0.4,0.15,0.0,0.45,0.75,0.0049081958333333274,0.014759061772693746,0.05000000000000001,1.0,1.2668272544914594,2.919999999999998,0.5978111968723041,-0.10753739368462212,1.0,1.0,0.06508131004247596,-0.24,-1.0632301000657542,-0.11937377690802353,1.0,0.0
2020-07-31,2020-08-31,BUY,1.1252161070594189,0.0319607,0.0319607,1,0.0,0.09849241281113308,0.054067017101273596,0.018877722222222216,0.030692499999999956,0.051085583333333275,0.11109999999999998,1.5294170594755752,0.9390393166610311,1.6309274123640884,1.3814461858255074,2.082456912201674,0.12704907248966887,0.4,0.15,0.0,0.45,0.75,0.008137108333333323,0.01850787152979139,0.10000000000000002,2.0,0.5162094602236863,-5.969999999999999,-1.2582136943443152,-0.3018078020932444,1.0,0.0,-0.14331837732358244,-0.16999999999999993,-0.7541643186596766,-0.24216524216524216,1.0,0.0
2020-08-31,2020-09-30,BUY,1.158885206059285,-0.022025,-0.022025,0,0.0,0.14059647912757534,0.11857522977211965,0.013735416666666658,0.03753197222222219,0.05146899999999998,-0.052200000000000024,2.278469193249372,1.978526999966951,1.170806979793944,1.6704258123975928,2.0784150174472087,-0.24480576653240896,0.4,0.15,0.0,0.45,0.75,0.010536395833333323,0.019545461195520725,0.10000000000000002,3.0,0.758755967117253,1.9499999999999993,0.39795372917623084,-0.19358778625954198,1.0,1.0,-0.19216206971334224,-0.040000000000000036,-0.184922167307523,-0.2698113207547169,1.0,0.0
2020-09-30,2020-10-30,BUY,0.5588545019723775,-0.00978985,-0.00978985,0,0.0,0.051405156251791206,0.05682119043955147,0.00553241666666666,0.02167574999999997,0.0363483333333333,-0.027900000000000036,0.6605639190050625,0.9688750843504523,0.44877902880067094,0.9758980165921595,1.4568594294557322,-0.18897338201936018,0.4,0.15,0.0,0.45,0.6666666666666666,0.008245545833333324,0.021517148562081586,0.10000000000000002,4.0,0.7517378757257446,-0.03999999999999915,-0.018168816073354896,-0.0656115277859799,1.0,0.0,-0.10577648190000431,0.07000000000000006,0.296158116924683,-0.11688311688311681,1.0,1.0
2020-11-30,2020-12-31,BUY,0.4112739488908901,0.0242696,0.0242696,1,0.0,0.07967034195538081,0.05222082791009863,0.010904361111111106,0.01197591666666666,0.006437833333333337,-0.1341,1.1671436386834808,0.8898041317411424,0.9189344584542758,0.5529362602216361,0.2567722316856803,-0.4281428956997331,0.4,0.15,0.0,0.45,0.5833333333333334,0.010462737499999994,0.026691714012179277,0.10000000000000002,1.0,0.016475557774362652,-17.450000000000003,-3.6364437468740167,-0.2576687116564417,1.0,0.0,-0.49961029486994646,-0.20999999999999996,-0.9295610846510434,-0.19691119691119696,0.0,0.0
2020-12-31,2021-01-29,BUY,0.7988216933206047,-0.006272400000000001,-0.006272400000000001,0,0.0,0.08441547505568492,0.07143268945674985,0.015994944444444433,0.03317361111111109,0.03413483333333333,-0.22919999999999996,1.2474341902434687,1.1964226621934235,1.3626624991749299,1.468005018489338,1.359614051660061,-0.64478559964417,0.4,0.15,0.0,0.45,0.5833333333333334,0.01079972083333333,0.02683797144036672,0.10000000000000002,2.0,0.287939082937543,2.1799999999999997,0.43759439464830513,-0.13923571698827097,1.0,1.0,-0.5973566952963987,-0.08000000000000007,-0.35674654086493146,-0.20331950207468885,0.0,0.0
2021-01-29,2021-02-26,BUY,0.6135227626983686,0.012400049999999961,0.012400049999999961,1,0.0,0.04995144924361172,0.07148962886696308,0.011204944444444434,0.034026166666666656,0.029781166666666657,-0.19179999999999986,0.6254837009257374,1.192419012599252,0.9365127880908917,1.4970149556457115,1.1797566377346589,-0.5576315062067877,0.4,0.15,0.0,0.45,0.5833333333333334,0.010384004166666662,0.02705964480282751,0.10000000000000002,3.0,1.5771147922736268,10.340000000000003,2.0974740803310774,0.18736917648466012,1.0,1.0,-0.583646167909573,0.010000000000000009,0.0390581733277514,-0.15283842794759828,0.0,1.0
2021-02-26,2021-03-31,BUY,0.43747497926793333,0.0059952999999999985,0.0059952999999999985,1,0.0,0.06179638327362702,0.1111437336070149,0.006720666666666657,0.0338112222222222,0.0299715,-0.5660000000000001,0.8361406601292807,1.8250996868209473,0.5406521484980258,1.4796487055628906,1.182467908457383,-1.4140595470399802,0.4,0.15,0.0,0.45,0.6666666666666666,0.014362487499999991,0.023291580047574086,0.10000000000000002,4.0,0.9284840022313614,-5.140000000000004,-1.0541081888004888,-0.006222222222222351,1.0,0.0,-0.6689772198422383,-0.06999999999999995,-0.31282466964591166,-0.16666666666666674,0.0,0.0
2021-04-30,2021-05-31,BUY,0.4159659705975123,0.009755650000000001,0.009755650000000001,1,0.0,0.08803646591187553,0.1028670034330974,0.006941666666666656,0.039558999999999976,0.008033750000000006,-0.5604,1.2998118805299645,1.6762734328616231,0.5577207293912161,1.711746487345124,0.3070884767258923,-1.3805717504071242,0.4,0.15,0.0,0.45,0.75,0.016353320833333324,0.023352104461013934,0.05000000000000001,1.0,-0.2366780965526426,-0.7899999999999991,-0.1639065768412792,-0.21570555594577523,0.0,0.0,-0.6906434546864312,-0.030000000000000027,-0.1364405430751197,-0.06713780918727918,0.0,0.0
2021-06-30,2021-07-30,BUY,0.4637584559151137,0.017996450000000004,0.017996450000000004,1,0.0,0.0663304255479289,0.07729478691203329,0.002604055555555549,0.01799783333333332,0.010581749999999987,0.2724,0.9028114459453425,1.249776330862721,0.17420295722455545,0.7746356903720829,0.40921335219964994,0.521687289749051,0.4,0.15,0.0,0.45,0.75,0.017474104166666657,0.023143556971419867,0.05000000000000001,1.0,-0.5825655649492892,-0.9300000000000015,-0.19093671427178796,-0.2784867821330903,0.0,0.0,-0.7864123925324018,-0.039999999999999925,-0.18009472034238388,-0.0943396226415093,0.0,0.0
2022-04-29,2022-05-31,SELL,-0.3441054759595846,0.009291299999999999,0.009291299999999999,1,0.6000000000000001,-0.07786606737360335,0.15734329645577705,-0.002171083333333336,0.03172324999999998,0.03168524999999997,-1.1569000000000003,-1.700266323534067,2.470850655497161,-0.244376989866661,1.3556929917209604,1.2570469294116706,-2.7327294634894104,0.05,0.0,0.6,0.35,0.5833333333333334,0.000673412499999995,0.023656704961403312,0.0,1.0,1.628343314517442,12.84,2.5501371740417365,0.30681447668731643,1.0,1.0,-0.0855541281656494,0.19000000000000017,0.8450672731833567,0.2089552238805974,1.0,1.0
2022-06-30,2022-07-29,SELL,-1.1319950713346358,0.035975650000000026,0.035975650000000026,1,0.0,-0.10825085514516264,-0.03092384335194287,-0.007598861111111084,-0.016343527777777766,-0.0374795833333333,-0.6749,-2.228918895421126,-0.5108988093278001,-0.7313171187364667,-0.7243281292234492,-1.5209978589230548,-1.5864084257037177,0.05,0.0,0.6,0.35,0.5,-0.00271275416666667,0.023650390063216137,0.05000000000000001,1.0,1.026789478298257,2.5199999999999996,0.4878273372579428,0.0513916015625,1.0,1.0,0.1666308935138707,0.25,1.1145663117052849,0.21727748691099502,1.0,1.0
2022-07-29,2022-08-31,SELL,-0.45199490910381673,-0.03878955000000003,-0.03878955000000003,0,0.0,-0.012053850845754943,-0.010426932949216372,-0.005947333333333323,-0.014140777777777789,-0.03933299999999999,0.2849000000000004,-0.4885986480389495,-0.18943582125537808,-0.5814950005902653,-0.6276953622035973,-1.5869357091142504,0.5727552653241622,0.05,0.0,0.6,0.35,0.5,-0.0012144875000000017,0.025418292700010045,0.05000000000000001,2.0,0.09324383113773836,-7.380000000000003,-1.4653944070372862,-0.20182113009854064,1.0,0.0,0.02770721932534814,-0.1100000000000001,-0.5074620685145125,0.07730673316708225,1.0,0.0
2022-08-31,2022-09-30,SELL,-0.6707830396150427,-0.05391969999999999,-0.05391969999999999,0,0.0,-0.0379142077326885,-0.02132850957354515,-0.0007885277777777514,-0.006892194444444429,-0.0447538333333333,-0.34850000000000003,-0.9503836101274137,-0.3598154503041917,-0.11734276468882665,-0.31378241163096743,-1.7941513462375767,-0.8490381050054714,0.05,0.0,0.6,0.35,0.4166666666666667,-0.005263529166666667,0.027152237324470266,0.05000000000000001,3.0,0.666248873962078,4.540000000000003,0.888230137377703,-0.005382545174932751,1.0,1.0,-0.022835547126625774,-0.040000000000000036,-0.19146155597184317,0.024390243902439046,1.0,0.0
2022-09-30,2022-10-31,SELL,-0.7157342479808204,-0.00887489999999996,-0.00887489999999996,0,0.0,-0.09302763827039806,-0.08719420635704733,0.0041519999999999795,0.005278666666666651,-0.02519775,-0.8156999999999996,-1.933876975903832,-1.3918967769190167,0.32687383624750976,0.21227047687101758,-1.004631293763234,-1.8950415313363829,0.05,0.0,0.6,0.35,0.4166666666666667,-0.008397895833333335,0.030241382979043625,0.05000000000000001,4.0,1.391291643789448,5.75,1.1240058863792712,0.1352321685016753,1.0,1.0,0.21744891873391362,0.19000000000000017,0.8454164764062092,0.10544611819235228,1.0,1.0
2022-10-31,2022-11-30,SELL,-0.642743953759757,0.04540629999999994,0.04540629999999994,1,0.0,-0.00974151357904085,-0.05104232404768905,0.006221749999999977,0.01291463888888888,-0.03247599999999998,-1.3990999999999998,-0.4353118885792617,-0.8194470297300637,0.5125873847365096,0.5421243195744733,-1.2906816590897319,-3.185181879200531,0.05,0.0,0.6,0.35,0.3333333333333333,-0.011857066666666664,0.027609511136241088,0.05000000000000001,5.0,0.6607182237557011,-5.740000000000002,-1.1415541259680846,-0.02706766917293224,1.0,0.0,0.20443142582644971,-0.010000000000000009,-0.058615024953436734,0.0699774266365687,1.0,0.0
2023-01-31,2023-02-28,BUY,0.3438171215379833,-0.03231839999999996,-0.03231839999999996,0,0.6000000000000001,0.04488865516871621,-0.023780556310697087,0.010638944444444442,-0.003969722222222236,-0.008848166666666681,0.5408999999999997,0.5414960800570717,-0.38943037533971403,0.9070581329947311,-0.1928739446487621,-0.34203897013826523,1.1492614309631237,0.4,0.15,0.0,0.45,0.4166666666666667,-0.0050634750000000004,0.03299118919015535,0.05000000000000001,1.0,-0.15992465799313563,-2.270000000000003,-0.45276737061468886,-0.197352089366984,1.0,0.0,-0.3160285292270983,-0.13000000000000012,-0.5970614113695955,-0.16129032258064535,0.0,0.0
2023-07-31,2023-08-31,BUY,0.45868406276536244,-0.01242165,-0.01242165,0,0.0,0.08110731420588335,0.034165118587246024,0.009847861111111094,0.0259679722222222,0.020634666666666635,-0.5367999999999999,1.1899357069866674,0.5364387924685659,0.8381290797236792,1.1193236266884865,0.841829550826228,-1.2371135876328865,0.4,0.15,0.0,0.45,0.5,0.0006019375000000023,0.03139901181364444,0.05000000000000001,1.0,-0.8902485186600377,0.040000000000000924,0.007293556722963701,-0.18497109826589586,0.0,1.0,-0.3800971316000859,-0.10999999999999988,-0.509154574063922,-0.12840466926070027,0.0,0.0
2023-08-31,2023-09-29,BUY,0.48814551075397705,-0.03317814999999996,-0.03317814999999996,0,0.0,0.04000442981170993,0.021750774576325904,0.00991191666666664,0.02770236111111109,0.03773616666666661,-0.46550000000000047,0.44589523023402744,0.33949287555782065,0.8417775844663615,1.1913152785192074,1.5244359696067804,-1.0745509983025145,0.4,0.15,0.0,0.45,0.5,0.002799262500000005,0.029426123615647764,0.05000000000000001,2.0,-0.8954980822467647,-0.0600000000000005,-0.01257891639859453,-0.12648857418731907,0.0,0.0,-0.30233385951661595,0.05999999999999983,0.26673136259925256,-0.0745098039215688,0.0,1.0
2023-10-31,2023-11-30,SELL,-0.42337349005212427,0.05867464999999999,0.05867464999999999,1,0.6000000000000001,-0.039905863248358986,0.008726479148018385,0.006293277777777796,0.005453499999999996,-0.002370500000000021,-0.9718999999999998,-0.9938618044887133,0.1327866209683034,0.5093565630876881,0.21325843093887495,-0.08835144071871713,-2.180642689131878,0.05,0.0,0.6,0.35,0.5,0.00380614166666667,0.026976965907571253,0.05000000000000001,1.0,-0.30892969175742985,0.620000000000001,0.12040834644591965,0.15308825087403322,0.0,1.0,-0.1597135052204628,0.08000000000000007,0.35773799806768175,0.04453441295546545,1.0,1.0
2023-12-29,2024-01-31,BUY,0.32743207429717514,0.005464500000000016,0.005464500000000016,1,0.6000000000000001,0.0632662235613628,-0.050379727135548946,0.0047188333333333145,-0.008350833333333363,-0.009382416666666688,0.6920000000000002,0.8702705576966348,-0.803972106291421,0.3635299454854352,-0.3924371204406247,-0.36933672757166525,1.4925657906132703,0.4,0.15,0.0,0.45,0.5833333333333334,0.009812020833333338,0.02980274150402285,0.10000000000000002,1.0,-1.033845598328597,-0.47000000000000064,-0.0939047524155083,-0.15334920095205717,0.0,0.0,-0.5458344116415839,-0.050000000000000044,-0.23438299720181868,-0.13030746705710106,0.0,0.0
2024-01-31,2024-02-29,BUY,0.39157036572194953,0.011097249999999965,0.011097249999999965,1,0.0,0.06996373946142431,-0.03765013699820552,0.0013325555555555512,-0.011164222222222226,-0.009633749999999998,1.0183,0.9889709628727996,-0.599869563523616,0.05370672750379316,-0.5153297450548249,-0.3787900530348713,2.2008643020448004,0.4,0.15,0.0,0.45,0.5833333333333334,0.007115287500000005,0.02858514983568188,0.15000000000000002,2.0,-0.7874935088673973,1.9000000000000004,0.3792849938556927,-0.03204047217537953,0.0,1.0,-0.5835847779341207,-0.030000000000000027,-0.14237832742245926,-0.13643178410794599,0.0,0.0
2024-03-29,2024-04-30,BUY,0.35405463116948566,-0.024775699999999998,-0.024775699999999998,0,0.0,0.09741120939024017,-0.004803128418748748,0.00448908333333334,0.017300527777777783,0.007443750000000004,-0.32120000000000015,1.4741588296798007,-0.07472381264990062,0.3420516188251815,0.737866337946003,0.3104644659913201,-0.7402134654253917,0.4,0.15,0.0,0.45,0.6666666666666666,0.010475279166666665,0.025861245961198515,0.10000000000000002,1.0,-0.9547722109916729,-0.39000000000000057,-0.07857186022481025,-0.07369170523317903,0.0,0.0,-0.6590323928259606,-0.05999999999999994,-0.28022258952156576,-0.12052117263843631,0.0,0.0
2025-04-30,2025-05-30,SELL,-0.4047606193536806,-0.007042549999999991,-0.007042549999999991,0,0.6000000000000001,-0.04775127921242417,-0.006094309401052045,-0.008540500000000012,-0.02244527777777777,-0.003630166666666646,0.37680000000000025,-1.1692909748122644,-0.10179081158124187,-0.8679655655829869,-1.0339138171642306,-0.14730804273502915,0.7899146841724275,0.05,0.0,0.6,0.35,0.6666666666666666,0.0063436249999999994,0.017673430664919238,0.0,1.0,0.5675205182188625,2.419999999999998,0.48216791389474695,0.30114135206321335,1.0,1.0,-0.43014454555796355,0.1200000000000001,0.5572922747997473,0.2137404580152671,0.0,1.0
2025-07-31,2025-08-29,BUY,0.3210053362434188,0.0145613,0.0145613,1,0.6000000000000001,0.06869348360167504,-0.010049720286698705,0.008889972222222185,0.01967152777777774,-0.0033940833333333475,-0.2120999999999995,0.953986783704884,-0.16506919064189252,0.7553933045380206,0.8482604745394202,-0.135214477708956,-0.49639406761285615,0.4,0.15,0.0,0.45,0.5,0.0027673083333333397,0.01700030962200678,0.05000000000000001,1.0,-0.46695905380862174,-0.010000000000001563,-0.004420676465093545,-0.15434544381690973,0.0,0.0,-0.819798018478392,-0.06999999999999995,-0.33105809241584294,-0.1460674157303371,0.0,0.0
2025-08-29,2025-09-30,BUY,0.3175444012700894,0.02355695,0.02355695,1,0.0,0.07381071108008386,0.005572895954184309,0.0013482222222221923,0.007946777777777749,0.003357333333333319,0.1720000000000006,1.0447285568601334,0.08904255759854941,0.05049735407626699,0.3219537114561718,0.14260521033584983,0.3454815748921144,0.4,0.15,0.0,0.45,0.5,0.002678912500000009,0.016935875179545184,0.10000000000000002,2.0,-0.6430485973404277,-1.3599999999999994,-0.2773334137305128,-0.19412381951731372,0.0,0.0,-0.778481592651077,0.030000000000000027,0.13919576536190975,-0.09885931558935346,0.0,1.0
2025-09-30,2025-10-31,BUY,0.3357770527477896,0.014622650000000001,0.014622650000000001,1,0.0,0.07954390470064787,0.026551520467491985,0.0028344999999999876,0.008396499999999989,0.004743666666666653,0.0777000000000001,1.1461844166090676,0.43030516811719866,0.1892070639843187,0.341584992755509,0.19948251347348148,0.13820332966436072,0.4,0.15,0.0,0.45,0.5,0.0027515958333333423,0.017023224181827997,0.10000000000000002,3.0,-0.5220140536017457,0.9200000000000017,0.18461853798569533,-0.09856035437430777,0.0,1.0,-0.8424114899018891,-0.050000000000000044,-0.23731403486579425,-0.12252964426877477,0.0,0.0
2025-10-31,2025-11-28,BUY,0.33345046567251857,0.007793049999999999,0.007793049999999999,1,0.0,0.0675316263904624,0.041918813240286346,-0.0023099166666666663,0.006424083333333335,0.011999249999999986,0.2965,0.9234368757734898,0.6799485601377622,-0.2920868209579124,0.2526331477519617,0.4983773021174044,0.618342289350168,0.4,0.15,0.0,0.45,0.5833333333333334,0.005491075000000006,0.016039621982355895,0.10000000000000002,4.0,-0.3699291323523616,1.1600000000000001,0.23299950220426158,0.035014836795252524,0.0,1.0,-0.7878283901470592,0.040000000000000036,0.18695042367943285,-0.02092050209205032,0.0,1.0
