decision_date,realized_date,signal,gross_return,net_return,turnover,w_spx,w_bcom,w_treasury_10y,w_corp_bonds,equity_gross,equity_net
2006-01-31,2006-02-28,BUY,-0.020314666666666665,-0.020314666666666665,0.0,0.3333333333333333,0.3333333333333333,0.0,0.3333333333333333,0.9796853333333333,0.9796853333333333
2006-02-28,2006-03-31,BUY,0.005082666666666668,0.005082666666666668,0.0,0.3333333333333333,0.3333333333333333,0.0,0.3333333333333333,0.9846647473208887,0.9846647473208887
2006-03-31,2006-04-28,BUY,0.0242343333333333,0.0242343333333333,0.0,0.3333333333333333,0.3333333333333333,0.0,0.3333333333333333,1.0085274410290455,1.0085274410290455
2006-04-28,2006-05-31,BUY,-0.0091373333333333,-0.0091373333333333,0.0,0.3333333333333333,0.3333333333333333,0.0,0.3333333333333333,0.9993121896245494,0.9993121896245494
2006-05-31,2006-06-30,BUY,-0.00603,-0.00603,0.0,0.3333333333333333,0.3333333333333333,0.0,0.3333333333333333,0.9932863371211134,0.9932863371211134
2006-06-30,2006-07-31,BUY,0.015796333333333332,0.015796333333333332,0.0,0.3333333333333333,0.3333333333333333,0.0,0.3333333333333333,1.008976619197724,1.008976619197724
2006-07-31,2006-08-31,SELL,0.02570550000000003,0.02570550000000003,0.9999999999999999,0.0,0.0,1.0,0.0,1.034912867682511,1.034912867682511
2006-08-31,2006-09-29,SELL,0.01228516666666658,0.01228516666666658,0.0,0.0,0.0,1.0,0.0,1.0476269447474684,1.0476269447474684
2006-09-29,2006-10-31,SELL,0.006363833333333423,0.006363833333333423,0.0,0.0,0.0,1.0,0.0,1.0542938680193505,1.0542938680193505
2006-10-31,2006-11-30,SELL,0.015731749999999926,0.015731749999999926,0.0,0.0,0.0,1.0,0.0,1.0708797555775638,1.0708797555775638
2006-11-30,2006-12-29,BUY,-0.015394666666666664,-0.015394666666666664,0.9999999999999999,0.3333333333333333,0.3333333333333333,0.0,0.3333333333333333,1.0543939187003657,1.0543939187003657
2006-12-29,2007-01-31,BUY,0.003903666666666666,0.003903666666666666,0.0,0.3333333333333333,0.3333333333333333,0.0,0.3333333333333333,1.0585099210943325,1.0585099210943325
2007-01-31,2007-02-28,BUY,0.009471666666666666,0.009471666666666666,0.0,0.3333333333333333,0.3333333333333333,0.0,0.3333333333333333,1.0685357742302977,1.0685357742302977
2007-02-28,2007-03-30,BUY,0.003284000000000033,0.003284000000000033,0.0,0.3333333333333333,0.3333333333333333,0.0,0.3333333333333333,1.07204484571287,1.07204484571287
2007-03-30,2007-04-30,SELL,0.005748749999999992,0.005748749999999992,0.9999999999999999,0.0,0.0,1.0,0.0,1.0782077635196619,1.0782077635196619
2007-04-30,2007-05-31,BUY,0.006554,0.006554,0.9999999999999999,0.3333333333333333,0.3333333333333333,0.0,0.3333333333333333,1.0852743372017697,1.0852743372017697
2007-05-31,2007-06-29,BUY,-0.013457333333333333,-0.013457333333333333,0.0,0.3333333333333333,0.3333333333333333,0.0,0.3333333333333333,1.0706694386879332,1.0706694386879332
2007-06-29,2007-07-31,BUY,-0.004447666666666667,-0.004447666666666667,0.0,0.3333333333333333,0.3333333333333333,0.0,0.3333333333333333,1.0659074579144623,1.0659074579144623
2007-07-31,2007-08-31,SELL,0.021765000000000007,0.021765000000000007,0.9999999999999999,0.0,0.0,1.0,0.0,1.0891069337359707,1.0891069337359707
2007-08-31,2007-09-28,SELL,-0.0010961666666666416,-0.0010961666666666416,0.0,0.0,0.0,1.0,0.0,1.0879130910187738,1.0879130910187738
2007-09-28,2007-10-31,SELL,0.013656583333333378,0.013656583333333378,0.0,0.0,0.0,1.0,0.0,1.1027702668056958,1.1027702668056958
2007-10-31,2007-11-30,BUY,-0.024068,-0.024068,0.9999999999999999,0.3333333333333333,0.3333333333333333,0.0,0.3333333333333333,1.0762287920242164,1.0762287920242164
2007-11-30,2007-12-31,SELL,-0.003968916666666723,-0.003968916666666723,0.9999999999999999,0.0,0.0,1.0,0.0,1.071957329634405,1.071957329634405
2007-12-31,2008-01-31,SELL,0.039911166666666664,0.039911166666666664,0.0,0.0,0.0,1.0,0.0,1.1147403972769987,1.1147403972769987
2008-01-31,2008-02-29,SELL,0.010125750000000055,0.010125750000000055,0.0,0.0,0.0,1.0,0.0,1.1260279798547264,1.1260279798547264
2008-02-29,2008-03-31,SELL,0.011390333333333306,0.011390333333333306,0.0,0.0,0.0,1.0,0.0,1.1388538138879316,1.1388538138879316
2008-03-31,2008-04-30,SELL,-0.02421416666666665,-0.02421416666666665,0.0,0.0,0.0,1.0,0.0,1.1112774178294802,1.1112774178294802
2008-04-30,2008-05-30,BUY,0.009022999999999998,0.009022999999999998,0.9999999999999999,0.3333333333333333,0.3333333333333333,0.0,0.3333333333333333,1.1213044739705555,1.1213044739705555
2008-05-30,2008-06-30,BUY,-0.001061999999999996,-0.001061999999999996,0.0,0.3333333333333333,0.3333333333333333,0.0,0.3333333333333333,1.1201136486191987,1.1201136486191987
2008-06-30,2008-07-31,BUY,-0.04575299999999997,-0.04575299999999997,0.0,0.3333333333333333,0.3333333333333333,0.0,0.3333333333333333,1.0688650888539246,1.0688650888539246
2008-07-31,2008-08-29,SELL,0.014729500000000059,0.014729500000000059,0.9999999999999999,0.0,0.0,1.0,0.0,1.0846089371801986,1.0846089371801986
2008-08-29,2008-09-30,SELL,0.0021733333333333327,0.0021733333333333327,0.0,0.0,0.0,1.0,0.0,1.0869661539370035,1.0869661539370035
2008-09-30,2008-10-31,SELL,-0.00782983333333332,-0.00782983333333332,0.0,0.0,0.0,1.0,0.0,1.0784553901127023,1.0784553901127023
2008-10-31,2008-11-28,SELL,0.09109916666666663,0.09109916666666663,0.0,0.0,0.0,1.0,0.0,1.1767017774391444,1.1767017774391444
2008-11-28,2008-12-31,SELL,0.06258783333333333,0.06258783333333333,0.0,0.0,0.0,1.0,0.0,1.2503489921685427,1.2503489921685427
2008-12-31,2009-01-30,SELL,-0.051536416666666675,-0.051536416666666675,0.0,0.0,0.0,1.0,0.0,1.185910485529398,1.185910485529398
2009-01-30,2009-02-27,SELL,-0.012321083333333337,-0.012321083333333337,0.0,0.0,0.0,1.0,0.0,1.1712987836113165,1.1712987836113165
2009-02-27,2009-03-31,SELL,0.032277916666666684,0.032277916666666684,0.0,0.0,0.0,1.0,0.0,1.2091058681404905,1.2091058681404905
2009-03-31,2009-04-30,SELL,-0.03652391666666667,-0.03652391666666667,0.0,0.0,0.0,1.0,0.0,1.1649445861713497,1.1649445861713497
2009-04-30,2009-05-29,SELL,-0.026360583333333337,-0.026360583333333337,0.0,0.0,0.0,1.0,0.0,1.1342359673288642,1.1342359673288642
2009-05-29,2009-06-30,BUY,0.0027730000000000003,0.0027730000000000003,0.9999999999999999,0.3333333333333333,0.3333333333333333,0.0,0.3333333333333333,1.1373812036662672,1.1373812036662672
2009-06-30,2009-07-31,BUY,0.04981599999999996,0.04981599999999996,0.0,0.3333333333333333,0.3333333333333333,0.0,0.3333333333333333,1.1940409857081058,1.1940409857081058
2009-07-31,2009-08-31,BUY,0.015306666666666665,0.015306666666666665,0.0,0.3333333333333333,0.3333333333333333,0.0,0.3333333333333333,1.2123177730626777,1.2123177730626777
2009-08-31,2009-09-30,BUY,0.0230413333333333,0.0230413333333333,0.0,0.3333333333333333,0.3333333333333333,0.0,0.3333333333333333,1.2402511909777392,1.2402511909777392
2009-09-30,2009-10-30,BUY,0.0066426666666666665,0.0066426666666666665,0.0,0.3333333333333333,0.3333333333333333,0.0,0.3333333333333333,1.2484897662223404,1.2484897662223404
2009-10-30,2009-11-30,BUY,0.03560733333333333,0.03560733333333333,0.0,0.3333333333333333,0.3333333333333333,0.0,0.3333333333333333,1.2929451574914748,1.2929451574914748
2009-11-30,2009-12-31,BUY,0.009911999999999999,0.009911999999999999,0.0,0.3333333333333333,0.3333333333333333,0.0,0.3333333333333333,1.30576082989253,1.30576082989253
2009-12-31,2010-01-29,BUY,-0.031175999999999995,-0.031175999999999995,0.0,0.3333333333333333,0.3333333333333333,0.0,0.3333333333333333,1.2650524302598005,1.2650524302598005
2010-01-29,2010-02-26,BUY,0.023049666666666663,0.023049666666666663,0.0,0.3333333333333333,0.3333333333333333,0.0,0.3333333333333333,1.2942114670931455,1.2942114670931455
2010-02-26,2010-03-31,BUY,0.016415333333333334,0.016415333333333334,0.0,0.3333333333333333,0.3333333333333333,0.0,0.3333333333333333,1.3154563797293017,1.3154563797293017
2010-03-31,2010-04-30,BUY,0.017437,0.017437,0.0,0.3333333333333333,0.3333333333333333,0.0,0.3333333333333333,1.3383939926226416,1.3383939926226416
2010-04-30,2010-05-31,BUY,-0.05228199999999993,-0.05228199999999993,0.0,0.3333333333333333,0.3333333333333333,0.0,0.3333333333333333,1.2684200779003447,1.2684200779003447
2010-05-31,2010-06-30,SELL,0.03280183333333338,0.03280183333333338,0.9999999999999999,0.0,0.0,1.0,0.0,1.3100265818922854,1.3100265818922854
2010-06-30,2010-07-30,SELL,0.004644083333333323,0.004644083333333323,0.0,0.0,0.0,1.0,0.0,1.3161104545074749,1.3161104545074749
2010-07-30,2010-08-31,SELL,0.03955749999999998,0.03955749999999998,0.0,0.0,0.0,1.0,0.0,1.3681724938116542,1.3681724938116542
2010-08-31,2010-09-30,SELL,-0.0014705833333333224,-0.0014705833333333224,0.0,0.0,0.0,1.0,0.0,1.3661604821451296,1.3661604821451296
2010-09-30,2010-10-29,BUY,0.02927166666666663,0.02927166666666663,0.9999999999999999,0.3333333333333333,0.3333333333333333,0.0,0.3333333333333333,1.4061502763916545,1.4061502763916545
2010-10-29,2010-11-30,BUY,-0.004685999999999999,-0.004685999999999999,0.0,0.3333333333333333,0.3333333333333333,0.0,0.3333333333333333,1.3995610561964833,1.3995610561964833
2010-11-30,2010-12-31,BUY,0.05428233333333332,0.05428233333333332,0.0,0.3333333333333333,0.3333333333333333,0.0,0.3333333333333333,1.4755324959692928,1.4755324959692928
2010-12-31,2011-01-31,BUY,0.011498666666666666,0.011498666666666666,0.0,0.3333333333333333,0.3333333333333333,0.0,0.3333333333333333,1.4924991522962785,1.4924991522962785
2011-01-31,2011-02-28,BUY,0.0176573333333333,0.0176573333333333,0.0,0.3333333333333333,0.3333333333333333,0.0,0.3333333333333333,1.518852707328091,1.518852707328091
2011-02-28,2011-03-31,BUY,0.006083333333333333,0.006083333333333333,0.0,0.3333333333333333,0.3333333333333333,0.0,0.3333333333333333,1.5280923946310039,1.5280923946310039
2011-03-31,2011-04-29,BUY,0.026759666666666668,0.026759666666666668,0.0,0.3333333333333333,0.3333333333333333,0.0,0.3333333333333333,1.5689836377471982,1.5689836377471982
2011-04-29,2011-05-31,BUY,-0.016572666666666635,-0.016572666666666635,0.0,0.3333333333333333,0.3333333333333333,0.0,0.3333333333333333,1.5429813949133597,1.5429813949133597
2011-05-31,2011-06-30,BUY,-0.0258593333333333,-0.0258593333333333,0.0,0.3333333333333333,0.3333333333333333,0.0,0.3333333333333333,1.5030809246951635,1.5030809246951635
2011-06-30,2011-07-29,SELL,0.03356483333333336,0.03356483333333336,0.9999999999999999,0.0,0.0,1.0,0.0,1.5535315854190692,1.5535315854190692
2011-07-29,2011-08-31,SELL,0.05100958333333336,0.05100958333333336,0.0,0.0,0.0,1.0,0.0,1.6327765842864685,1.6327765842864685
2011-08-31,2011-09-30,SELL,0.0280328333333333,0.0280328333333333,0.0,0.0,0.0,1.0,0.0,1.6785479381443402,1.6785479381443402
2011-09-30,2011-10-31,SELL,-0.015225333333333348,-0.015225333333333348,0.0,0.0,0.0,1.0,0.0,1.6529914862701134,1.6529914862701134
2011-10-31,2011-11-30,SELL,0.00561158333333335,0.00561158333333335,0.0,0.0,0.0,1.0,0.0,1.6622673857446089,1.6622673857446089
2011-11-30,2011-12-30,SELL,0.01802633333333333,0.01802633333333333,0.0,0.0,0.0,1.0,0.0,1.6922319717291696,1.6922319717291696
2011-12-30,2012-01-31,BUY,0.030135999999999965,0.030135999999999965,0.9999999999999999,0.3333333333333333,0.3333333333333333,0.0,0.3333333333333333,1.7432290744291998,1.7432290744291998
2012-01-31,2012-02-29,SELL,-0.013241416666666662,-0.013241416666666662,0.9999999999999999,0.0,0.0,1.0,0.0,1.7201462519092352,1.7201462519092352
2012-02-29,2012-03-30,BUY,-0.006613333333333332,-0.006613333333333332,0.9999999999999999,0.3333333333333333,0.3333333333333333,0.0,0.3333333333333333,1.7087703513632755,1.7087703513632755
2012-03-30,2012-04-30,BUY,0.0007326666666666332,0.0007326666666666332,0.0,0.3333333333333333,0.3333333333333333,0.0,0.3333333333333333,1.7100223104407077,1.7100223104407077
2012-04-30,2012-05-31,BUY,-0.0488636666666666,-0.0488636666666666,0.0,0.3333333333333333,0.3333333333333333,0.0,0.3333333333333333,1.6264643502707699,1.6264643502707699
2012-05-31,2012-06-29,SELL,-0.006105333333333335,-0.006105333333333335,0.9999999999999999,0.0,0.0,1.0,0.0,1.6165342432575835,1.6165342432575835
2012-06-29,2012-07-31,SELL,0.01641575000000002,0.01641575000000002,0.0,0.0,0.0,1.0,0.0,1.643070865261339,1.643070865261339
2012-07-31,2012-08-31,SELL,-0.005619250000000001,-0.005619250000000001,0.0,0.0,0.0,1.0,0.0,1.6338380393017193,1.6338380393017193
2012-08-31,2012-09-28,BUY,0.016057999999999968,0.016057999999999968,0.9999999999999999,0.3333333333333333,0.3333333333333333,0.0,0.3333333333333333,1.6600742105368262,1.6600742105368262
2012-09-28,2012-10-31,BUY,-0.015238999999999966,-0.015238999999999966,0.0,0.3333333333333333,0.3333333333333333,0.0,0.3333333333333333,1.6347763396424555,1.6347763396424555
2012-10-31,2012-11-30,BUY,0.0005429999999999999,0.0005429999999999999,0.0,0.3333333333333333,0.3333333333333333,0.0,0.3333333333333333,1.6356640231948814,1.6356640231948814
2012-11-30,2012-12-31,BUY,-0.0065450000000000326,-0.0065450000000000326,0.0,0.3333333333333333,0.3333333333333333,0.0,0.3333333333333333,1.6249586021630709,1.6249586021630709
2012-12-31,2013-01-31,BUY,0.021802666666666665,0.021802666666666665,0.0,0.3333333333333333,0.3333333333333333,0.0,0.3333333333333333,1.660387032913165,1.660387032913165
2013-01-31,2013-02-28,BUY,-0.007378333333333332,-0.007378333333333332,0.0,0.3333333333333333,0.3333333333333333,0.0,0.3333333333333333,1.6481361439219873,1.6481361439219873
2013-02-28,2013-03-29,BUY,0.014286666666666665,0.014286666666666665,0.0,0.3333333333333333,0.3333333333333333,0.0,0.3333333333333333,1.6716825156314858,1.6716825156314858
2013-03-29,2013-04-30,BUY,0.0028113333333333324,0.0028113333333333324,0.0,0.3333333333333333,0.3333333333333333,0.0,0.3333333333333333,1.676382172410431,1.676382172410431
2013-04-30,2013-05-31,SELL,-0.03740941666666669,-0.03740941666666669,0.9999999999999999,0.0,0.0,1.0,0.0,1.6136696932301575,1.6136696932301575
2013-05-31,2013-06-28,BUY,-0.029926999999999995,-0.029926999999999995,0.9999999999999999,0.3333333333333333,0.3333333333333333,0.0,0.3333333333333333,1.5653774003208585,1.5653774003208585
2013-06-28,2013-07-31,BUY,0.02379466666666667,0.02379466666666667,0.0,0.3333333333333333,0.3333333333333333,0.0,0.3333333333333333,1.6026250337690264,1.6026250337690264
2013-07-31,2013-08-30,BUY,-0.0014383333333333002,-0.0014383333333333002,0.0,0.3333333333333333,0.3333333333333333,0.0,0.3333333333333333,1.600319924762122,1.600319924762122
2013-08-30,2013-09-30,BUY,0.0036799999999999992,0.0036799999999999992,0.0,0.3333333333333333,0.3333333333333333,0.0,0.3333333333333333,1.6062091020852465,1.6062091020852465
2013-09-30,2013-10-31,BUY,0.014864000000000033,0.014864000000000033,0.0,0.3333333333333333,0.3333333333333333,0.0,0.3333333333333333,1.6300837941786415,1.6300837941786415
2013-10-31,2013-11-29,BUY,0.0059813333333332995,0.0059813333333332995,0.0,0.3333333333333333,0.3333333333333333,0.0,0.3333333333333333,1.6398338687128888,1.6398338687128888
2013-11-29,2013-12-31,BUY,0.011444999999999999,0.011444999999999999,0.0,0.3333333333333333,0.3333333333333333,0.0,0.3333333333333333,1.6586017673403077,1.6586017673403077
2013-12-31,2014-01-31,BUY,-0.004855000000000033,-0.004855000000000033,0.0,0.3333333333333333,0.3333333333333333,0.0,0.3333333333333333,1.6505492557598704,1.6505492557598704
2014-01-31,2014-02-28,BUY,0.038600999999999996,0.038600999999999996,0.0,0.3333333333333333,0.3333333333333333,0.0,0.3333333333333333,1.714262107581457,1.714262107581457
2014-02-28,2014-03-31,BUY,0.0038896666666666663,0.0038896666666666663,0.0,0.3333333333333333,0.3333333333333333,0.0,0.3333333333333333,1.7209300157592462,1.7209300157592462
2014-03-31,2014-04-30,BUY,0.014176666666666633,0.014176666666666633,0.0,0.3333333333333333,0.3333333333333333,0.0,0.3333333333333333,1.7453270669493266,1.7453270669493266
2014-04-30,2014-05-30,BUY,0.0019776666666666666,0.0019776666666666666,0.0,0.3333333333333333,0.3333333333333333,0.0,0.3333333333333333,1.7487787421120633,1.7487787421120633
2014-05-30,2014-06-30,BUY,0.008612,0.008612,0.0,0.3333333333333333,0.3333333333333333,0.0,0.3333333333333333,1.7638392246391326,1.7638392246391326
2014-06-30,2014-07-31,BUY,-0.021853333333333298,-0.021853333333333298,0.0,0.3333333333333333,0.3333333333333333,0.0,0.3333333333333333,1.7252934581166854,1.7252934581166854
2014-07-31,2014-08-29,SELL,0.020380999999999996,0.020380999999999996,0.9999999999999999,0.0,0.0,1.0,0.0,1.7604566640865615,1.7604566640865615
2014-08-29,2014-09-30,SELL,-0.010431916666666666,-0.010431916666666666,0.0,0.0,0.0,1.0,0.0,1.7420917268715326,1.7420917268715326
2014-09-30,2014-10-31,SELL,0.015121499999999984,0.015121499999999984,0.0,0.0,0.0,1.0,0.0,1.7684347669194205,1.7684347669194205
2014-10-31,2014-11-28,SELL,0.016506583333333328,0.016506583333333328,0.0,0.0,0.0,1.0,0.0,1.7976255827691399,1.7976255827691399
2014-11-28,2014-12-31,SELL,0.0011913333333333704,0.0011913333333333704,0.0,0.0,0.0,1.0,0.0,1.7997671540467455,1.7997671540467455
2014-12-31,2015-01-30,SELL,0.046901833333333316,0.046901833333333316,0.0,0.0,0.0,1.0,0.0,1.8841795331446536,1.8841795331446536
2015-01-30,2015-02-27,SELL,-0.028578249999999986,-0.028578249999999986,0.0,0.0,0.0,1.0,0.0,1.8303329794015624,1.8303329794015624
2015-02-27,2015-03-31,SELL,0.007602333333333319,0.007602333333333319,0.0,0.0,0.0,1.0,0.0,1.8442477808219662,1.8442477808219662
2015-03-31,2015-04-30,SELL,-0.007628416666666638,-0.007628416666666638,0.0,0.0,0.0,1.0,0.0,1.8301790903132809,1.8301790903132809
2015-04-30,2015-05-29,BUY,-0.007664666666666633,-0.007664666666666633,0.9999999999999999,0.3333333333333333,0.3333333333333333,0.0,0.3333333333333333,1.8161513776457263,1.8161513776457263
2015-05-29,2015-06-30,SELL,-0.017926666666666664,-0.017926666666666664,0.9999999999999999,0.0,0.0,1.0,0.0,1.783593837282464,1.783593837282464
2015-06-30,2015-07-31,SELL,0.01666591666666666,0.01666591666666666,0.0,0.0,0.0,1.0,0.0,1.813319063541794,1.813319063541794
2015-07-31,2015-08-31,SELL,-0.0013962499999999988,-0.0013962499999999988,0.0,0.0,0.0,1.0,0.0,1.8107872167993238,1.8107872167993238
2015-08-31,2015-09-30,SELL,0.01724175,0.01724175,0.0,0.0,0.0,1.0,0.0,1.8420083572945734,1.8420083572945734
2015-09-30,2015-10-30,SELL,-0.007253166666666682,-0.007253166666666682,0.0,0.0,0.0,1.0,0.0,1.8286479636777229,1.8286479636777229
2015-10-30,2015-11-30,SELL,-0.0036464166666666424,-0.0036464166666666424,0.0,0.0,0.0,1.0,0.0,1.8219799512655024,1.8219799512655024
2015-11-30,2015-12-31,SELL,-0.003550666666666689,-0.003550666666666689,0.0,0.0,0.0,1.0,0.0,1.8155107077852088,1.8155107077852088
2015-12-31,2016-01-29,SELL,0.03151366666666668,0.03151366666666668,0.0,0.0,0.0,1.0,0.0,1.872724107060116,1.872724107060116
2016-01-29,2016-02-29,SELL,0.017427750000000023,0.017427750000000023,0.0,0.0,0.0,1.0,0.0,1.9053614746169327,1.9053614746169327
2016-02-29,2016-03-31,SELL,-0.001444416666666667,-0.001444416666666667,0.0,0.0,0.0,1.0,0.0,1.9026093387469716,1.9026093387469716
2016-03-31,2016-04-29,SELL,-0.0040170833333333395,-0.0040170833333333395,0.0,0.0,0.0,1.0,0.0,1.8949663984824467,1.8949663984824467
2016-04-29,2016-05-31,SELL,0.0004652499999999694,0.0004652499999999694,0.0,0.0,0.0,1.0,0.0,1.8958480315993407,1.8958480315993407
2016-05-31,2016-06-30,BUY,0.021486666666666668,0.021486666666666668,0.9999999999999999,0.3333333333333333,0.3333333333333333,0.0,0.3333333333333333,1.9365834863049718,1.9365834863049718
2016-06-30,2016-07-29,BUY,-0.0003809999999999994,-0.0003809999999999994,0.0,0.3333333333333333,0.3333333333333333,0.0,0.3333333333333333,1.9358456479966897,1.9358456479966897
2016-07-29,2016-08-31,BUY,-0.005698333333333333,-0.005698333333333333,0.0,0.3333333333333333,0.3333333333333333,0.0,0.3333333333333333,1.924814554212522,1.924814554212522
2016-08-31,2016-09-30,BUY,0.009113333333333334,0.009113333333333334,0.0,0.3333333333333333,0.3333333333333333,0.0,0.3333333333333333,1.942356030849912,1.942356030849912
2016-09-30,2016-10-31,BUY,-0.010888666666666666,-0.010888666666666666,0.0,0.3333333333333333,0.3333333333333333,0.0,0.3333333333333333,1.9212063634819976,1.9212063634819976
2016-10-31,2016-11-30,BUY,0.006787,0.006787,0.0,0.3333333333333333,0.3333333333333333,0.0,0.3333333333333333,1.9342455910709502,1.9342455910709502
2016-11-30,2016-12-30,BUY,0.014164,0.014164,0.0,0.3333333333333333,0.3333333333333333,0.0,0.3333333333333333,1.9616422456228793,1.9616422456228793
2016-12-30,2017-01-31,BUY,0.007296333333333333,0.007296333333333333,0.0,0.3333333333333333,0.3333333333333333,0.0,0.3333333333333333,1.9759550413276923,1.9759550413276923
2017-01-31,2017-02-28,BUY,0.01679133333333333,0.01679133333333333,0.0,0.3333333333333333,0.3333333333333333,0.0,0.3333333333333333,2.009133961078306,2.009133961078306
2017-02-28,2017-03-31,BUY,-0.0099723333333333,-0.0099723333333333,0.0,0.3333333333333333,0.3333333333333333,0.0,0.3333333333333333,1.989098207507113,1.989098207507113
2017-03-31,2017-04-28,BUY,0.0013746666666666668,0.0013746666666666668,0.0,0.3333333333333333,0.3333333333333333,0.0,0.3333333333333333,1.9918325545096998,1.9918325545096998
2017-04-28,2017-05-31,SELL,0.00847916666666667,0.00847916666666667,0.9999999999999999,0.0,0.0,1.0,0.0,2.00872163471148,2.00872163471148
2017-05-31,2017-06-30,SELL,-0.006740833333333358,-0.006740833333333358,0.0,0.0,0.0,1.0,0.0,1.9951811769588288,1.9951811769588288
2017-06-30,2017-07-31,SELL,0.0027272500000000118,0.0027272500000000118,0.0,0.0,0.0,1.0,0.0,2.0006225348236897,2.0006225348236897
2017-07-31,2017-08-31,BUY,0.0038133333333333335,0.0038133333333333335,0.9999999999999999,0.3333333333333333,0.3333333333333333,0.0,0.3333333333333333,2.0082515754231505,2.0082515754231505
2017-08-31,2017-09-29,BUY,0.0050926666666666325,0.0050926666666666325,0.0,0.3333333333333333,0.3333333333333333,0.0,0.3333333333333333,2.0184789312795886,2.0184789312795886
2017-09-29,2017-10-31,BUY,0.015554333333333333,0.015554333333333333,0.0,0.3333333333333333,0.3333333333333333,0.0,0.3333333333333333,2.0498750254030216,2.0498750254030216
2017-10-31,2017-11-30,BUY,0.006991333333333332,0.006991333333333332,0.0,0.3333333333333333,0.3333333333333333,0.0,0.3333333333333333,2.064206384997289,2.064206384997289
2017-11-30,2017-12-29,BUY,0.015884,0.015884,0.0,0.3333333333333333,0.3333333333333333,0.0,0.3333333333333333,2.096994239216586,2.096994239216586
2017-12-29,2018-01-31,BUY,0.021705999999999996,0.021705999999999996,0.0,0.3333333333333333,0.3333333333333333,0.0,0.3333333333333333,2.1425115961730214,2.1425115961730214
2018-01-31,2018-02-28,BUY,-0.024525666666666664,-0.024525666666666664,0.0,0.3333333333333333,0.3333333333333333,0.0,0.3333333333333333,2.089965070935814,2.089965070935814
2018-02-28,2018-03-30,BUY,-0.010659666666666666,-0.010659666666666666,0.0,0.3333333333333333,0.3333333333333333,0.0,0.3333333333333333,2.067686739934662,2.067686739934662
2018-03-30,2018-04-30,BUY,0.005879,0.005879,0.0,0.3333333333333333,0.3333333333333333,0.0,0.3333333333333333,2.079842670278738,2.079842670278738
2018-04-30,2018-05-31,SELL,0.010493416666666679,0.010493416666666679,0.9999999999999999,0.0,0.0,1.0,0.0,2.1016673260190855,2.1016673260190855
2018-05-31,2018-06-29,BUY,-0.012482666666666668,-0.012482666666666668,0.9999999999999999,0.3333333333333333,0.3333333333333333,0.0,0.3333333333333333,2.0754329133441645,2.0754329133441645
2018-06-29,2018-07-31,SELL,-0.006091083333333315,-0.006091083333333315,0.9999999999999999,0.0,0.0,1.0,0.0,2.0627912785162423,2.0627912785162423
2018-07-31,2018-08-31,BUY,0.005258666666666633,0.005258666666666633,0.9999999999999999,0.3333333333333333,0.3333333333333333,0.0,0.3333333333333333,2.073638810252866,2.073638810252866
2018-08-31,2018-09-28,BUY,0.006065,0.006065,0.0,0.3333333333333333,0.3333333333333333,0.0,0.3333333333333333,2.0862154296370496,2.0862154296370496
2018-09-28,2018-10-31,BUY,-0.03586633333333333,-0.03586633333333333,0.0,0.3333333333333333,0.3333333333333333,0.0,0.3333333333333333,2.011390531632544,2.011390531632544
2018-10-31,2018-11-30,SELL,0.01584558333333332,0.01584558333333332,0.9999999999999999,0.0,0.0,1.0,0.0,2.043262187917405,2.043262187917405
2018-11-30,2018-12-31,SELL,0.02830441666666665,0.02830441666666665,0.0,0.0,0.0,1.0,0.0,2.1010955322434643,2.1010955322434643
2018-12-31,2019-01-31,SELL,0.006903333333333341,0.006903333333333341,0.0,0.0,0.0,1.0,0.0,2.1156000950677183,2.1156000950677183
2019-01-31,2019-02-28,SELL,-0.0050934166666666385,-0.0050934166666666385,0.0,0.0,0.0,1.0,0.0,2.104824462283499,2.104824462283499
2019-02-28,2019-03-29,SELL,0.02861249999999999,0.02861249999999999,0.0,0.0,0.0,1.0,0.0,2.1650487522105855,2.1650487522105855
2019-03-29,2019-04-30,BUY,0.012789666666666668,0.012789666666666668,0.9999999999999999,0.3333333333333333,0.3333333333333333,0.0,0.3333333333333333,2.1927390040684416,2.1927390040684416
2019-04-30,2019-05-31,BUY,-0.029037666666666666,-0.029037666666666666,0.0,0.3333333333333333,0.3333333333333333,0.0,0.3333333333333333,2.1290669797813035,2.1290669797813035
2019-05-31,2019-06-28,SELL,0.011928000000000013,0.011928000000000013,0.9999999999999999,0.0,0.0,1.0,0.0,2.154462490716135,2.154462490716135
2019-06-28,2019-07-31,SELL,0.0008804166666666429,0.0008804166666666429,0.0,0.0,0.0,1.0,0.0,2.1563593154006697,2.1563593154006697
2019-07-31,2019-08-30,SELL,0.04573416666666669,0.04573416666666669,0.0,0.0,0.0,1.0,0.0,2.254978611724423,2.254978611724423
2019-08-30,2019-09-30,SELL,-0.013075750000000006,-0.013075750000000006,0.0,0.0,0.0,1.0,0.0,2.2254930751421673,2.2254930751421673
2019-09-30,2019-10-31,SELL,-0.0008568333333333362,-0.0008568333333333362,0.0,0.0,0.0,1.0,0.0,2.223586198492283,2.223586198492283
2019-10-31,2019-11-29,BUY,0.003223333333333335,0.003223333333333335,0.9999999999999999,0.3333333333333333,0.3333333333333333,0.0,0.3333333333333333,2.230753558005423,2.230753558005423
2019-11-29,2019-12-31,BUY,0.026923999999999962,0.026923999999999962,0.0,0.3333333333333333,0.3333333333333333,0.0,0.3333333333333333,2.290814366801161,2.290814366801161
2019-12-31,2020-01-31,BUY,-0.017630666666666663,-0.017630666666666663,0.0,0.3333333333333333,0.3333333333333333,0.0,0.3333333333333333,2.2504257823048786,2.2504257823048786
2020-01-31,2020-02-28,BUY,-0.040748333333333296,-0.040748333333333296,0.0,0.3333333333333333,0.3333333333333333,0.0,0.3333333333333333,2.158724682385592,2.158724682385592
2020-02-28,2020-03-31,SELL,0.041680666666666685,0.041680666666666685,0.9999999999999999,0.0,0.0,1.0,0.0,2.2487017662972115,2.2487017662972115
2020-03-31,2020-04-30,SELL,0.003124916666666668,0.003124916666666668,0.0,0.0,0.0,1.0,0.0,2.2557287719250767,2.2557287719250767
2020-04-30,2020-05-29,SELL,-0.0005977500000000027,-0.0005977500000000027,0.0,0.0,0.0,1.0,0.0,2.2543804100516587,2.2543804100516587
2020-05-29,2020-06-30,SELL,0.0002463333333333307,0.0002463333333333307,0.0,0.0,0.0,1.0,0.0,2.254935739092668,2.254935739092668
2020-06-30,2020-07-31,BUY,0.048183999999999935,0.048183999999999935,0.9999999999999999,0.3333333333333333,0.3333333333333333,0.0,0.3333333333333333,2.363587562745109,2.363587562745109
2020-07-31,2020-08-31,BUY,0.04127933333333333,0.04127933333333333,0.0,0.3333333333333333,0.3333333333333333,0.0,0.3333333333333333,2.461154881610185,2.461154881610185
2020-08-31,2020-09-30,BUY,-0.025233333333333333,-0.025233333333333333,0.0,0.3333333333333333,0.3333333333333333,0.0,0.3333333333333333,2.3990517400975544,2.3990517400975544
2020-09-30,2020-10-30,BUY,-0.0051663333333333335,-0.0051663333333333335,0.0,0.3333333333333333,0.3333333333333333,0.0,0.3333333333333333,2.386657439124297,2.386657439124297
2020-10-30,2020-11-30,BUY,0.05681433333333333,0.05681433333333333,0.0,0.3333333333333333,0.3333333333333333,0.0,0.3333333333333333,2.5222537904231843,2.5222537904231843
2020-11-30,2020-12-31,BUY,0.030388000000000002,0.030388000000000002,0.0,0.3333333333333333,0.3333333333333333,0.0,0.3333333333333333,2.598900038606564,2.598900038606564
2020-12-31,2021-01-29,BUY,0.0007613333333333326,0.0007613333333333326,0.0,0.3333333333333333,0.3333333333333333,0.0,0.3333333333333333,2.6008786678359566,2.6008786678359566
2021-01-29,2021-02-26,BUY,0.0245223333333333,0.0245223333333333,0.0,0.3333333333333333,0.3333333333333333,0.0,0.3333333333333333,2.664658281488186,2.664658281488186
2021-02-26,2021-03-31,BUY,0.0012339999999999999,0.0012339999999999999,0.0,0.3333333333333333,0.3333333333333333,0.0,0.3333333333333333,2.6679464698075424,2.6679464698075424
2021-03-31,2021-04-30,BUY,0.04879566666666667,0.04879566666666667,0.0,0.3333333333333333,0.3333333333333333,0.0,0.3333333333333333,2.7981306964327812,2.7981306964327812
2021-04-30,2021-05-31,BUY,0.013490333333333332,0.013490333333333332,0.0,0.3333333333333333,0.3333333333333333,0.0,0.3333333333333333,2.835878412237892,2.835878412237892
2021-05-31,2021-06-30,BUY,0.018995333333333333,0.018995333333333333,0.0,0.3333333333333333,0.3333333333333333,0.0,0.3333333333333333,2.8897468679711547,2.8897468679711547
2021-06-30,2021-07-30,BUY,0.01824766666666667,0.01824766666666667,0.0,0.3333333333333333,0.3333333333333333,0.0,0.3333333333333333,2.9424780055689364,2.9424780055689364
2021-07-30,2021-08-31,BUY,0.007664333333333298,0.007664333333333298,0.0,0.3333333333333333,0.3333333333333333,0.0,0.3333333333333333,2.9650301378296184,2.9650301378296184
2021-08-31,2021-09-30,BUY,-0.002793999999999967,-0.002793999999999967,0.0,0.3333333333333333,0.3333333333333333,0.0,0.3333333333333333,2.9567458436245224,2.9567458436245224
2021-09-30,2021-10-29,BUY,0.03246699999999996,0.03246699999999996,0.0,0.3333333333333333,0.3333333333333333,0.0,0.3333333333333333,3.05274251092948,3.05274251092948
2021-10-29,2021-11-30,BUY,-0.02694866666666667,-0.02694866666666667,0.0,0.3333333333333333,0.3333333333333333,0.0,0.3333333333333333,2.9704751705832786,2.9704751705832786
2021-11-30,2021-12-31,BUY,0.025999,0.025999,0.0,0.3333333333333333,0.3333333333333333,0.0,0.3333333333333333,3.0477045545432735,3.0477045545432735
2021-12-31,2022-01-31,BUY,0.0004536666666666699,0.0004536666666666699,0.0,0.3333333333333333,0.3333333333333333,0.0,0.3333333333333333,3.0490871965095176,3.0490871965095176
2022-01-31,2022-02-28,BUY,0.003539666666666665,0.003539666666666665,0.0,0.3333333333333333,0.3333333333333333,0.0,0.3333333333333333,3.0598799488227626,3.0598799488227626
2022-02-28,2022-03-31,SELL,-0.042084166666666686,-0.042084166666666686,0.9999999999999999,0.0,0.0,1.0,0.0,2.931107451076514,2.931107451076514
2022-03-31,2022-04-29,BUY,-0.03397766666666666,-0.03397766666666666,0.9999999999999999,0.3333333333333333,0.3333333333333333,0.0,0.3333333333333333,2.831515259139653,2.831515259139653
2022-04-29,2022-05-31,SELL,0.010052166666666666,0.010052166666666666,0.9999999999999999,0.0,0.0,1.0,0.0,2.8599781224437346,2.8599781224437346
2022-05-31,2022-06-30,BUY,-0.0735786666666666,-0.0735786666666666,0.9999999999999999,0.3333333333333333,0.3333333333333333,0.0,0.3333333333333333,2.649544745498488,2.649544745498488
2022-06-30,2022-07-29,SELL,0.03346775000000005,0.03346775000000005,0.9999999999999999,0.0,0.0,1.0,0.0,2.738219046654645,2.738219046654645
2022-07-29,2022-08-31,SELL,-0.04402425000000005,-0.04402425000000005,0.0,0.0,0.0,1.0,0.0,2.617671006789959,2.617671006789959
2022-08-31,2022-09-30,SELL,-0.05139949999999998,-0.05139949999999998,0.0,0.0,0.0,1.0,0.0,2.4831240258764584,2.4831240258764584
2022-09-30,2022-10-31,SELL,-0.015441499999999936,-0.015441499999999936,0.0,0.0,0.0,1.0,0.0,2.444780866230887,2.444780866230887
2022-10-31,2022-11-30,BUY,0.043138666666666665,0.043138666666666665,0.9999999999999999,0.3333333333333333,0.3333333333333333,0.0,0.3333333333333333,2.550245453092266,2.550245453092266
2022-11-30,2022-12-30,BUY,-0.030461333333333333,-0.030461333333333333,0.0,0.3333333333333333,0.3333333333333333,0.0,0.3333333333333333,2.4725615762638045,2.4725615762638045
2022-12-30,2023-01-31,BUY,0.03099666666666663,0.03099666666666663,0.0,0.3333333333333333,0.3333333333333333,0.0,0.3333333333333333,2.5492027432560613,2.5492027432560613
2023-01-31,2023-02-28,BUY,-0.03611866666666663,-0.03611866666666663,0.0,0.3333333333333333,0.3333333333333333,0.0,0.3333333333333333,2.4571289391066435,2.4571289391066435
2023-02-28,2023-03-31,BUY,0.018921,0.018921,0.0,0.3333333333333333,0.3333333333333333,0.0,0.3333333333333333,2.5036202757634802,2.5036202757634802
2023-03-31,2023-04-28,SELL,0.006765666666666651,0.006765666666666651,0.9999999999999999,0.0,0.0,1.0,0.0,2.520558936009204,2.520558936009204
2023-04-28,2023-05-31,SELL,-0.01589933333333333,-0.01589933333333333,0.0,0.0,0.0,1.0,0.0,2.480483729299282,2.480483729299282
2023-05-31,2023-06-30,SELL,-0.013462999999999985,-0.013462999999999985,0.0,0.0,0.0,1.0,0.0,2.4470889768517257,2.4470889768517257
2023-06-30,2023-07-31,BUY,0.030752333333333298,0.030752333333333298,0.9999999999999999,0.3333333333333333,0.3333333333333333,0.0,0.3333333333333333,2.5223426727641955,2.5223426727641955
2023-07-31,2023-08-31,BUY,-0.012570333333333333,-0.012570333333333333,0.0,0.3333333333333333,0.3333333333333333,0.0,0.3333333333333333,2.4906359845866586,2.4906359845866586
2023-08-31,2023-09-29,BUY,-0.028873666666666634,-0.028873666666666634,0.0,0.3333333333333333,0.3333333333333333,0.0,0.3333333333333333,2.418722191379698,2.418722191379698
2023-09-29,2023-10-31,BUY,-0.014275333333333333,-0.014275333333333333,0.0,0.3333333333333333,0.3333333333333333,0.0,0.3333333333333333,2.3841941258570225,2.3841941258570225
2023-10-31,2023-11-30,BUY,0.040715,0.040715,0.0,0.3333333333333333,0.3333333333333333,0.0,0.3333333333333333,2.481266589691291,2.481266589691291
2023-11-30,2023-12-29,BUY,0.0188513333333333,0.0188513333333333,0.0,0.3333333333333333,0.3333333333333333,0.0,0.3333333333333333,2.5280417732624247,2.5280417732624247
2023-12-29,2024-01-31,BUY,0.004443333333333367,0.004443333333333367,0.0,0.3333333333333333,0.3333333333333333,0.0,0.3333333333333333,2.539274705541621,2.539274705541621
2024-01-31,2024-02-29,BUY,0.005938333333333301,0.005938333333333301,0.0,0.3333333333333333,0.3333333333333333,0.0,0.3333333333333333,2.5543537651680293,2.5543537651680293
2024-02-29,2024-03-29,BUY,0.024252666666666665,0.024252666666666665,0.0,0.3333333333333333,0.3333333333333333,0.0,0.3333333333333333,2.6163036555833945,2.6163036555833945
2024-03-29,2024-04-30,BUY,-0.015012666666666665,-0.015012666666666665,0.0,0.3333333333333333,0.3333333333333333,0.0,0.3333333333333333,2.5770259609033395,2.5770259609033395
2024-04-30,2024-05-31,BUY,0.026551333333333333,0.026551333333333333,0.0,0.3333333333333333,0.3333333333333333,0.0,0.3333333333333333,2.6454494361999377,2.6454494361999377
2024-05-31,2024-06-28,BUY,0.007227,0.007227,0.0,0.3333333333333333,0.3333333333333333,0.0,0.3333333333333333,2.6645680992753547,2.6645680992753547
2024-06-28,2024-07-31,BUY,-0.0032920000000000345,-0.0032920000000000345,0.0,0.3333333333333333,0.3333333333333333,0.0,0.3333333333333333,2.65579634109254,2.65579634109254
2024-07-31,2024-08-30,SELL,0.014085000000000052,0.014085000000000052,0.9999999999999999,0.0,0.0,1.0,0.0,2.693203232556829,2.693203232556829
2024-08-30,2024-09-30,SELL,0.013665333333333307,0.013665333333333307,0.0,0.0,0.0,1.0,0.0,2.730006752464129,2.730006752464129
2024-09-30,2024-10-31,SELL,-0.03964674999999998,-0.03964674999999998,0.0,0.0,0.0,1.0,0.0,2.621770857250872,2.621770857250872
2024-10-31,2024-11-29,BUY,0.023722999999999966,0.023722999999999966,0.9999999999999999,0.3333333333333333,0.3333333333333333,0.0,0.3333333333333333,2.6839671272974344,2.6839671272974344
2024-11-29,2024-12-31,BUY,-0.012695999999999999,-0.012695999999999999,0.0,0.3333333333333333,0.3333333333333333,0.0,0.3333333333333333,2.649891480649266,2.649891480649266
2024-12-31,2025-01-31,BUY,0.022751666666666663,0.022751666666666663,0.0,0.3333333333333333,0.3333333333333333,0.0,0.3333333333333333,2.710180928319838,2.710180928319838
2025-01-31,2025-02-28,BUY,0.0035603333333333676,0.0035603333333333676,0.0,0.3333333333333333,0.3333333333333333,0.0,0.3333333333333333,2.7198300758182996,2.7198300758182996
2025-02-28,2025-03-31,SELL,0.0037533333333332843,0.0037533333333332843,0.9999999999999999,0.0,0.0,1.0,0.0,2.730038504702871,2.730038504702871
2025-03-31,2025-04-30,SELL,0.00719341666666664,0.00719341666666664,0.0,0.0,0.0,1.0,0.0,2.7496768091832426,2.7496768091832426
2025-04-30,2025-05-30,SELL,-0.016804249999999986,-0.016804249999999986,0.0,0.0,0.0,1.0,0.0,2.7034705526625253,2.7034705526625253
2025-05-30,2025-06-30,SELL,0.018321000000000028,0.018321000000000028,0.0,0.0,0.0,1.0,0.0,2.7530008366578556,2.7530008366578556
2025-06-30,2025-07-31,BUY,0.0047343333333333334,0.0047343333333333334,0.9999999999999999,0.3333333333333333,0.3333333333333333,0.0,0.3333333333333333,2.76603446028554,2.76603446028554
2025-07-31,2025-08-29,BUY,0.015014,0.015014,0.0,0.3333333333333333,0.3333333333333333,0.0,0.3333333333333333,2.807563701672267,2.807563701672267
2025-08-29,2025-09-30,BUY,0.022737666666666663,0.022737666666666663,0.0,0.3333333333333333,0.3333333333333333,0.0,0.3333333333333333,2.871401149266324,2.871401149266324
2025-09-30,2025-10-31,BUY,0.017350333333333332,0.017350333333333332,0.0,0.3333333333333333,0.3333333333333333,0.0,0.3333333333333333,2.921220916339811,2.921220916339811
2025-10-31,2025-11-28,BUY,0.012262333333333333,0.012262333333333333,0.0,0.3333333333333333,0.3333333333333333,0.0,0.3333333333333333,2.9570419009562756,2.9570419009562756
2025-11-28,2025-12-31,BUY,-0.0030149999999999995,-0.0030149999999999995,0.0,0.3333333333333333,0.3333333333333333,0.0,0.3333333333333333,2.9481264196248924,2.9481264196248924
