Date,factor,weight
2006-01-31,spx_vs_bcom_6m,0.2782942597872346
2006-01-31,spx_mom_12m,0.3310262445078821
2006-01-31,vol_regime_3_12,0.16897375549211802
2006-01-31,credit_vs_rates_3m,0.22170574021276535
2006-02-28,spx_vs_bcom_6m,0.2786563379557403
2006-02-28,spx_mom_12m,0.32626652694017333
2006-02-28,vol_regime_3_12,0.17373347305982678
2006-02-28,credit_vs_rates_3m,0.22134366204425965
2006-03-31,spx_vs_bcom_6m,0.4348772243443395
2006-03-31,spx_mom_12m,0.2234607925007243
2006-03-31,vol_regime_3_12,0.12299907781531434
2006-03-31,credit_carry_3m,0.21866290533962202
2006-04-28,spx_vs_bcom_6m,0.28342483027750937
2006-04-28,spx_mom_12m,0.3110331231133254
2006-04-28,vol_regime_3_12,0.18896687688667468
2006-04-28,credit_vs_rates_3m,0.2165751697224906
2006-05-31,spx_vs_bcom_6m,0.46083882412216093
2006-05-31,spx_mom_12m,0.19604809791932987
2006-05-31,vol_regime_3_12,0.08048044663172242
2006-05-31,credit_carry_3m,0.26263263132678694
2006-06-30,spx_vs_bcom_6m,0.4550537851763179
2006-06-30,vol_regime_3_12,0.0765379451349944
2006-06-30,credit_carry_3m,0.2723539776432195
2006-06-30,spx_mom_12m,0.19605429204546823
2006-07-31,spx_vs_bcom_6m,0.44985211552032156
2006-07-31,vol_regime_3_12,0.0733988217825796
2006-07-31,credit_carry_3m,0.2789478272673802
2006-07-31,spx_mom_12m,0.19780123542971864
2006-08-31,spx_vs_bcom_6m,0.46599679802759325
2006-08-31,vol_regime_3_12,0.04853371866228037
2006-08-31,spx_mom_12m,0.19679639826364512
2006-08-31,credit_carry_3m,0.28867308504648126
2006-09-29,spx_vs_bcom_6m,0.43688395868090535
2006-09-29,vol_regime_3_12,0.07168916501720253
2006-09-29,credit_carry_3m,0.29934319721997366
2006-09-29,spx_mom_12m,0.19208367908191848
2006-10-31,spx_vs_bcom_6m,0.42853282659863384
2006-10-31,vol_regime_3_12,0.08491702160578564
2006-10-31,credit_carry_3m,0.3074452131835858
2006-10-31,spx_mom_12m,0.17910493861199475
2006-11-30,spx_vs_bcom_6m,0.43341270204313004
2006-11-30,vol_regime_3_12,0.08338780134077982
2006-11-30,credit_carry_3m,0.3062857147780541
2006-11-30,spx_mom_12m,0.17691378183803602
2006-12-29,spx_vs_bcom_6m,0.434778568187114
2006-12-29,vol_regime_3_12,0.08707117282076793
2006-12-29,spx_mom_12m,0.17108599044546008
2006-12-29,credit_carry_3m,0.307064268546658
2007-01-31,spx_vs_bcom_6m,0.4351033734914021
2007-01-31,vol_regime_3_12,0.09585374532607145
2007-01-31,spx_mom_12m,0.16564866902580505
2007-01-31,credit_carry_3m,0.3033942121567214
2007-02-28,spx_vs_bcom_6m,0.4492174744401031
2007-02-28,vol_regime_3_12,0.05668239140125588
2007-02-28,spx_mom_12m,0.16618827976923392
2007-02-28,credit_carry_3m,0.3279118543894071
2007-03-30,spx_vs_bcom_6m,0.45500177874701064
2007-03-30,vol_regime_3_12,0.05513534523898515
2007-03-30,credit_carry_3m,0.32706877822064667
2007-03-30,spx_mom_12m,0.16279409779335755
2007-04-30,spx_vs_bcom_6m,0.4667758666025452
2007-04-30,credit_carry_3m,0.3462014022508161
2007-04-30,vol_regime_3_12,0.0
2007-04-30,spx_mom_12m,0.18702273114663873
2007-05-31,spx_vs_bcom_6m,0.4646613192664608
2007-05-31,credit_carry_3m,0.3456434312677492
2007-05-31,vol_regime_3_12,0.0
2007-05-31,spx_mom_12m,0.18969524946578983
2007-06-29,spx_vs_bcom_6m,0.4492934345810663
2007-06-29,credit_carry_3m,0.3734537955619614
2007-06-29,vol_regime_3_12,0.0
2007-06-29,spx_mom_12m,0.17725276985697233
2007-07-31,spx_vs_bcom_6m,0.41056091267907613
2007-07-31,credit_carry_3m,0.37904306286764605
2007-07-31,vol_regime_3_12,0.07264264625546485
2007-07-31,spx_mom_12m,0.13775337819781308
2007-08-31,spx_vs_bcom_6m,0.4226197340885078
2007-08-31,credit_carry_3m,0.3776160792063451
2007-08-31,vol_regime_3_12,0.05276566394083251
2007-08-31,spx_mom_12m,0.14699852276431463
2007-09-28,spx_vs_bcom_6m,0.4438083662581437
2007-09-28,credit_carry_3m,0.3687655144115103
2007-09-28,vol_regime_3_12,0.03724720271333582
2007-09-28,spx_mom_12m,0.1501789166170103
2007-10-31,spx_vs_bcom_6m,0.46378956496558416
2007-10-31,credit_carry_3m,0.3819049845854571
2007-10-31,vol_regime_3_12,0.0
2007-10-31,spx_mom_12m,0.15430545044895888
2007-11-30,spx_vs_bcom_6m,0.5
2007-11-30,credit_carry_3m,0.37982106321316905
2007-11-30,vol_regime_3_12,0.0
2007-11-30,spx_mom_12m,0.120178936786831
2007-12-31,spx_vs_bcom_6m,0.2701174097841768
2007-12-31,credit_vs_rates_3m,0.22988259021582316
2007-12-31,vol_regime_3_12,0.16148718492148975
2007-12-31,spx_mom_12m,0.3385128150785102
2008-01-31,spx_vs_bcom_6m,0.5
2008-01-31,vol_regime_3_12,0.0
2008-01-31,spx_mom_12m,0.1224564977860158
2008-01-31,credit_carry_3m,0.3775435022139842
2008-02-29,spx_vs_bcom_6m,0.5
2008-02-29,vol_regime_3_12,0.0
2008-02-29,spx_mom_12m,0.13098771417322355
2008-02-29,credit_carry_3m,0.3690122858267765
2008-03-31,spx_vs_bcom_6m,0.5
2008-03-31,vol_regime_3_12,0.0
2008-03-31,spx_mom_12m,0.13893876610310846
2008-03-31,credit_carry_3m,0.36106123389689154
2008-04-30,spx_vs_bcom_6m,0.287364112213589
2008-04-30,vol_regime_3_12,0.19231449371059556
2008-04-30,credit_vs_rates_3m,0.21263588778641102
2008-04-30,spx_mom_12m,0.30768550628940433
2008-05-30,spx_vs_bcom_6m,0.2869943647023962
2008-05-30,vol_regime_3_12,0.17248283961202368
2008-05-30,credit_vs_rates_3m,0.21300563529760377
2008-05-30,spx_mom_12m,0.3275171603879763
2008-06-30,spx_vs_bcom_6m,0.2819224642654992
2008-06-30,credit_vs_rates_3m,0.2180775357345008
2008-06-30,vol_regime_3_12,0.13098361352155108
2008-06-30,spx_mom_12m,0.3690163864784489
2008-07-31,spx_vs_bcom_6m,0.282774656161843
2008-07-31,credit_vs_rates_3m,0.21722534383815695
2008-07-31,vol_regime_3_12,0.0
2008-07-31,spx_mom_12m,0.5
2008-08-29,spx_vs_bcom_6m,0.28535366528385914
2008-08-29,credit_vs_rates_3m,0.21464633471614086
2008-08-29,vol_regime_3_12,0.0
2008-08-29,spx_mom_12m,0.5
2008-09-30,spx_vs_bcom_6m,0.2672927110343198
2008-09-30,vol_regime_3_12,0.16189480017380195
2008-09-30,credit_vs_rates_3m,0.23270728896568016
2008-09-30,spx_mom_12m,0.33810519982619813
2008-10-31,credit_carry_3m,0.36136996949139033
2008-10-31,vol_regime_3_12,0.08856663985858734
2008-10-31,spx_vs_bcom_6m,0.2879135651655965
2008-10-31,spx_mom_12m,0.2621498254844257
2008-11-28,credit_carry_3m,0.3671071984690715
2008-11-28,vol_regime_3_12,0.11366512531086403
2008-11-28,spx_mom_12m,0.29844067751631104
2008-11-28,spx_vs_bcom_6m,0.2207869987037534
2008-12-31,vol_regime_3_12,0.12450050729981796
2008-12-31,credit_carry_3m,0.35724259807939684
2008-12-31,spx_mom_12m,0.2689344980475316
2008-12-31,spx_vs_bcom_6m,0.24932239657325364
2009-01-30,vol_regime_3_12,0.1782730216262722
2009-01-30,credit_carry_3m,0.3153528179081558
2009-01-30,spx_mom_12m,0.38336346495432316
2009-01-30,spx_vs_bcom_6m,0.12301069551124878
2009-02-27,vol_regime_3_12,0.2055491844803841
2009-02-27,credit_carry_3m,0.27157841894225676
2009-02-27,spx_mom_12m,0.46253869224245187
2009-02-27,spx_vs_bcom_6m,0.06033370433490715
2009-03-31,vol_regime_3_12,0.17265752642540225
2009-03-31,credit_carry_3m,0.3449426358386888
2009-03-31,spx_mom_12m,0.419707341950837
2009-03-31,spx_vs_bcom_6m,0.06269249578507205
2009-04-30,credit_carry_3m,0.35758242512223426
2009-04-30,vol_regime_3_12,0.11841360643035893
2009-04-30,spx_mom_12m,0.4328587844418208
2009-04-30,spx_vs_bcom_6m,0.09114518400558604
2009-05-29,credit_carry_3m,0.35248746391269414
2009-05-29,vol_regime_3_12,0.08907454645504771
2009-05-29,spx_mom_12m,0.3611186840733764
2009-05-29,spx_vs_bcom_6m,0.1973193055588818
2009-06-30,credit_carry_3m,0.23385542782882554
2009-06-30,vol_regime_3_12,0.08626968481336976
2009-06-30,rates_change_6m,0.21955962322895695
2009-06-30,spx_mom_12m,0.4603152641288479
2009-07-31,credit_carry_3m,0.38712268711239267
2009-07-31,vol_regime_3_12,0.09611050678500284
2009-07-31,spx_mom_12m,0.33364194576279066
2009-07-31,spx_vs_bcom_6m,0.18312486033981384
2009-08-31,credit_carry_3m,0.42948599561794903
2009-08-31,vol_regime_3_12,0.16842872847745854
2009-08-31,spx_mom_12m,0.4020852759045925
2009-08-31,drawdown_6m,0.0
2009-09-30,credit_carry_3m,0.40311976074586897
2009-09-30,vol_regime_3_12,0.16284277762940952
2009-09-30,spx_mom_12m,0.43403746162472157
2009-09-30,spx_mom_3m,0.0
2009-10-30,credit_carry_3m,0.4399784751334597
2009-10-30,vol_regime_3_12,0.0
2009-10-30,spx_mom_12m,0.3419778708191512
2009-10-30,spx_vs_bcom_6m,0.21804365404738907
2009-11-30,credit_carry_3m,0.41187850912005525
2009-11-30,vol_regime_3_12,0.06420971638328607
2009-11-30,spx_mom_12m,0.31562215302444346
2009-11-30,spx_vs_bcom_6m,0.20828962147221505
2009-12-31,credit_carry_3m,0.3095195113258345
2009-12-31,vol_regime_3_12,0.18240910676009947
2009-12-31,spx_vs_bcom_6m,0.3823444028887708
2009-12-31,rates_change_6m,0.12572697902529523
2010-01-29,vol_regime_3_12,0.1942390919845571
2010-01-29,credit_carry_3m,0.23603396093462667
2010-01-29,rates_change_6m,0.21417433592939142
2010-01-29,drawdown_6m,0.3555526111514248
2010-02-26,vol_regime_3_12,0.12244439201042946
2010-02-26,credit_carry_3m,0.3894823937484145
2010-02-26,spx_vs_bcom_6m,0.20795267984087915
2010-02-26,spx_mom_12m,0.280120534400277
2010-03-31,vol_regime_3_12,0.13933185931546568
2010-03-31,credit_carry_3m,0.20530171599925887
2010-03-31,spx_vs_bcom_6m,0.21323046132111914
2010-03-31,drawdown_6m,0.23055525716085884
2010-03-31,rates_change_6m,0.21158070620329744
2010-04-30,credit_carry_3m,0.39121062641513404
2010-04-30,vol_regime_3_12,0.07022211774792936
2010-04-30,spx_mom_12m,0.305925456403146
2010-04-30,spx_vs_bcom_6m,0.23264179943379054
2010-05-31,credit_carry_3m,0.25387465099707374
2010-05-31,vol_regime_3_12,0.07437280877103986
2010-05-31,drawdown_6m,0.27044986135456806
2010-05-31,spx_vs_bcom_6m,0.19031219922604556
2010-05-31,rates_change_6m,0.21099047965127277
2010-06-30,vol_regime_3_12,0.12990736392139443
2010-06-30,credit_carry_3m,0.19851566920966493
2010-06-30,drawdown_6m,0.30049678671456403
2010-06-30,spx_vs_bcom_6m,0.13514770818340546
2010-06-30,rates_change_6m,0.2359324719709712
2010-07-30,credit_carry_3m,0.22650245973270702
2010-07-30,vol_regime_3_12,0.12951394309339145
2010-07-30,spx_mom_12m,0.18385630707683243
2010-07-30,drawdown_6m,0.0969911698141903
2010-07-30,spx_vs_bcom_6m,0.13938449760990368
2010-07-30,rates_change_6m,0.22375162267297513
2010-08-31,vol_regime_3_12,0.1448154522154348
2010-08-31,credit_carry_3m,0.18944422807080258
2010-08-31,drawdown_6m,0.1795703590654738
2010-08-31,spx_mom_12m,0.12872793669004987
2010-08-31,spx_vs_bcom_6m,0.13707565274593775
2010-08-31,rates_change_6m,0.22036637121230127
2010-09-30,credit_carry_3m,0.2252139411390373
2010-09-30,vol_regime_3_12,0.09883749083197561
2010-09-30,drawdown_6m,0.19895011666024917
2010-09-30,spx_mom_12m,0.11427680540608888
2010-09-30,spx_vs_bcom_6m,0.11156663714876741
2010-09-30,rates_change_6m,0.25115500881388164
2010-10-29,credit_carry_3m,0.24128714784082095
2010-10-29,vol_regime_3_12,0.07917137970997355
2010-10-29,drawdown_6m,0.18595506433459538
2010-10-29,spx_mom_12m,0.13212189150336234
2010-10-29,spx_vs_bcom_6m,0.09961482332504716
2010-10-29,rates_change_6m,0.2618496932862005
2010-11-30,credit_carry_3m,0.28022899499222587
2010-11-30,vol_regime_3_12,0.09918387499144725
2010-11-30,drawdown_6m,0.22182806180447245
2010-11-30,spx_mom_12m,0.13286225755867942
2010-11-30,rates_change_6m,0.265896810653175
2010-12-31,credit_carry_3m,0.2400518010377696
2010-12-31,vol_regime_3_12,0.1052419274431686
2010-12-31,drawdown_6m,0.24081032642578679
2010-12-31,spx_mom_12m,0.11707622606916636
2010-12-31,rates_change_6m,0.29681971902410875
2011-01-31,credit_carry_3m,0.21024251673853683
2011-01-31,drawdown_6m,0.20484900347909935
2011-01-31,vol_regime_3_12,0.10036065406652413
2011-01-31,spx_mom_12m,0.13427896590073213
2011-01-31,rates_change_6m,0.2709816395823508
2011-01-31,spx_vs_bcom_6m,0.07928722023275687
2011-02-28,credit_carry_3m,0.2528116998202814
2011-02-28,vol_regime_3_12,0.10993115719601619
2011-02-28,drawdown_6m,0.21175333709833044
2011-02-28,spx_mom_12m,0.1532784512590254
2011-02-28,rates_change_6m,0.27222535462634656
2011-03-31,credit_carry_3m,0.30342300250596743
2011-03-31,vol_regime_3_12,0.08659197940220373
2011-03-31,drawdown_6m,0.196365621326153
2011-03-31,rates_change_6m,0.2784008236152678
2011-03-31,spx_mom_12m,0.1352185731504081
2011-04-29,credit_carry_3m,0.2590460122086057
2011-04-29,vol_regime_3_12,0.14043212144744907
2011-04-29,drawdown_6m,0.1694460181459152
2011-04-29,spx_mom_12m,0.18342275028950952
2011-04-29,rates_change_6m,0.24765309790852058
2011-05-31,credit_carry_3m,0.2519513812087264
2011-05-31,vol_regime_3_12,0.12702957727393563
2011-05-31,drawdown_6m,0.1958748613515011
2011-05-31,spx_mom_12m,0.15757577164586972
2011-05-31,rates_change_6m,0.26756840851996727
2011-06-30,credit_carry_3m,0.25163739590589246
2011-06-30,vol_regime_3_12,0.10126366368092071
2011-06-30,drawdown_6m,0.25698152767619964
2011-06-30,spx_mom_12m,0.0949819360211925
2011-06-30,rates_change_6m,0.29513547671579465
2011-07-29,credit_carry_3m,0.25807340944729656
2011-07-29,vol_regime_3_12,0.08823340141566968
2011-07-29,drawdown_6m,0.3401124337947429
2011-07-29,spx_mom_12m,0.0
2011-07-29,rates_change_6m,0.3135807553422908
2011-08-31,credit_carry_3m,0.30241074950079805
2011-08-31,vol_regime_3_12,0.07379765317496957
2011-08-31,drawdown_6m,0.34759387744445375
2011-08-31,rates_change_6m,0.27619771987977865
2011-09-30,credit_carry_3m,0.3969002123269737
2011-09-30,vol_regime_3_12,0.059803211387453335
2011-09-30,drawdown_6m,0.3311774855980939
2011-09-30,rates_change_6m,0.21211909068747892
2011-10-31,credit_carry_3m,0.4053537099475651
2011-10-31,vol_regime_3_12,0.1201769041916231
2011-10-31,spx_mom_3m,0.24916926788867616
2011-10-31,rates_change_6m,0.2253001179721357
2011-11-30,credit_carry_3m,0.30077085733186176
2011-11-30,vol_regime_3_12,0.10596799096717045
2011-11-30,drawdown_6m,0.3475508532869665
2011-11-30,rates_change_6m,0.24571029841400124
2011-12-30,credit_carry_3m,0.29757427197715386
2011-12-30,vol_regime_3_12,0.10541046131815048
2011-12-30,drawdown_6m,0.34907929301137675
2011-12-30,rates_change_6m,0.24793597369331885
2012-01-31,credit_carry_3m,0.2459873600178859
2012-01-31,spx_mom_3m,0.36198555913182706
2012-01-31,vol_regime_3_12,0.11660389035774348
2012-01-31,rates_change_6m,0.27542319049254366
2012-02-29,credit_carry_3m,0.22570583138435857
2012-02-29,drawdown_6m,0.33699899950602763
2012-02-29,vol_regime_3_12,0.12215753012733965
2012-02-29,rates_change_6m,0.31513763898227426
2012-03-30,credit_carry_3m,0.24696680108244007
2012-03-30,drawdown_6m,0.35201514925552213
2012-03-30,vol_regime_3_12,0.09262155551875242
2012-03-30,rates_change_6m,0.30839649414328546
2012-04-30,credit_carry_3m,0.23433546113335788
2012-04-30,drawdown_6m,0.3809006526320313
2012-04-30,vol_regime_3_12,0.08255901334386066
2012-04-30,rates_change_6m,0.3022048728907502
2012-05-31,credit_carry_3m,0.27079752945131164
2012-05-31,drawdown_6m,0.3877528755927868
2012-05-31,vol_regime_3_12,0.055435538727253854
2012-05-31,rates_change_6m,0.2860140562286478
2012-06-29,credit_carry_3m,0.29730058441859664
2012-06-29,drawdown_6m,0.36489087011304516
2012-06-29,vol_regime_3_12,0.049733276339740375
2012-06-29,rates_change_6m,0.2880752691286178
2012-07-31,credit_carry_3m,0.3357756870042498
2012-07-31,vol_regime_3_12,0.06978256089576038
2012-07-31,drawdown_6m,0.31625344742713857
2012-07-31,rates_change_6m,0.2781883046728513
2012-08-31,credit_carry_3m,0.3517474146732622
2012-08-31,drawdown_6m,0.3048724840746969
2012-08-31,vol_regime_3_12,0.06413107738164266
2012-08-31,rates_change_6m,0.2792490238703982
2012-09-28,credit_carry_3m,0.45036744626848557
2012-09-28,vol_regime_3_12,0.05648278327674004
2012-09-28,rates_change_6m,0.3527752973635474
2012-09-28,drawdown_6m,0.140374473091227
2012-09-28,credit_vs_rates_3m,0.0
2012-10-31,credit_carry_3m,0.4698980619951888
2012-10-31,spx_mom_3m,0.23378002534580924
2012-10-31,vol_regime_3_12,0.08957006978328724
2012-10-31,rates_change_6m,0.2067518428757148
2012-11-30,credit_carry_3m,0.3573323782950836
2012-11-30,drawdown_6m,0.3200809769815075
2012-11-30,vol_regime_3_12,0.09832740045359097
2012-11-30,rates_change_6m,0.22425924426981803
2012-12-31,credit_carry_3m,0.3909516130059203
2012-12-31,drawdown_6m,0.3207376709013359
2012-12-31,vol_regime_3_12,0.03918092796199548
2012-12-31,rates_change_6m,0.24912978813074838
2013-01-31,credit_carry_3m,0.3723576727594956
2013-01-31,spx_mom_3m,0.3122182970841882
2013-01-31,rates_change_6m,0.26400694756635074
2013-01-31,vol_regime_3_12,0.05141708258996553
2013-02-28,credit_carry_3m,0.43404325867881904
2013-02-28,spx_mom_3m,0.2740222158275936
2013-02-28,rates_change_6m,0.2529083559370612
2013-02-28,vol_regime_3_12,0.03902616955652624
2013-03-29,credit_carry_3m,0.42294014522760803
2013-03-29,spx_mom_3m,0.283316909633003
2013-03-29,rates_change_6m,0.24653866452638268
2013-03-29,vol_regime_3_12,0.04720428061300635
2013-04-30,credit_carry_3m,0.30831677077533315
2013-04-30,spx_mom_3m,0.39948949915207654
2013-04-30,rates_change_6m,0.2921937300725902
2013-04-30,vol_regime_3_12,0.0
2013-05-31,credit_carry_3m,0.28392249190925056
2013-05-31,spx_mom_3m,0.4049916280005851
2013-05-31,rates_change_6m,0.3110858800901643
2013-05-31,vol_regime_3_12,0.0
2013-06-28,credit_carry_3m,0.2991804412500317
2013-06-28,spx_mom_3m,0.38398176390875366
2013-06-28,rates_change_6m,0.3168377948412146
2013-06-28,vol_regime_3_12,0.0
2013-07-31,credit_carry_3m,0.3078322263840687
2013-07-31,spx_mom_3m,0.41709817099343993
2013-07-31,vol_regime_3_12,0.0
2013-07-31,rates_change_6m,0.2750696026224914
2013-08-30,credit_carry_3m,0.36367561384468855
2013-08-30,spx_mom_3m,0.3499699996409644
2013-08-30,rates_change_6m,0.2863543865143471
2013-08-30,vol_regime_3_12,0.0
2013-09-30,credit_carry_3m,0.37750773558593487
2013-09-30,drawdown_6m,0.36145943772016764
2013-09-30,vol_regime_3_12,0.0
2013-09-30,rates_change_6m,0.26103282669389755
2013-10-31,credit_carry_3m,0.4570549219302674
2013-10-31,spx_mom_3m,0.38893481336739827
2013-10-31,rates_change_6m,0.15401026470233414
2013-10-31,vol_regime_3_12,0.0
2013-11-29,credit_carry_3m,0.5
2013-11-29,spx_mom_3m,0.39662706372509604
2013-11-29,rates_change_6m,0.10337293627490392
2013-11-29,vol_regime_3_12,0.0
2013-12-31,credit_carry_3m,0.38043696908749147
2013-12-31,spx_mom_3m,0.431620964353138
2013-12-31,rates_change_6m,0.18794206655937057
2013-12-31,vol_regime_3_12,0.0
2014-01-31,credit_carry_3m,0.47927150369127747
2014-01-31,drawdown_6m,0.3181286717830425
2014-01-31,rates_change_6m,0.2025998245256801
2014-01-31,vol_regime_3_12,0.0
2014-02-28,credit_carry_3m,0.5
2014-02-28,drawdown_6m,0.29813483781360023
2014-02-28,rates_change_6m,0.2018651621863998
2014-02-28,vol_regime_3_12,0.0
2014-03-31,credit_carry_3m,0.3780580321915413
2014-03-31,spx_mom_3m,0.3853164321309229
2014-03-31,rates_change_6m,0.23662553567753575
2014-03-31,vol_regime_3_12,0.0
2014-04-30,credit_carry_3m,0.38727950609995204
2014-04-30,spx_mom_3m,0.3712106311211462
2014-04-30,rates_change_6m,0.24150986277890177
2014-04-30,vol_regime_3_12,0.0
2014-05-30,credit_carry_3m,0.3936312239524633
2014-05-30,spx_mom_3m,0.36935040616618153
2014-05-30,rates_change_6m,0.23701836988135516
2014-05-30,vol_regime_3_12,0.0
2014-06-30,credit_carry_3m,0.389228857642023
2014-06-30,spx_mom_3m,0.36385450138047415
2014-06-30,rates_change_6m,0.24691664097750282
2014-06-30,vol_regime_3_12,0.0
2014-07-31,credit_carry_3m,0.39429633022045507
2014-07-31,spx_mom_3m,0.3767072393452377
2014-07-31,rates_change_6m,0.22899643043430717
2014-07-31,vol_regime_3_12,0.0
2014-08-29,credit_carry_3m,0.5
2014-08-29,drawdown_6m,0.28187136633336873
2014-08-29,rates_change_6m,0.21812863366663135
2014-08-29,vol_regime_3_12,0.0
2014-09-30,credit_carry_3m,0.5
2014-09-30,drawdown_6m,0.293447995815735
2014-09-30,rates_change_6m,0.206552004184265
2014-09-30,vol_regime_3_12,0.0
2014-10-31,credit_carry_3m,0.5
2014-10-31,drawdown_6m,0.283556479897766
2014-10-31,rates_change_6m,0.21644352010223394
2014-10-31,vol_regime_3_12,0.0
2014-11-28,credit_carry_3m,0.3508727263193046
2014-11-28,spx_mom_3m,0.4058822621885732
2014-11-28,rates_change_6m,0.24324501149212227
2014-11-28,vol_regime_3_12,0.0
2014-12-31,credit_carry_3m,0.4616073668982313
2014-12-31,spx_mom_3m,0.33845998764681895
2014-12-31,rates_change_6m,0.19993264545494976
2014-12-31,spx_vs_bcom_6m,0.0
2015-01-30,credit_carry_3m,0.4068390284556517
2015-01-30,spx_mom_3m,0.4029762105014211
2015-01-30,rates_change_6m,0.1901847610429273
2015-01-30,vol_regime_3_12,0.0
2015-02-27,credit_carry_3m,0.47686259372520445
2015-02-27,spx_mom_3m,0.2970915045628911
2015-02-27,rates_change_6m,0.2260459017119045
2015-02-27,spx_vs_bcom_6m,0.0
2015-03-31,credit_carry_3m,0.5
2015-03-31,spx_mom_3m,0.34765812038281646
2015-03-31,rates_change_6m,0.15234187961718357
2015-03-31,vol_regime_3_12,0.0
2015-04-30,credit_carry_3m,0.5
2015-04-30,spx_mom_3m,0.36710718956516086
2015-04-30,rates_change_6m,0.13289281043483916
2015-04-30,vol_regime_3_12,0.0
2015-05-29,credit_carry_3m,0.5
2015-05-29,spx_mom_3m,0.3714147808484747
2015-05-29,rates_change_6m,0.1285852191515253
2015-05-29,vol_regime_3_12,0.0
2015-06-30,credit_carry_3m,0.5
2015-06-30,spx_mom_3m,0.36571168006602023
2015-06-30,rates_change_6m,0.1342883199339797
2015-06-30,vol_regime_3_12,0.0
2015-07-31,credit_carry_3m,0.5
2015-07-31,spx_mom_3m,0.3826872659334418
2015-07-31,rates_change_6m,0.11731273406655816
2015-07-31,vol_regime_3_12,0.0
2015-08-31,credit_carry_3m,0.4694664703710936
2015-08-31,spx_mom_3m,0.37213598095327227
2015-08-31,rates_change_6m,0.15839754867563413
2015-08-31,vol_regime_3_12,0.0
2015-09-30,credit_carry_3m,0.43870385462818356
2015-09-30,spx_mom_3m,0.3885842572932226
2015-09-30,rates_change_6m,0.17271188807859392
2015-09-30,vol_regime_3_12,0.0
2015-10-30,credit_carry_3m,0.4713015512230591
2015-10-30,spx_mom_3m,0.3574075706648916
2015-10-30,rates_change_6m,0.17129087811204935
2015-10-30,vol_regime_3_12,0.0
2015-11-30,spx_mom_3m,0.375542355066785
2015-11-30,credit_carry_3m,0.4288983896458113
2015-11-30,rates_change_6m,0.1955592552874037
2015-11-30,vol_regime_3_12,0.0
2015-12-31,spx_mom_3m,0.36040282099874826
2015-12-31,credit_carry_3m,0.44617705112044725
2015-12-31,rates_change_6m,0.1934201278808046
2015-12-31,vol_regime_3_12,0.0
2016-01-29,credit_carry_3m,0.5
2016-01-29,spx_mom_3m,0.3205493671180852
2016-01-29,rates_change_6m,0.17945063288191482
2016-01-29,vol_regime_3_12,0.0
2016-02-29,credit_carry_3m,0.5
2016-02-29,spx_mom_3m,0.33583903041742313
2016-02-29,rates_change_6m,0.16416096958257695
2016-02-29,vol_regime_3_12,0.0
2016-03-31,credit_carry_3m,0.5
2016-03-31,spx_mom_3m,0.2814204392827618
2016-03-31,rates_change_6m,0.21857956071723825
2016-03-31,vol_regime_3_12,0.0
2016-04-29,credit_carry_3m,0.49403296509379047
2016-04-29,spx_mom_3m,0.2777817140854504
2016-04-29,rates_change_6m,0.22818532082075915
2016-04-29,vol_regime_3_12,0.0
2016-05-31,credit_carry_3m,0.48494926962222556
2016-05-31,spx_mom_3m,0.28618542199950364
2016-05-31,rates_change_6m,0.22886530837827082
2016-05-31,vol_regime_3_12,0.0
2016-06-30,credit_carry_3m,0.5
2016-06-30,spx_mom_3m,0.27663165154161223
2016-06-30,rates_change_6m,0.22336834845838774
2016-06-30,vol_regime_3_12,0.0
2016-07-29,credit_carry_3m,0.49610678233482985
2016-07-29,spx_mom_3m,0.2465376525848435
2016-07-29,rates_change_6m,0.2573555650803267
2016-07-29,vol_regime_3_12,0.0
2016-08-31,credit_carry_3m,0.46250150166503523
2016-08-31,spx_mom_3m,0.26478509371455045
2016-08-31,rates_change_6m,0.2727134046204143
2016-08-31,vol_regime_3_12,0.0
2016-09-30,credit_carry_3m,0.38010310958359195
2016-09-30,spx_mom_3m,0.3110521646699442
2016-09-30,rates_change_6m,0.3088447257464639
2016-09-30,vol_regime_3_12,0.0
2016-10-31,credit_carry_3m,0.3594214576335526
2016-10-31,spx_mom_3m,0.3352559759208385
2016-10-31,rates_change_6m,0.30532256644560885
2016-10-31,vol_regime_3_12,0.0
2016-11-30,credit_carry_3m,0.37403573818155417
2016-11-30,spx_mom_3m,0.30273942182551966
2016-11-30,rates_change_6m,0.3232248399929262
2016-11-30,vol_regime_3_12,0.0
2016-12-30,credit_carry_3m,0.3998209778210081
2016-12-30,spx_mom_3m,0.2998474873234471
2016-12-30,rates_change_6m,0.3003315348555447
2016-12-30,vol_regime_3_12,0.0
2017-01-31,credit_carry_3m,0.4577683497116824
2017-01-31,rates_change_6m,0.2599362140256196
2017-01-31,spx_mom_3m,0.28229543626269793
2017-01-31,vol_regime_3_12,0.0
2017-02-28,credit_carry_3m,0.28158311610362574
2017-02-28,rates_change_6m,0.30666943134520686
2017-02-28,spx_mom_3m,0.3775945495377076
2017-02-28,vol_regime_3_12,0.034152903013459794
2017-03-31,credit_carry_3m,0.3083141029896175
2017-03-31,rates_change_6m,0.3210465813737501
2017-03-31,spx_mom_3m,0.3706393156366324
2017-03-31,vol_regime_3_12,0.0
2017-04-28,credit_carry_3m,0.23482286646488268
2017-04-28,rates_change_6m,0.325832167540187
2017-04-28,spx_mom_3m,0.4064093740860155
2017-04-28,vol_regime_3_12,0.03293559190891484
2017-05-31,credit_carry_3m,0.17007327209972234
2017-05-31,rates_change_6m,0.3253232430555703
2017-05-31,spx_mom_3m,0.4044213731841219
2017-05-31,vol_regime_3_12,0.10018211166058533
2017-06-30,credit_carry_3m,0.09711261824114693
2017-06-30,rates_change_6m,0.34414650067834196
2017-06-30,spx_mom_3m,0.49918397062689684
2017-06-30,vol_regime_3_12,0.0595569104536141
2017-07-31,credit_carry_3m,0.07119489145220376
2017-07-31,rates_change_6m,0.4288051085477963
2017-07-31,spx_mom_3m,0.5
2017-07-31,vol_regime_3_12,0.0
2017-08-31,credit_carry_3m,0.08053004015123123
2017-08-31,rates_change_6m,0.4194699598487687
2017-08-31,spx_mom_3m,0.5
2017-08-31,vol_regime_3_12,0.0
2017-09-29,credit_carry_3m,0.06976517455050539
2017-09-29,rates_change_6m,0.4302348254494947
2017-09-29,spx_mom_3m,0.5
2017-09-29,vol_regime_3_12,0.0
2017-10-31,credit_carry_3m,0.04807562258847046
2017-10-31,rates_change_6m,0.45192437741152947
2017-10-31,spx_mom_3m,0.5
2017-10-31,vol_regime_3_12,0.0
2017-11-30,credit_carry_3m,0.04868781389014629
2017-11-30,rates_change_6m,0.45131218610985363
2017-11-30,spx_mom_3m,0.5
2017-11-30,vol_regime_3_12,0.0
2017-12-29,credit_carry_3m,0.08042909090297592
2017-12-29,rates_change_6m,0.41957090909702416
2017-12-29,spx_mom_3m,0.5
2017-12-29,vol_regime_3_12,0.0
2018-01-31,credit_carry_3m,0.0682226241687471
2018-01-31,rates_change_6m,0.431777375831253
2018-01-31,spx_mom_3m,0.5
2018-01-31,vol_regime_3_12,0.0
2018-02-28,credit_carry_3m,0.13099153188410162
2018-02-28,rates_change_6m,0.45434068557810936
2018-02-28,spx_mom_3m,0.37265976772721277
2018-02-28,vol_regime_3_12,0.0420080148105763
2018-03-30,credit_carry_3m,0.12775120942916712
2018-03-30,rates_change_6m,0.46171297626937696
2018-03-30,spx_mom_3m,0.29199591252983614
2018-03-30,vol_regime_3_12,0.11853990177161979
2018-04-30,credit_carry_3m,0.17689316376245187
2018-04-30,rates_change_6m,0.39517388901966394
2018-04-30,spx_mom_3m,0.3335452969619445
2018-04-30,vol_regime_3_12,0.09438765025593981
2018-05-31,credit_carry_3m,0.19267127797729347
2018-05-31,rates_change_6m,0.3821995646920164
2018-05-31,spx_mom_3m,0.31622536402811796
2018-05-31,vol_regime_3_12,0.10890379330257227
2018-06-29,credit_carry_3m,0.07077075739250105
2018-06-29,rates_change_6m,0.4161668433011115
2018-06-29,spx_mom_3m,0.3930524408782259
2018-06-29,vol_regime_3_12,0.12000995842816162
2018-07-31,credit_carry_3m,0.0
2018-07-31,rates_change_6m,0.4443895441727563
2018-07-31,spx_mom_3m,0.3918126715443988
2018-07-31,vol_regime_3_12,0.16379778428284483
2018-08-31,credit_carry_3m,0.0
2018-08-31,rates_change_6m,0.43859961659177166
2018-08-31,spx_mom_3m,0.4128227255014116
2018-08-31,vol_regime_3_12,0.14857765790681673
2018-09-28,rates_change_6m,0.4508311134014446
2018-09-28,credit_carry_3m,0.034768426570777645
2018-09-28,spx_mom_3m,0.3724830926008772
2018-09-28,vol_regime_3_12,0.14191736742690053
2018-10-31,rates_change_6m,0.5
2018-10-31,credit_carry_3m,0.3879090988094953
2018-10-31,vol_regime_3_12,0.11209090119050473
2018-10-31,credit_vs_rates_3m,0.0
2018-11-30,rates_change_6m,0.5
2018-11-30,credit_carry_3m,0.29706414474480586
2018-11-30,vol_regime_3_12,0.20293585525519406
2018-11-30,credit_vs_rates_3m,0.0
2018-12-31,rates_change_6m,0.5
2018-12-31,credit_carry_3m,0.34543152122061516
2018-12-31,vol_regime_3_12,0.15456847877938484
2018-12-31,credit_vs_rates_3m,0.0
2019-01-31,rates_change_6m,0.5
2019-01-31,credit_carry_3m,0.49999999999999994
2019-01-31,vol_regime_3_12,0.0
2019-01-31,credit_vs_rates_3m,0.0
2019-02-28,rates_change_6m,0.5
2019-02-28,credit_carry_3m,0.5
2019-02-28,credit_vs_rates_3m,0.0
2019-02-28,vol_regime_3_12,0.0
2019-03-29,rates_change_6m,0.5
2019-03-29,credit_vs_rates_3m,0.0
2019-03-29,credit_carry_3m,0.49999999999999994
2019-03-29,vol_regime_3_12,0.0
2019-04-30,credit_vs_rates_3m,0.0
2019-04-30,credit_carry_3m,0.5
2019-04-30,rates_change_6m,0.5
2019-04-30,vol_regime_3_12,0.0
2019-05-31,credit_vs_rates_3m,0.5
2019-05-31,credit_carry_3m,0.5
2019-05-31,rates_change_6m,0.0
2019-05-31,vol_regime_3_12,0.0
2019-06-28,credit_vs_rates_3m,0.4404707395245433
2019-06-28,credit_carry_3m,0.5
2019-06-28,rates_change_6m,0.05952926047545678
2019-06-28,vol_regime_3_12,0.0
2019-07-31,credit_vs_rates_3m,0.5
2019-07-31,rates_change_6m,0.3050935987765589
2019-07-31,credit_carry_3m,0.0
2019-07-31,vol_regime_3_12,0.19490640122344116
2019-08-30,credit_vs_rates_3m,0.5
2019-08-30,rates_change_6m,0.26583425289791296
2019-08-30,credit_carry_3m,0.0
2019-08-30,vol_regime_3_12,0.2341657471020871
2019-09-30,credit_vs_rates_3m,0.35625967956402954
2019-09-30,rates_change_6m,0.39778681328280674
2019-09-30,vol_regime_3_12,0.0
2019-09-30,spx_mom_12m,0.24595350715316375
2019-10-31,credit_vs_rates_3m,0.5
2019-10-31,rates_change_6m,0.12642932266374587
2019-10-31,vol_regime_3_12,0.0
2019-10-31,spx_mom_3m,0.3735706773362541
2019-11-29,credit_vs_rates_3m,0.31972469253468644
2019-11-29,rates_change_6m,0.41966389285071604
2019-11-29,vol_regime_3_12,0.0
2019-11-29,spx_mom_12m,0.2606114146145976
2019-12-31,credit_vs_rates_3m,0.31157942163764124
2019-12-31,rates_change_6m,0.5
2019-12-31,vol_regime_3_12,0.06750700148112508
2019-12-31,spx_vs_bcom_6m,0.12091357688123369
2020-01-31,credit_vs_rates_3m,0.2303656994431164
2020-01-31,rates_change_6m,0.4991463047708859
2020-01-31,vol_regime_3_12,0.0
2020-01-31,drawdown_6m,0.27048799578599775
2020-02-28,credit_vs_rates_3m,0.3020538519958935
2020-02-28,rates_change_6m,0.4247152448687271
2020-02-28,vol_regime_3_12,0.0
2020-02-28,drawdown_6m,0.2732309031353794
2020-03-31,credit_vs_rates_3m,0.22763952063143106
2020-03-31,rates_change_6m,0.5
2020-03-31,vol_regime_3_12,0.0
2020-03-31,drawdown_6m,0.27236047936856905
2020-04-30,credit_vs_rates_3m,0.5
2020-04-30,rates_change_6m,0.3651910792930591
2020-04-30,vol_regime_3_12,0.13480892070694092
2020-04-30,credit_carry_3m,0.0
2020-05-29,credit_vs_rates_3m,0.5
2020-05-29,rates_change_6m,0.32473604237624526
2020-05-29,vol_regime_3_12,0.17526395762375477
2020-05-29,credit_carry_3m,0.0
2020-06-30,credit_vs_rates_3m,0.5
2020-06-30,rates_change_6m,0.273382655750991
2020-06-30,vol_regime_3_12,0.22661734424900898
2020-06-30,credit_carry_3m,0.0
2020-07-31,credit_vs_rates_3m,0.4551798211325989
2020-07-31,rates_change_6m,0.37412832301454213
2020-07-31,vol_regime_3_12,0.17069185585285884
2020-07-31,credit_carry_3m,0.0
2020-08-31,credit_vs_rates_3m,0.4729527399530192
2020-08-31,rates_change_6m,0.36761416276672176
2020-08-31,credit_carry_3m,0.0
2020-08-31,vol_regime_3_12,0.1594330972802591
2020-09-30,credit_vs_rates_3m,0.5
2020-09-30,rates_change_6m,0.2990358169402592
2020-09-30,vol_regime_3_12,0.2009641830597408
2020-09-30,credit_carry_3m,0.0
2020-10-30,credit_vs_rates_3m,0.5
2020-10-30,rates_change_6m,0.2515791664748504
2020-10-30,vol_regime_3_12,0.24842083352514965
2020-10-30,credit_carry_3m,0.0
2020-11-30,credit_vs_rates_3m,0.5
2020-11-30,rates_change_6m,0.3117162405360875
2020-11-30,vol_regime_3_12,0.18828375946391257
2020-11-30,credit_carry_3m,0.0
2020-12-31,credit_vs_rates_3m,0.5
2020-12-31,rates_change_6m,0.1987085551526533
2020-12-31,vol_regime_3_12,0.3012914448473468
2020-12-31,credit_carry_3m,0.0
2021-01-29,credit_vs_rates_3m,0.5
2021-01-29,rates_change_6m,0.18749709917167692
2021-01-29,vol_regime_3_12,0.3125029008283231
2021-01-29,credit_carry_3m,0.0
2021-02-26,credit_vs_rates_3m,0.5
2021-02-26,rates_change_6m,0.14814937723690655
2021-02-26,vol_regime_3_12,0.3518506227630934
2021-02-26,credit_carry_3m,0.0
2021-03-31,credit_vs_rates_3m,0.5
2021-03-31,rates_change_6m,0.0
2021-03-31,vol_regime_3_12,0.5
2021-03-31,credit_carry_3m,0.0
2021-04-30,credit_vs_rates_3m,0.5
2021-04-30,rates_change_6m,0.0
2021-04-30,vol_regime_3_12,0.5
2021-04-30,credit_carry_3m,0.0
2021-05-31,credit_vs_rates_3m,0.5
2021-05-31,vol_regime_3_12,0.05497155655194032
2021-05-31,credit_carry_3m,0.0
2021-05-31,drawdown_6m,0.44502844344805975
2021-06-30,credit_vs_rates_3m,0.5
2021-06-30,vol_regime_3_12,0.14435537042143612
2021-06-30,credit_carry_3m,0.0
2021-06-30,spx_mom_12m,0.35564462957856396
2021-07-30,credit_vs_rates_3m,0.5
2021-07-30,rates_change_6m,0.0
2021-07-30,vol_regime_3_12,0.5
2021-07-30,credit_carry_3m,0.0
2021-08-31,credit_vs_rates_3m,0.49999999999999994
2021-08-31,vol_regime_3_12,0.5
2021-08-31,rates_change_6m,0.0
2021-08-31,credit_carry_3m,0.0
2021-09-30,credit_vs_rates_3m,0.5
2021-09-30,rates_change_6m,0.0
2021-09-30,vol_regime_3_12,0.5
2021-09-30,credit_carry_3m,0.0
2021-10-29,credit_vs_rates_3m,0.5
2021-10-29,rates_change_6m,0.0
2021-10-29,vol_regime_3_12,0.5
2021-10-29,credit_carry_3m,0.0
2021-11-30,credit_vs_rates_3m,0.49999999999999994
2021-11-30,rates_change_6m,0.0
2021-11-30,vol_regime_3_12,0.5
2021-11-30,credit_carry_3m,0.0
2021-12-31,credit_vs_rates_3m,0.5
2021-12-31,rates_change_6m,0.0
2021-12-31,vol_regime_3_12,0.49999999999999994
2021-12-31,credit_carry_3m,0.0
2022-01-31,credit_vs_rates_3m,0.5
2022-01-31,rates_change_6m,0.0
2022-01-31,vol_regime_3_12,0.5
2022-01-31,credit_carry_3m,0.0
2022-02-28,credit_vs_rates_3m,0.5
2022-02-28,rates_change_6m,0.0
2022-02-28,vol_regime_3_12,0.5
2022-02-28,credit_carry_3m,0.0
2022-03-31,credit_vs_rates_3m,0.49999999999999994
2022-03-31,rates_change_6m,0.0
2022-03-31,vol_regime_3_12,0.5
2022-03-31,credit_carry_3m,0.0
2022-04-29,credit_vs_rates_3m,0.5
2022-04-29,rates_change_6m,0.0
2022-04-29,vol_regime_3_12,0.5
2022-04-29,credit_carry_3m,0.0
2022-05-31,credit_vs_rates_3m,0.5
2022-05-31,vol_regime_3_12,0.5
2022-05-31,rates_change_6m,0.0
2022-05-31,credit_carry_3m,0.0
2022-06-30,credit_vs_rates_3m,0.5
2022-06-30,rates_change_6m,0.0
2022-06-30,vol_regime_3_12,0.5
2022-06-30,credit_carry_3m,0.0
2022-07-29,credit_vs_rates_3m,0.5
2022-07-29,vol_regime_3_12,0.3233150716483072
2022-07-29,credit_carry_3m,0.0
2022-07-29,spx_mom_12m,0.1766849283516928
2022-08-31,vol_regime_3_12,0.438165829258756
2022-08-31,credit_vs_rates_3m,0.49999999999999994
2022-08-31,rates_change_6m,0.06183417074124403
2022-08-31,credit_carry_3m,0.0
2022-09-30,rates_change_6m,0.13271030174145826
2022-09-30,vol_regime_3_12,0.3672896982585418
2022-09-30,credit_vs_rates_3m,0.5
2022-09-30,credit_carry_3m,0.0
2022-10-31,vol_regime_3_12,0.3963677866560072
2022-10-31,rates_change_6m,0.10363221334399282
2022-10-31,credit_vs_rates_3m,0.5
2022-10-31,credit_carry_3m,0.0
2022-11-30,vol_regime_3_12,0.42472781440985485
2022-11-30,rates_change_6m,0.07527218559014512
2022-11-30,credit_vs_rates_3m,0.5
2022-11-30,credit_carry_3m,0.0
2022-12-30,rates_change_6m,0.13921220301749898
2022-12-30,vol_regime_3_12,0.36078779698250096
2022-12-30,credit_vs_rates_3m,0.5
2022-12-30,credit_carry_3m,0.0
2023-01-31,vol_regime_3_12,0.5
2023-01-31,rates_change_6m,0.0
2023-01-31,credit_vs_rates_3m,0.5
2023-01-31,credit_carry_3m,0.0
2023-02-28,rates_change_6m,0.09213558667915647
2023-02-28,vol_regime_3_12,0.40786441332084356
2023-02-28,credit_vs_rates_3m,0.5
2023-02-28,credit_carry_3m,0.0
2023-03-31,rates_change_6m,0.0
2023-03-31,vol_regime_3_12,0.5
2023-03-31,credit_vs_rates_3m,0.5
2023-03-31,credit_carry_3m,0.0
2023-04-28,rates_change_6m,0.0
2023-04-28,vol_regime_3_12,0.5
2023-04-28,credit_vs_rates_3m,0.5
2023-04-28,credit_carry_3m,0.0
2023-05-31,rates_change_6m,0.0
2023-05-31,vol_regime_3_12,0.49999999999999994
2023-05-31,credit_vs_rates_3m,0.5
2023-05-31,credit_carry_3m,0.0
2023-06-30,rates_change_6m,0.0
2023-06-30,vol_regime_3_12,0.5
2023-06-30,credit_vs_rates_3m,0.5
2023-06-30,credit_carry_3m,0.0
2023-07-31,rates_change_6m,0.0
2023-07-31,vol_regime_3_12,0.5
2023-07-31,credit_vs_rates_3m,0.5
2023-07-31,credit_carry_3m,0.0
2023-08-31,rates_change_6m,0.0
2023-08-31,vol_regime_3_12,0.5
2023-08-31,credit_vs_rates_3m,0.5
2023-08-31,credit_carry_3m,0.0
2023-09-29,rates_change_6m,0.04197266933038164
2023-09-29,vol_regime_3_12,0.4580273306696183
2023-09-29,credit_vs_rates_3m,0.5
2023-09-29,credit_carry_3m,0.0
2023-10-31,rates_change_6m,0.1486984252238362
2023-10-31,vol_regime_3_12,0.3513015747761638
2023-10-31,credit_vs_rates_3m,0.5
2023-10-31,credit_carry_3m,0.0
2023-11-30,vol_regime_3_12,0.3820476620667834
2023-11-30,rates_change_6m,0.1482443276858938
2023-11-30,credit_vs_rates_3m,0.4697080102473228
2023-11-30,credit_carry_3m,0.0
2023-12-29,vol_regime_3_12,0.3669855215419823
2023-12-29,rates_change_6m,0.1330144784580177
2023-12-29,credit_vs_rates_3m,0.5
2023-12-29,credit_carry_3m,0.0
2024-01-31,vol_regime_3_12,0.4157415910652734
2024-01-31,rates_change_6m,0.08425840893472654
2024-01-31,credit_vs_rates_3m,0.5
2024-01-31,credit_carry_3m,0.0
2024-02-29,vol_regime_3_12,0.5
2024-02-29,rates_change_6m,0.0
2024-02-29,credit_vs_rates_3m,0.5
2024-02-29,credit_carry_3m,0.0
2024-03-29,vol_regime_3_12,0.5
2024-03-29,rates_change_6m,0.0
2024-03-29,credit_vs_rates_3m,0.5
2024-03-29,credit_carry_3m,0.0
2024-04-30,vol_regime_3_12,0.5
2024-04-30,rates_change_6m,0.0
2024-04-30,credit_vs_rates_3m,0.5
2024-04-30,credit_carry_3m,0.0
2024-05-31,vol_regime_3_12,0.4461756713843562
2024-05-31,rates_change_6m,0.05382432861564378
2024-05-31,credit_vs_rates_3m,0.5
2024-05-31,credit_carry_3m,0.0
2024-06-28,vol_regime_3_12,0.4479469584146517
2024-06-28,rates_change_6m,0.052053041585348264
2024-06-28,credit_vs_rates_3m,0.5
2024-06-28,credit_carry_3m,0.0
2024-07-31,vol_regime_3_12,0.43609822553667055
2024-07-31,rates_change_6m,0.06390177446332947
2024-07-31,credit_vs_rates_3m,0.5
2024-07-31,credit_carry_3m,0.0
2024-08-30,vol_regime_3_12,0.45956716121465596
2024-08-30,rates_change_6m,0.040432838785344004
2024-08-30,credit_vs_rates_3m,0.5
2024-08-30,credit_carry_3m,0.0
2024-09-30,vol_regime_3_12,0.4377535486513034
2024-09-30,rates_change_6m,0.06224645134869669
2024-09-30,credit_vs_rates_3m,0.5
2024-09-30,credit_carry_3m,0.0
2024-10-31,vol_regime_3_12,0.44901572089623915
2024-10-31,rates_change_6m,0.05098427910376092
2024-10-31,credit_vs_rates_3m,0.49999999999999994
2024-10-31,credit_carry_3m,0.0
2024-11-29,vol_regime_3_12,0.3871782095255844
2024-11-29,rates_change_6m,0.11282179047441561
2024-11-29,credit_vs_rates_3m,0.5
2024-11-29,credit_carry_3m,0.0
2024-12-31,vol_regime_3_12,0.41589927283392314
2024-12-31,rates_change_6m,0.0841007271660768
2024-12-31,credit_vs_rates_3m,0.5
2024-12-31,credit_carry_3m,0.0
2025-01-31,vol_regime_3_12,0.37890434825295255
2025-01-31,rates_change_6m,0.12109565174704745
2025-01-31,credit_vs_rates_3m,0.5
2025-01-31,credit_carry_3m,0.0
2025-02-28,vol_regime_3_12,0.41875493757343296
2025-02-28,rates_change_6m,0.088819775818035
2025-02-28,credit_vs_rates_3m,0.49242528660853213
2025-02-28,credit_carry_3m,0.0
2025-03-31,vol_regime_3_12,0.3924801761931196
2025-03-31,rates_change_6m,0.1498609818177208
2025-03-31,credit_vs_rates_3m,0.45765884198915957
2025-03-31,credit_carry_3m,0.0
2025-04-30,vol_regime_3_12,0.3986159820756834
2025-04-30,rates_change_6m,0.16975509512817566
2025-04-30,credit_vs_rates_3m,0.43162892279614096
2025-04-30,credit_carry_3m,0.0
2025-05-30,vol_regime_3_12,0.3821054324427791
2025-05-30,rates_change_6m,0.1683048233928443
2025-05-30,credit_vs_rates_3m,0.4495897441643766
2025-05-30,credit_carry_3m,0.0
2025-06-30,vol_regime_3_12,0.3681678540654798
2025-06-30,rates_change_6m,0.19884705933220614
2025-06-30,credit_vs_rates_3m,0.4329850866023141
2025-06-30,credit_carry_3m,0.0
2025-07-31,vol_regime_3_12,0.35857990113008914
2025-07-31,rates_change_6m,0.1937414728043325
2025-07-31,credit_vs_rates_3m,0.44767862606557834
2025-07-31,credit_carry_3m,0.0
2025-08-29,vol_regime_3_12,0.3891384899928637
2025-08-29,rates_change_6m,0.16829610285312466
2025-08-29,credit_vs_rates_3m,0.44256540715401166
2025-08-29,credit_carry_3m,0.0
2025-09-30,vol_regime_3_12,0.3863673925059659
2025-09-30,rates_change_6m,0.16731401000692508
2025-09-30,credit_vs_rates_3m,0.446318597487109
2025-09-30,credit_carry_3m,0.0
2025-10-31,vol_regime_3_12,0.41634501169875987
2025-10-31,rates_change_6m,0.23406325731961194
2025-10-31,credit_vs_rates_3m,0.3495917309816282
2025-10-31,credit_carry_3m,0.0
2025-11-28,vol_regime_3_12,0.39724221508401364
2025-11-28,rates_change_6m,0.2565969241935042
2025-11-28,credit_vs_rates_3m,0.3461608607224822
2025-11-28,credit_carry_3m,0.0
