Date,raw_score,prob_up,threshold,threshold_exit,threshold_score_gate,threshold_low,threshold_high,side,score_coverage,selected_factor_count,Forward_Return,Target_Up,Set,forward_return,turnover,gross_return,cost_drag,net_return,equity_gross,equity_net,drawdown_net
2006-01-31,-0.08192076441008761,0.6639545432040687,0.55,0.48,0.08792911304481744,,,0.0,1.0,4,0.0004,0,train,0.0004,0.0,0.0,0.0,0.0,1.0,1.0,0.0
2006-02-28,0.17485155179017292,0.757642321878687,0.55,0.48,0.0816712645797866,,,1.0,1.0,4,0.0111,1,train,0.0111,1.0,0.0111,0.0005,0.0106,1.0111,1.0106,0.0
2006-03-31,0.14698507952789872,0.6910566983794723,0.52,0.48,0.12530986223648533,,,1.0,0.9999999999999999,4,0.012199999999999999,1,train,0.012199999999999999,0.0,0.012199999999999999,0.0,0.012199999999999999,1.0234354200000002,1.02292932,0.0
2006-04-28,0.09319869686952248,0.641915665139025,0.52,0.48,0.0812685402030223,,,1.0,1.0,4,-0.030899999999999997,0,train,-0.030899999999999997,0.0,-0.030899999999999997,0.0,-0.030899999999999997,0.9918112655220002,0.991320804012,-0.03090000000000004
2006-05-31,-0.64825719483606,0.49107944156004174,0.52,0.48,0.08013504298026802,,,1.0,1.0,4,0.0001,0,train,0.0001,0.0,0.0001,0.0,0.0001,0.9919104466485523,0.9914199360924012,-0.030803090000000033
2006-06-30,-0.302297524928042,0.5827384984325573,0.52,0.48,0.07672844279136952,,,1.0,1.0,4,0.0051,1,train,0.0051,0.0,0.0051,0.0,0.0051,0.99696918992646,0.9964761777664726,-0.025860185758999954
2006-07-31,-0.21093479215463407,0.6288077505544009,0.55,0.48,0.06934556365418558,,,1.0,1.0,4,0.0213,1,train,0.0213,0.0,0.0213,0.0,0.0213,1.0182046336718937,1.0177011203528985,-0.005111007715666527
2006-08-31,0.12459384868389832,0.7044626668840522,0.5800000000000001,0.5000000000000001,0.06475341254362639,,,1.0,1.0,4,0.0246,1,train,0.0246,0.0,0.0246,0.0,0.0246,1.0432524676602222,1.0427365679135798,0.0
2006-09-29,0.5994113404589199,0.8127044916184034,0.5800000000000001,0.5000000000000001,0.09067128415967989,,,1.0,1.0,4,0.0315,1,train,0.0315,0.0,0.0315,0.0,0.0315,1.0761149203915192,1.0755827698028577,0.0
2006-10-31,0.7421749180685934,0.8379725779495278,0.52,0.48,0.10146503690520926,,,1.0,1.0,4,0.0165,1,train,0.0165,0.0,0.0165,0.0,0.0165,1.0938708165779794,1.0933298855046047,0.0
2006-11-30,0.6550451247577489,0.8318672383671446,0.5800000000000001,0.5000000000000001,0.10241018939428514,,,1.0,1.0,4,0.0126,1,train,0.0126,0.0,0.0126,0.0,0.0126,1.107653588866862,1.1071058420619626,0.0
2006-12-29,0.4815871165939577,0.8125163401322407,0.52,0.48,0.09991128733388625,,,1.0,1.0,4,0.0141,1,train,0.0141,0.0,0.0141,0.0,0.0141,1.1232715044698847,1.1227160344350362,0.0
2007-01-31,0.5802555509501721,0.8143427866271679,0.5800000000000001,0.5000000000000001,0.10600884558024223,,,1.0,1.0,4,-0.0218,0,train,-0.0218,0.0,-0.0218,0.0,-0.0218,1.0987841856724412,1.0982408248843523,-0.021800000000000153
2007-02-28,0.10221670655114189,0.728786454205512,0.55,0.48,0.08435846046259388,,,1.0,1.0,4,0.01,1,train,0.01,0.0,0.01,0.0,0.01,1.1097720275291656,1.1092232331331957,-0.012018000000000195
2007-03-30,-0.10705301055405055,0.691186365535691,0.55,0.48,0.07806060344653361,,,1.0,1.0,4,0.0433,1,train,0.0433,0.0,0.0433,0.0,0.0433,1.1578251563211783,1.157252599127863,0.0
2007-04-30,0.21217775695743646,0.796317203662448,0.52,0.48,0.08081685246195348,,,1.0,1.0,4,0.0325,1,train,0.0325,0.0,0.0325,0.0,0.0325,1.1954544739016166,1.1948633085995186,0.0
2007-05-31,0.027787404629511986,0.7407010189880257,0.52,0.48,0.08143655228066944,,,0.0,1.0,4,-0.0178,0,train,-0.0178,1.0,-0.0,0.0005,-0.0005,1.1954544739016166,1.194265876945219,-0.0004999999999998339
2007-06-29,-0.22154749187854428,0.6823213094421137,0.52,0.48,0.08317677546302181,,,1.0,1.0,4,-0.032,0,train,-0.032,1.0,-0.032,0.0005,-0.0325,1.1571999307367649,1.1554522359444994,-0.03298374999999987
2007-07-31,-0.6448392853597646,0.5022449357797663,0.52,0.48,0.08624063182461296,,,1.0,1.0,4,0.0129,1,train,0.0129,0.0,0.0129,0.0,0.0129,1.172127809843269,1.1703575697881834,-0.020509240374999904
2007-08-31,0.0366659899692298,0.7030774072747412,0.52,0.48,0.084729599221583,,,0.0,1.0,4,0.0358,1,train,0.0358,1.0,0.0,0.0005,-0.0005,1.172127809843269,1.1697723910032893,-0.020998985754812405
2007-09-28,0.11014494118370152,0.7494998808929596,0.52,0.48,0.0830248590633728,,,1.0,1.0,4,0.0148,1,train,0.0148,1.0,0.0148,0.0005,0.0143,1.1894753014289494,1.1865001361946363,-0.0069992712511062205
2007-10-31,0.14997820406789716,0.7307902847013794,0.52,0.48,0.06461065816888847,,,1.0,0.9999999999999999,4,-0.044000000000000004,0,train,-0.044000000000000004,0.0,-0.044000000000000004,0.0,-0.044000000000000004,1.1371383881660755,1.1342941302020724,-0.050691303316057534
2007-11-30,-0.09702578336001019,0.6863461473260938,0.55,0.48,0.07214734602867434,,,1.0,1.0,4,-0.0086,0,train,-0.0086,0.0,-0.0086,0.0,-0.0086,1.1273589980278471,1.1245392006823345,-0.0588553581075395
2007-12-31,-0.13279663761259616,0.6609853225029196,0.52,0.48,0.06672708451198955,,,1.0,1.0,4,-0.061200000000000004,0,train,-0.061200000000000004,0.0,-0.061200000000000004,0.0,-0.061200000000000004,1.0583646273485428,1.0557174016005755,-0.11645341019135813
2008-01-31,-0.6645902400711873,0.43833409869961154,0.52,0.48,0.07335857447024285,,,0.0,1.0,4,-0.0348,0,train,-0.0348,1.0,-0.0,0.0005,-0.0005,1.0583646273485428,1.0551895428997753,-0.11689518348626238
2008-02-29,-1.499082218787497,0.21663489760319352,0.55,0.48,0.07745527811946432,,,0.0,1.0,4,-0.006,0,train,-0.006,0.0,-0.0,0.0,-0.0,1.0583646273485428,1.0551895428997753,-0.11689518348626238
2008-03-31,-1.2976068073428941,0.24642968383518427,0.55,0.48,0.07366957976374115,,,0.0,1.0,4,0.0475,1,train,0.0475,0.0,0.0,0.0,0.0,1.0583646273485428,1.0551895428997753,-0.11689518348626238
2008-04-30,-0.992988286324443,0.2712108782155197,0.52,0.48,0.07769599984112004,,,0.0,1.0,4,0.010700000000000001,1,train,0.010700000000000001,0.0,0.0,0.0,0.0,1.0583646273485428,1.0551895428997753,-0.11689518348626238
2008-05-30,-1.1332114294436963,0.19626765217373907,0.52,0.48,0.076918828841364,,,0.0,1.0,4,-0.086,0,train,-0.086,0.0,-0.0,0.0,-0.0,1.0583646273485428,1.0551895428997753,-0.11689518348626238
2008-06-30,-1.8007556138722718,0.1201726109432532,0.52,0.48,0.06468342882094957,,,0.0,1.0,4,-0.009899999999999999,0,train,-0.009899999999999999,0.0,-0.0,0.0,-0.0,1.0583646273485428,1.0551895428997753,-0.11689518348626238
2008-07-31,-1.0731904944376232,0.32929569886566296,0.52,0.48,0.05980333573512565,,,0.0,1.0,4,0.012199999999999999,1,train,0.012199999999999999,0.0,0.0,0.0,0.0,1.0583646273485428,1.0551895428997753,-0.11689518348626238
2008-08-29,-0.38948657399568276,0.702818940437225,0.52,0.48,0.05693634382968906,,,1.0,1.0,4,-0.0908,0,train,-0.0908,1.0,-0.0908,0.0005,-0.0913,0.9622651191852951,0.9588507376330258,-0.19752265323396667
2008-09-30,-0.7827072515927388,0.5075929974066354,0.52,0.48,0.06269661248639206,,,1.0,1.0,4,-0.16940000000000002,0,train,-0.16940000000000002,0.0,-0.16940000000000002,0.0,-0.16940000000000002,0.7992574079953061,0.7964214226779912,-0.3334623157761327
2008-10-31,-1.7650847522436788,0.24357129186414062,0.52,0.48,0.06378423348906885,,,0.0,1.0,4,-0.0748,0,train,-0.0748,1.0,-0.0,0.0005,-0.0005,0.7992574079953061,0.7960232119666523,-0.33379558461824466
2008-11-28,-1.7583686263340208,0.2053311273073424,0.52,0.48,0.06544101335263247,,,0.0,1.0,4,0.0078000000000000005,1,train,0.0078000000000000005,0.0,0.0,0.0,0.0,0.7992574079953061,0.7960232119666523,-0.33379558461824466
2008-12-31,-0.03864333467041464,0.7085147334965004,0.52,0.48,0.06920995680028655,,,0.0,1.0,4,-0.0857,0,train,-0.0857,0.0,-0.0,0.0,-0.0,0.7992574079953061,0.7960232119666523,-0.33379558461824466
2009-01-30,0.12695909912317813,0.6699130370513559,0.52,0.48,0.04923222375685122,,,1.0,1.0000000000000002,4,-0.1099,0,train,-0.1099,1.0,-0.1099,0.0005,-0.1104,0.711419018856622,0.7081422493655338,-0.4073445520763904
2009-02-27,-0.8049234488291529,0.45889839122300724,0.52,0.48,0.04091965668838166,,,0.0,1.0,4,0.08539999999999999,1,train,0.08539999999999999,1.0,0.0,0.0005,-0.0005,0.711419018856622,0.707788178240851,-0.40764087980035224
2009-03-31,-1.6243149542886872,0.3188111111319863,0.52,0.48,0.05385075728050289,,,0.0,1.0,4,0.09390000000000001,1,train,0.09390000000000001,0.0,0.0,0.0,0.0,0.711419018856622,0.707788178240851,-0.40764087980035224
2009-04-30,-1.0758485535042879,0.44622292168296235,0.52,0.48,0.05233283391152541,,,0.0,1.0,4,0.053099999999999994,1,train,0.053099999999999994,0.0,0.0,0.0,0.0,0.711419018856622,0.707788178240851,-0.40764087980035224
2009-05-29,0.20791455585429283,0.6190210762220558,0.52,0.48,0.07393257868991823,,,1.0,1.0,4,0.0002,0,train,0.0002,1.0,0.0002,0.0005,-0.00030000000000000003,0.7115613026603933,0.7075758417873789,-0.4078185875364121
2009-06-30,-0.48775203846786164,0.41341028955169906,0.52,0.48,0.0467593878418466,,,0.0,0.9999999999999998,4,0.0741,1,train,0.0741,1.0,0.0,0.0005,-0.0005,0.7115613026603933,0.7072220538664852,-0.4081146782426439
2009-07-31,0.8888795357247062,0.7196934841491377,0.52,0.48,0.07410906726510284,,,1.0,1.0,4,0.0336,1,train,0.0336,1.0,0.0336,0.0005,0.0331,0.7354697624297826,0.7306311038494657,-0.38852327409247545
2009-08-31,0.8393693365398198,0.6422873443881197,0.5800000000000001,0.5000000000000001,0.07171469680561943,,,1.0,1.0,4,0.035699999999999996,1,train,0.035699999999999996,0.0,0.035699999999999996,0.0,0.035699999999999996,0.7617260329485258,0.7567146342568917,-0.36669355497757683
2009-09-30,0.8614991242083155,0.6647157507257146,0.52,0.48,0.06212695344304956,,,1.0,1.0,4,-0.019799999999999998,0,train,-0.019799999999999998,0.0,-0.019799999999999998,0.0,-0.019799999999999998,0.7466438574961449,0.7417316844986052,-0.3792330225890209
2009-10-30,0.44318839132976995,0.6543511887849254,0.55,0.48,0.04069165581002568,,,1.0,1.0,4,0.0574,1,train,0.0574,0.0,0.0574,0.0,0.0574,0.7895012149164236,0.784307083188825,-0.3436009980856307
2009-11-30,0.7840447378761608,0.7508013260639931,0.52,0.48,0.06224494289147856,,,1.0,1.0,4,0.0178,1,train,0.0178,0.0,0.0178,0.0,0.0178,0.803554336541936,0.7982677492695861,-0.33191709585155493
2009-12-31,0.19857150063323342,0.6275449683200677,0.52,0.48,0.07551418198970378,,,1.0,1.0,4,-0.037000000000000005,0,train,-0.037000000000000005,0.0,-0.037000000000000005,0.0,-0.037000000000000005,0.7738228260898843,0.7687318425466114,-0.35663616330504744
2010-01-29,0.07989330589761226,0.5484032540520212,0.52,0.48,0.07404904935816635,,,1.0,1.0,4,0.0285,1,train,0.0285,0.0,0.0285,0.0,0.0285,0.7958767766334459,0.7906407000591898,-0.3383002939592412
2010-02-26,0.5966769194068446,0.7290759442189159,0.52,0.48,0.08362938974890752,,,1.0,0.9999999999999998,4,0.0588,1,train,0.0588,0.0,0.0588,0.0,0.0588,0.8426743310994925,0.8371303732226701,-0.29939235124404473
2010-03-31,-0.027388115725576923,0.604145365597211,0.52,0.48,0.04140246160222754,,,0.0,1.0,5,0.0148,1,train,0.0148,1.0,0.0,0.0005,-0.0005,0.8426743310994925,0.8367118080360588,-0.2997426550684227
2010-04-30,0.7891146894349407,0.7924787654770941,0.52,0.48,0.0934625149653607,,,1.0,1.0,4,-0.08199999999999999,0,train,-0.08199999999999999,1.0,-0.08199999999999999,0.0005,-0.08249999999999999,0.7735750359493342,0.7676830838730839,-0.3575138860252779
2010-05-31,-0.2826995663968367,0.6150970611472923,0.52,0.48,0.06892353210327518,,,1.0,1.0,5,-0.053899999999999997,0,train,-0.053899999999999997,0.0,-0.053899999999999997,0.0,-0.053899999999999997,0.7318793415116651,0.7263049656523247,-0.39214388756851537
2010-06-30,-0.022541016795354585,0.5957746796347384,0.52,0.48,0.0637493404890169,,,0.0,1.0,5,0.0688,1,train,0.0688,1.0,0.0,0.0005,-0.0005,0.7318793415116651,0.7259418131694986,-0.3924478156247311
2010-07-30,0.11994254267712232,0.6481116315487608,0.55,0.48,0.04168078086245785,,,1.0,1.0,6,-0.047400000000000005,0,train,-0.047400000000000005,1.0,-0.047400000000000005,0.0005,-0.047900000000000005,0.6971882607240122,0.6911692003186796,-0.4215495652563065
2010-08-31,0.24799068372246108,0.6533779607957294,0.52,0.48,0.03535115158780657,,,1.0,1.0,6,0.0876,1,train,0.0876,0.0,0.0876,0.0,0.0876,0.7582619523634356,0.7517156222665958,-0.370877307172759
2010-09-30,0.5885011399033433,0.6621453347808248,0.52,0.48,0.05094051346174725,,,1.0,1.0,6,0.0369,1,train,0.0369,0.0,0.0369,0.0,0.0369,0.7862418184056463,0.7794539287282332,-0.3476626798074338
2010-10-29,0.5478916266773425,0.6557406632291478,0.52,0.48,0.07010753086943902,,,1.0,1.0000000000000002,6,-0.0023,0,train,-0.0023,0.0,-0.0023,0.0,-0.0023,0.7844334622233133,0.7776611846921583,-0.34916305564387673
2010-11-30,0.1738748704544599,0.605080006292387,0.52,0.48,0.08380283760911458,,,1.0,1.0,5,0.0653,1,train,0.0653,0.0,0.0653,0.0,0.0653,0.8356569673064956,0.8284424600525562,-0.3066634031774219
2010-12-31,-0.21211632291401933,0.5671739565610313,0.52,0.48,0.0641661533017131,,,1.0,1.0,5,0.0226,1,train,0.0226,0.0,0.0226,0.0,0.0226,0.8545428147676224,0.8471652596497439,-0.2909939960892317
2011-01-31,-0.21166761034310233,0.5531711576666054,0.52,0.48,0.04662472150240806,,,1.0,1.0,6,0.032,1,train,0.032,0.0,0.032,0.0,0.032,0.8818881848401864,0.8742745479585357,-0.2683058039640871
2011-02-28,-0.2052860847794008,0.6164076947083915,0.52,0.48,0.09134054174025302,,,1.0,1.0,5,-0.001,0,train,-0.001,0.0,-0.001,0.0,-0.001,0.8810062966553462,0.8734002734105771,-0.269037498160123
2011-03-31,-0.2380105223660156,0.6004211881649592,0.52,0.48,0.10401175437330544,,,1.0,1.0,5,0.0285,1,train,0.0285,0.0,0.0285,0.0,0.0285,0.9061149761100236,0.8982921812027785,-0.2482050668576865
2011-04-29,0.16276788415211518,0.6730027907241146,0.52,0.48,0.09771310959304522,,,1.0,1.0,5,-0.013500000000000002,0,train,-0.013500000000000002,0.0,-0.013500000000000002,0.0,-0.013500000000000002,0.8938824239325383,0.886165236756541,-0.2583542984551078
2011-05-31,0.34137429702707084,0.6963809278373959,0.52,0.48,0.09022353689480306,,,1.0,1.0,5,-0.0183,0,train,-0.0183,0.0,-0.0183,0.0,-0.0183,0.8775243755745729,0.8699484129238964,-0.2719264147933793
2011-06-30,0.29383243287041994,0.6778630609038394,0.52,0.48,0.07203832306257489,,,1.0,1.0,5,-0.0215,0,train,-0.0215,0.0,-0.0215,0.0,-0.0215,0.8586576014997196,0.8512445220460326,-0.28757999687532165
2011-07-29,0.48261829570589476,0.67444562559064,0.52,0.48,0.06730189771560215,,,1.0,1.0000000000000002,5,-0.056799999999999996,0,train,-0.056799999999999996,0.0,-0.056799999999999996,0.0,-0.056799999999999996,0.8098858497345356,0.802893833193818,-0.3280454530528033
2011-08-31,0.1722935420574206,0.5706368527938415,0.52,0.48,0.045856361828430774,,,1.0,1.0,4,-0.0718,0,train,-0.0718,0.0,-0.0718,0.0,-0.0718,0.751736045723596,0.7452460559705019,-0.3762917895236121
2011-09-30,-0.01941746681670842,0.5124109992599916,0.52,0.48,0.07954341030371653,,,0.0,0.9999999999999999,4,0.10769999999999999,1,train,0.10769999999999999,1.0,0.0,0.0005,-0.0005,0.751736045723596,0.7448734329425166,-0.37660364362885024
2011-10-31,0.00038748518060149895,0.5493672864944568,0.52,0.48,0.11887689445074054,,,0.0,1.0,4,-0.0051,0,train,-0.0051,0.0,-0.0,0.0,-0.0,0.751736045723596,0.7448734329425166,-0.37660364362885024
2011-11-30,-0.1381553002388477,0.5501085998373297,0.52,0.48,0.05036862547027977,,,1.0,1.0,4,0.0085,0,train,0.0085,1.0,0.0085,0.0005,0.008,0.7581258021122466,0.7508324204060568,-0.371616472777881
2011-12-30,0.4742148346610141,0.6333472423434184,0.52,0.48,0.04932456249183703,,,1.0,1.0,4,0.0436,1,train,0.0436,0.0,0.0436,0.0,0.0436,0.7911800870843406,0.7835687139357609,-0.34421895099099664
2012-01-31,0.6746974046263204,0.6596151325089353,0.52,0.48,0.06336043623755133,,,1.0,1.0,4,0.0406,1,train,0.0406,0.0,0.0406,0.0,0.0406,0.8233019986199648,0.8153816037215528,-0.3175942404012311
2012-02-29,0.7485020506418478,0.7069488779295944,0.52,0.48,0.05288530839526864,,,1.0,1.0,4,0.0313,1,train,0.0313,0.0,0.0313,0.0,0.0313,0.8490713511767698,0.8409030479180375,-0.29623494012578944
2012-03-30,0.2605547123702543,0.6377439018232745,0.52,0.48,0.0692793420920951,,,1.0,1.0,4,-0.0075,0,train,-0.0075,0.0,-0.0075,0.0,-0.0075,0.842703316042944,0.8345962750586523,-0.301513178074846
2012-04-30,0.29790159601279903,0.6454509371426741,0.52,0.48,0.06302074164252433,,,1.0,1.0,4,-0.06269999999999999,0,train,-0.06269999999999999,0.0,-0.06269999999999999,0.0,-0.06269999999999999,0.7898658181270515,0.7822670886124748,-0.3453083018095531
2012-05-31,-0.0653301464488531,0.5551965970588664,0.52,0.48,0.070601086187633,,,0.0,1.0,4,0.039599999999999996,1,train,0.039599999999999996,1.0,0.0,0.0005,-0.0005,0.7898658181270515,0.7818759550681686,-0.3456356476586483
2012-06-29,0.19031810814323152,0.6160314024756653,0.52,0.48,0.03608310641923149,,,1.0,1.0,4,0.0126,1,train,0.0126,1.0,0.0126,0.0005,0.0121,0.7998181274354523,0.7913366541244935,-0.33771783899531793
2012-07-31,0.47874190231894354,0.6580440702002877,0.52,0.48,0.06736293024724026,,,1.0,1.0,4,0.019799999999999998,1,train,0.019799999999999998,0.0,0.019799999999999998,0.0,0.019799999999999998,0.8156545263586743,0.8070051198761585,-0.3246046522074252
2012-08-31,0.6672885920965125,0.6857481603247785,0.52,0.48,0.06002248626769642,,,1.0,1.0,4,0.0242,1,train,0.0242,0.0,0.0242,0.0,0.0242,0.8353933658965542,0.8265346437771616,-0.3082600847908449
2012-09-28,0.7983797273706795,0.7156969995290537,0.55,0.48,0.059862020092502466,,,1.0,1.0,5,-0.019799999999999998,0,train,-0.019799999999999998,0.0,-0.019799999999999998,0.0,-0.019799999999999998,0.8188525772518024,0.8101692578303737,-0.3219565351119862
2012-10-31,0.16119316905305628,0.6141976953625727,0.52,0.48,0.07432118387408083,,,1.0,1.0,4,0.0028000000000000004,0,train,0.0028000000000000004,0.0,0.0028000000000000004,0.0,0.0028000000000000004,0.8211453644681074,0.8124377317522987,-0.3200580134102998
2012-11-30,0.12811450685831105,0.6196508766715413,0.55,0.48,0.04603742134128498,,,1.0,1.0,4,0.0070999999999999995,0,train,0.0070999999999999995,0.0,0.0070999999999999995,0.0,0.0070999999999999995,0.826975496555831,0.8182060396477401,-0.31523042530551293
2012-12-31,0.02196474072564429,0.611447731713994,0.52,0.48,0.07060851560150565,,,0.0,1.0,4,0.0504,1,train,0.0504,1.0,0.0,0.0005,-0.0005,0.826975496555831,0.8177969366279163,-0.3155728100928601
2013-01-31,-0.49988461095009984,0.5993816311894266,0.52,0.48,0.05997741958925659,,,1.0,1.0,4,0.0111,1,train,0.0111,1.0,0.0111,0.0005,0.0106,0.8361549245676009,0.8264655841561722,-0.3083178818798443
2013-02-28,-0.31301723564018125,0.6239055746895308,0.55,0.48,0.06958131425192433,,,1.0,1.0,4,0.036000000000000004,1,train,0.036000000000000004,0.0,0.036000000000000004,0.0,0.036000000000000004,0.8662565018520345,0.8562183451857944,-0.28341732562751876
2013-03-29,-0.11533583411220906,0.6438542476458564,0.55,0.48,0.06873552898405809,,,1.0,0.9999999999999998,4,0.0181,1,train,0.0181,0.0,0.0181,0.0,0.0181,0.8819357445355563,0.8717158972336573,-0.27044717922137684
2013-04-30,0.2959739678241367,0.663322826561845,0.55,0.48,0.03134929017302241,,,1.0,1.0,4,0.0208,1,train,0.0208,0.0,0.0208,0.0,0.0208,0.9002800080218959,0.8898475878961173,-0.2552724805491815
2013-05-31,-0.2647095605006668,0.6305798232391548,0.55,0.48,0.13345934412766886,,,1.0,1.0,4,-0.015,0,train,-0.015,0.0,-0.015,0.0,-0.015,0.8867758079015674,0.8764998740776755,-0.2664433933409439
2013-06-28,-0.9650021171918219,0.553905684396866,0.55,0.48,0.05487318680643522,,,1.0,1.0,4,0.0495,1,train,0.0495,0.0,0.0495,0.0,0.0495,0.9306712103926951,0.9198866178445205,-0.23013234131132054
2013-07-31,-0.8082921248100261,0.5967133763422946,0.55,0.48,0.03657952010241126,,,1.0,1.0,4,-0.0313,0,train,-0.0313,0.0,-0.0313,0.0,-0.0313,0.9015412015074037,0.8910941667059871,-0.2542291990282761
2013-08-30,-1.1116946136603651,0.5576839495282369,0.55,0.48,0.056648859182848135,,,1.0,1.0,4,0.0297,1,train,0.0297,0.0,0.0297,0.0,0.0297,0.9283169751921736,0.9175596634571549,-0.23207980623941593
2013-09-30,-0.2238267919354116,0.6607924347955374,0.55,0.48,0.05864529014310998,,,1.0,1.0,4,0.0446,1,train,0.0446,0.0,0.0446,0.0,0.0446,0.9697199122857445,0.958482824447344,-0.19783056559769385
2013-10-31,-0.1444944983397445,0.6845834851878975,0.55,0.48,0.04433948910792535,,,1.0,0.9999999999999999,4,0.027999999999999997,1,train,0.027999999999999997,0.0,0.027999999999999997,0.0,0.027999999999999997,0.9968720698297454,0.9853203435318697,-0.17536982143442925
2013-11-29,0.3806671460123547,0.6652182335314235,0.52,0.48,0.054911241885159084,,,1.0,1.0,4,0.0236,1,train,0.0236,0.0,0.0236,0.0,0.0236,1.0203982506777274,1.0085739036392218,-0.15590854922028174
2013-12-31,0.1680133163261696,0.655041316191273,0.52,0.48,0.0709101253388565,,,1.0,1.0,4,-0.0356,0,train,-0.0356,0.0,-0.0356,0.0,-0.0356,0.9840720729536003,0.9726686726696656,-0.1859582048680397
2014-01-31,-0.057804927477543,0.6413256008028683,0.55,0.48,0.06383222454495031,,,0.0,1.0,4,0.0431,1,train,0.0431,1.0,0.0,0.0005,-0.0005,0.9840720729536003,0.9721823383333308,-0.18636522576560566
2014-02-28,0.433584919292382,0.7128592289780652,0.55,0.48,0.06222078476541023,,,1.0,1.0,4,0.0069,0,train,0.0069,1.0,0.0069,0.0005,0.0063999999999999994,0.9908621702569801,0.9784043052986641,-0.1811579632105056
2014-03-31,0.08690343427471882,0.6740340228269364,0.52,0.48,0.025087674171340765,,,1.0,1.0,4,0.0062,0,train,0.0062,0.0,0.0062,0.0,0.0062,0.9970055157125733,0.9844704119915157,-0.1760811425824107
2014-04-30,0.2066221977638962,0.6482685921147548,0.52,0.48,0.11771762477946579,,,1.0,1.0,4,0.021,1,train,0.021,0.0,0.021,0.0,0.021,1.0179426315425373,1.0051442906433374,-0.15877884657664143
2014-05-30,0.2902241471886315,0.6144190683708339,0.5800000000000001,0.5000000000000001,0.03929531056488838,,,1.0,1.0,4,0.0191,1,train,0.0191,0.0,0.0191,0.0,0.0191,1.0373853358049996,1.024342546594625,-0.14271152254625552
2014-06-30,0.4356292714478735,0.6228072952854836,0.52,0.48,0.04046471205115828,,,1.0,1.0,4,-0.0151,0,train,-0.0151,0.0,-0.0151,0.0,-0.0151,1.0217208172343442,1.008874974141046,-0.15565657855580706
2014-07-31,-0.014517812452433734,0.6136240129197773,0.55,0.48,0.027937401609617055,,,0.0,1.0000000000000002,4,0.0377,1,train,0.0377,1.0,0.0,0.0005,-0.0005,1.0217208172343442,1.0083705366539757,-0.15607875026652906
2014-08-29,0.236739353558805,0.6870847825239047,0.55,0.48,0.15334508399094682,,,1.0,1.0,4,-0.0155,0,train,-0.0155,1.0,-0.0155,0.0005,-0.016,1.0058841445672118,0.992236608067512,-0.16958149026226466
2014-09-30,-0.16417889130183097,0.6318405967063745,0.55,0.48,0.06315561268139004,,,1.0,1.0,4,0.0232,1,train,0.0232,0.0,0.0232,0.0,0.0232,1.0292206567211712,1.0152564973746785,-0.150315780836349
2014-10-31,0.1540894978708911,0.6704637458590248,0.55,0.48,0.15107134030610797,,,1.0,1.0,4,0.0245,1,train,0.0245,0.0,0.0245,0.0,0.0245,1.0544365628108399,1.0401302815603581,-0.1294985174668396
2014-11-28,-0.04241681468074958,0.611093399684866,0.52,0.48,0.038729937553195336,,,1.0,1.0,4,-0.0042,0,train,-0.0042,0.0,-0.0042,0.0,-0.0042,1.0500079292470343,1.0357617343778047,-0.13315462369347875
2014-12-31,0.21179272659399714,0.6950172925890387,0.55,0.48,0.049276197980113845,,,1.0,1.0,4,-0.031,0,train,-0.031,0.0,-0.031,0.0,-0.031,1.0174576834403763,1.0036531206120927,-0.16002683035898102
2015-01-30,0.4331178988466806,0.6392876399577705,0.52,0.48,0.058240939798243234,,,1.0,1.0,4,0.054900000000000004,1,train,0.054900000000000004,0.0,0.054900000000000004,0.0,0.054900000000000004,1.073316110261253,1.0587536769336965,-0.11391230334568914
2015-02-27,0.1684628892371453,0.6638369966063414,0.52,0.48,0.051568688791667955,,,1.0,1.0,4,-0.0174,0,train,-0.0174,0.0,-0.0174,0.0,-0.0174,1.0546404099427071,1.0403313629550501,-0.12933022926747417
2015-03-31,0.187947507590692,0.6506130205494464,0.55,0.48,0.06614588047518306,,,1.0,1.0,4,0.0085,1,train,0.0085,0.0,0.0085,0.0,0.0085,1.06360485342722,1.0491741795401681,-0.12192953621624769
2015-04-30,-0.43262247103512835,0.6150920910878879,0.55,0.48,0.06116842148869228,,,1.0,1.0,4,0.0105,1,train,0.0105,0.0,0.0105,0.0,0.0105,1.0747727043882058,1.0601905084253398,-0.11270979634651834
2015-05-29,-0.6203029423762109,0.5509689957038592,0.52,0.48,0.05864976988372814,,,1.0,1.0,4,-0.021,0,train,-0.021,0.0,-0.021,0.0,-0.021,1.0522024775960535,1.0379265077484077,-0.13134289062324145
2015-06-30,-1.1027013898836608,0.5095913110965191,0.55,0.48,0.061645291207621904,,,1.0,1.0,4,0.0197,1,train,0.0197,0.0,0.0197,0.0,0.0197,1.0729308664046957,1.0583736599510514,-0.11423034556851919
2015-07-31,-0.8372965964065373,0.5788569436607229,0.52,0.48,0.05773617207796251,,,1.0,1.0,4,-0.0626,0,train,-0.0626,0.0,-0.0626,0.0,-0.0626,1.0057653941677618,0.9921194688381155,-0.16967952593592994
2015-08-31,-1.0894383882544247,0.560876323125468,0.52,0.48,0.06403843617386365,,,1.0,1.0,4,-0.0264,0,train,-0.0264,0.0,-0.0264,0.0,-0.0264,0.9792131877617329,0.9659275148607893,-0.19159998645122134
2015-09-30,-0.621033279199591,0.57138647493331,0.55,0.48,0.06396154796990021,,,1.0,1.0,4,0.083,1,train,0.083,0.0,0.083,0.0,0.083,1.0604878823459567,1.046099498594235,-0.1245027853266727
2015-10-30,-0.37495827656827857,0.6686271975564364,0.52,0.48,0.18009544892077006,,,1.0,1.0,4,0.0005,0,train,0.0005,0.0,0.0005,0.0,0.0005,1.0610181262871297,1.0466225483435319,-0.12406503671933611
2015-11-30,0.016666866536450782,0.677108279860723,0.55,0.48,0.10402274010383425,,,0.0,1.0,4,-0.0175,0,train,-0.0175,1.0,-0.0,0.0005,-0.0005,1.0610181262871297,1.0460992370693603,-0.12450300420097637
2015-12-31,-0.16556317641906182,0.6410461052776385,0.55,0.48,0.042213434747235164,,,1.0,1.0,4,-0.0507,0,train,-0.0507,1.0,-0.0507,0.0005,-0.0512,1.0072245072843722,0.992538956131409,-0.1693284503858864
2016-01-29,-0.7356711502251085,0.5041088727588228,0.55,0.48,0.04969487951577744,,,1.0,1.0,4,-0.0040999999999999995,0,train,-0.0040999999999999995,0.0,-0.0040999999999999995,0.0,-0.0040999999999999995,1.0030948868045062,0.9884695464112702,-0.17273420373930426
2016-02-29,-0.5088528335579986,0.5123416323230441,0.55,0.48,0.18643519911109366,,,1.0,1.0,4,0.066,1,train,0.066,0.0,0.066,0.0,0.066,1.0692991493336037,1.053708536474414,-0.11813466118609828
2016-03-31,0.49857016562997014,0.6503051420073055,0.52,0.48,0.15539620417039507,,,1.0,1.0,4,0.0027,0,train,0.0027,0.0,0.0027,0.0,0.0027,1.0721862570368044,1.056553549522895,-0.11575362477130069
2016-04-29,0.9091904827455956,0.6721597383889324,0.52,0.48,0.15412730494564586,,,1.0,1.0,4,0.015300000000000001,1,train,0.015300000000000001,0.0,0.015300000000000001,0.0,0.015300000000000001,1.0885907067694676,1.0727188188305954,-0.10222465523030155
2016-05-31,0.8240548506043495,0.6720732751376826,0.52,0.48,0.1515119906121498,,,1.0,1.0,4,0.0009,0,train,0.0009,0.0,0.0009,0.0,0.0009,1.08957043840556,1.0736842657675427,-0.10141665742000905
2016-06-30,0.6469537662609379,0.6057004877877047,0.52,0.48,0.15842811882473928,,,1.0,1.0,4,0.0356,1,train,0.0356,0.0,0.0356,0.0,0.0356,1.128359146012798,1.1119074256288672,-0.06942709042416129
2016-07-29,0.6644308845783478,0.646890280293557,0.52,0.48,0.1492683073449309,,,1.0,1.0,4,-0.0012,0,train,-0.0012,0.0,-0.0012,0.0,-0.0012,1.1270051150375826,1.1105731367181126,-0.07054377791565236
2016-08-31,0.5044313749883342,0.6278503629128279,0.52,0.48,0.14295477643365967,,,1.0,1.0,4,-0.0012,0,train,-0.0012,0.0,-0.0012,0.0,-0.0012,1.1256527088995376,1.1092404489540508,-0.07165912538215358
2016-09-30,0.06358925320503094,0.5926895235891664,0.52,0.48,0.2601072754677897,,,0.0,1.0,4,-0.0194,0,train,-0.0194,1.0,-0.0,0.0005,-0.0005,1.1256527088995376,1.1086858287295738,-0.07212329581946253
2016-10-31,-0.577438134260972,0.5043180618206974,0.52,0.48,0.0591461727166016,,,0.0,1.0000000000000002,4,0.0342,1,train,0.0342,0.0,0.0,0.0,0.0,1.1256527088995376,1.1086858287295738,-0.07212329581946253
2016-11-30,-1.1471307373862052,0.5217363949500234,0.52,0.48,0.24577649871498766,,,1.0,1.0,4,0.0182,1,train,0.0182,1.0,0.0182,0.0005,0.0177,1.1461395882015093,1.1283095678980872,-0.055699878155467064
2016-12-30,-1.160411525224243,0.5575365735355963,0.52,0.48,0.2582239831722696,,,1.0,1.0,4,0.0179,1,train,0.0179,0.0,0.0179,0.0,0.0179,1.1666554868303163,1.148506309163463,-0.03879690597444985
2017-01-31,-0.847685250014803,0.5844489665032485,0.52,0.48,0.26220392551834565,,,1.0,1.0,4,0.037200000000000004,1,train,0.037200000000000004,0.0,0.037200000000000004,0.0,0.037200000000000004,1.2100550709404039,1.1912307438643437,-0.00304015087669951
2017-02-28,-0.07406372657850531,0.6258261276486646,0.52,0.48,0.1361683287072301,,,0.0,1.0,4,-0.0004,0,train,-0.0004,1.0,-0.0,0.0005,-0.0005,1.2100550709404039,1.1906351284924115,-0.0035386308012611556
2017-03-31,-0.3216144816278068,0.6068859942990666,0.55,0.48,0.041550307490775054,,,1.0,1.0,4,0.0091,1,train,0.0091,1.0,0.0091,0.0005,0.0086,1.2210665720859617,1.200874590597446,0.0
2017-04-28,-0.11690028667987142,0.6051677153650308,0.52,0.48,0.0660437833651505,,,1.0,1.0,4,0.0116,1,train,0.0116,0.0,0.0116,0.0,0.0116,1.235230944322159,1.2148047358483764,0.0
2017-05-31,0.20891952625577964,0.5874455949600369,0.55,0.48,0.05731110489004711,,,1.0,1.0,4,0.0048,0,train,0.0048,0.0,0.0048,0.0,0.0048,1.2411600528549052,1.2206357985804486,0.0
2017-06-30,0.20353029498365022,0.5880688804206208,0.52,0.48,0.1337498252946513,,,1.0,1.0,4,0.019299999999999998,1,train,0.019299999999999998,0.0,0.019299999999999998,0.0,0.019299999999999998,1.2651144418750049,1.2441940694930513,0.0
2017-07-31,0.17430069337228776,0.6006578646479906,0.52,0.48,0.06528216354979562,,,1.0,1.0,4,0.0005,0,train,0.0005,0.0,0.0005,0.0,0.0005,1.2657469990959422,1.2448161665277977,0.0
2017-08-31,0.16674355277392644,0.5903187559056466,0.52,0.48,0.21366152317183496,,,0.0,1.0,4,0.019299999999999998,1,train,0.019299999999999998,1.0,0.0,0.0005,-0.0005,1.2657469990959422,1.244193758444534,-0.0004999999999998339
2017-09-29,0.0989983552547932,0.6078725652645514,0.52,0.48,0.14182886289741345,,,0.0,1.0,4,0.0222,1,train,0.0222,0.0,0.0,0.0,0.0,1.2657469990959422,1.244193758444534,-0.0004999999999998339
2017-10-31,-0.0014258954013766645,0.6118888046741623,0.55,0.48,0.08270820804409285,,,0.0,1.0,4,0.0281,1,train,0.0281,0.0,0.0,0.0,0.0,1.2657469990959422,1.244193758444534,-0.0004999999999998339
2017-11-30,0.09212862044935288,0.6574555528089565,0.52,0.48,0.0776051352093783,,,1.0,1.0,4,0.0098,1,train,0.0098,1.0,0.0098,0.0005,0.0093,1.2781513196870826,1.2557647603980682,0.0
2017-12-29,0.13022535591849677,0.6498224377885202,0.52,0.48,0.07946674821429192,,,1.0,1.0,4,0.0562,1,test,0.0562,0.0,0.0562,0.0,0.0562,1.3499834238534967,1.3263387399324396,0.0
2018-01-31,0.10654880144892986,0.6872672801577139,0.52,0.48,0.07875084389805093,,,1.0,1.0,4,-0.038900000000000004,0,test,-0.038900000000000004,0.0,-0.038900000000000004,0.0,-0.038900000000000004,1.2974690686655956,1.2747441629490677,-0.038900000000000046
2018-02-28,-0.8836290243582338,0.5607494065481031,0.55,0.48,0.056132740238938716,,,1.0,1.0,4,-0.0269,0,test,-0.0269,0.0,-0.0269,0.0,-0.0269,1.262567150718491,1.2404535449657377,-0.06475359000000003
2018-03-30,-1.0112872792230774,0.4926160066805922,0.52,0.48,0.045658149721794376,,,1.0,1.0,4,0.0027,0,test,0.0027,0.0,0.0027,0.0,0.0027,1.2659760820254309,1.243802769537145,-0.06222842469300016
2018-04-30,-1.0525796954047328,0.5299211490160837,0.52,0.48,0.05027419570174278,,,1.0,1.0,4,0.0216,1,test,0.0216,0.0,0.0216,0.0,0.0216,1.2933211653971803,1.2706689093591474,-0.04197255866636884
2018-05-31,-0.5705908880629937,0.5821906650676972,0.52,0.48,0.0474373828617389,,,1.0,1.0,4,0.0048,0,test,0.0048,0.0,0.0048,0.0,0.0048,1.2995291069910866,1.2767681201240713,-0.03737402694796754
2018-06-29,-0.2502355069442638,0.6540094209718794,0.52,0.48,0.05251585340369114,,,1.0,1.0,4,0.036000000000000004,1,test,0.036000000000000004,0.0,0.036000000000000004,0.0,0.036000000000000004,1.3463121548427657,1.322731772448538,-0.0027194919180942856
2018-07-31,0.1013609001162352,0.6658404860548973,0.52,0.48,0.07316552346148332,,,1.0,1.0,4,0.030299999999999997,1,test,0.030299999999999997,0.0,0.030299999999999997,0.0,0.030299999999999997,1.3871054131345015,1.3628105451537287,0.0
2018-08-31,0.3300647479146559,0.6838560781043358,0.52,0.48,0.08510079739107317,,,1.0,1.0,4,0.0043,1,test,0.0043,0.0,0.0043,0.0,0.0043,1.3930699664109798,1.3686706304978897,0.0
2018-09-28,0.04226322760967585,0.6739776908466901,0.52,0.48,0.06523766458867927,,,0.0,1.0,4,-0.0694,0,test,-0.0694,1.0,-0.0,0.0005,-0.0005,1.3930699664109798,1.367986295182641,-0.0004999999999999449
2018-10-31,-0.7928111203004526,0.5849666923507956,0.52,0.48,0.07926361623990175,,,1.0,1.0,4,0.0179,1,test,0.0179,1.0,0.0179,0.0005,0.0174,1.4180059188097365,1.391789256718819,0.0
2018-11-30,-0.7776901774523917,0.6333225399580558,0.55,0.48,0.03992407826678321,,,1.0,1.0,4,-0.09179999999999999,0,test,-0.09179999999999999,0.0,-0.09179999999999999,0.0,-0.09179999999999999,1.2878329754630027,1.2640230029520314,-0.09179999999999999
2018-12-31,-0.27173587677089656,0.5498427427282936,0.52,0.48,0.061235696681307794,,,1.0,1.0,4,0.0787,1,test,0.0787,0.0,0.0787,0.0,0.0787,1.3891854306319409,1.3635016132843563,-0.020324659999999994
2019-01-31,0.6608548849651044,0.5746629157452833,0.52,0.48,0.09037945209132818,,,1.0,1.0,4,0.0297,1,test,0.0297,0.0,0.0297,0.0,0.0297,1.4304442379217097,1.4039976111989017,0.0
2019-02-28,0.5828076040150454,0.6594897689734086,0.52,0.48,0.09037945209132821,,,1.0,1.0,4,0.0179,1,test,0.0179,0.0,0.0179,0.0,0.0179,1.4560491897805083,1.429129168439362,0.0
2019-03-29,1.210559673279941,0.713525428978413,0.52,0.48,0.09037945209132818,,,1.0,1.0,4,0.0393,1,test,0.0393,0.0,0.0393,0.0,0.0393,1.5132719229388822,1.485293944759029,0.0
2019-04-30,0.832502116856489,0.703383872862404,0.52,0.48,0.09037945209132821,,,1.0,1.0,4,-0.0658,0,test,-0.0658,0.0,-0.0658,0.0,-0.0658,1.4136986304095038,1.3875616031938849,-0.06579999999999997
2019-05-31,1.4810351823971328,0.6545183283962495,0.6100000000000001,0.5300000000000001,0.12540880218993242,,,1.0,1.0,4,0.0689,1,test,0.0689,0.0,0.0689,0.0,0.0689,1.5111024660447185,1.4831645976539436,-0.0014336199999999133
2019-06-28,1.242277110467668,0.6819880232399974,0.6100000000000001,0.5300000000000001,0.11644726452761926,,,1.0,1.0,4,0.0131,1,test,0.0131,0.0,0.0131,0.0,0.0131,1.5308979083499046,1.5025940538832103,0.0
2019-07-31,0.9169672628533538,0.6823012315181644,0.52,0.48,0.07112562170920166,,,1.0,1.0,4,-0.0181,0,test,-0.0181,0.0,-0.0181,0.0,-0.0181,1.5031886562087713,1.4753971015079241,-0.018100000000000005
2019-08-30,1.7513580107610933,0.6627855218085941,0.52,0.48,0.0658358918473212,,,1.0,1.0,4,0.0172,1,test,0.0172,0.0,0.0172,0.0,0.0172,1.5290435010955623,1.5007739316538606,-0.0012113199999999047
2019-09-30,0.7095891380014157,0.7069611639881052,0.6100000000000001,0.5300000000000001,0.06739248282027732,,,1.0,1.0,4,0.0204,1,test,0.0204,0.0,0.0204,0.0,0.0204,1.5602359885179118,1.5313897198595994,0.0
2019-10-31,0.6245470439072771,0.6782380123734835,0.6100000000000001,0.5300000000000001,0.08803786203961053,,,1.0,1.0,4,0.034,1,test,0.034,0.0,0.034,0.0,0.034,1.613284012127521,1.5834569703348258,0.0
2019-11-29,-0.1570110323658171,0.6749990455307667,0.6100000000000001,0.5300000000000001,0.07236881890161388,,,1.0,1.0,4,0.0286,1,test,0.0286,0.0,0.0286,0.0,0.0286,1.659423934874368,1.6287438396864018,0.0
2019-12-31,-0.18020969838122758,0.6727887513325335,0.5800000000000001,0.5000000000000001,0.10846467555623868,,,1.0,1.0,4,-0.0016,0,test,-0.0016,0.0,-0.0016,0.0,-0.0016,1.656768856578569,1.6261378495429035,-0.0016000000000000458
2020-01-31,0.6652210502534243,0.6527200630422815,0.5800000000000001,0.5000000000000001,0.07218513071819944,,,1.0,1.0,4,-0.08410000000000001,0,test,-0.08410000000000001,0.0,-0.08410000000000001,0.0,-0.08410000000000001,1.5174345957403113,1.4893796563963453,-0.08556543999999999
2020-02-28,0.6729045229659347,0.6804670426248188,0.5800000000000001,0.5000000000000001,0.06436152962212816,,,1.0,1.0,4,-0.1251,0,test,-0.1251,0.0,-0.1251,0.0,-0.1251,1.3276035278131983,1.3030582613811625,-0.199961203456
2020-03-31,0.6086876801194392,0.7480547058185455,0.5800000000000001,0.5000000000000001,0.07474736930632431,,,1.0,1.0,4,0.1268,1,test,0.1268,0.0,0.1268,0.0,0.1268,1.495943655139912,1.468286048924294,-0.09851628405422086
2020-04-30,1.7584711723915136,0.6515692531445234,0.6100000000000001,0.5300000000000001,0.13305724603024335,,,1.0,1.0,4,0.0453,1,test,0.0453,0.0,0.0453,0.0,0.0453,1.5637099027177497,1.5347994069405644,-0.05767907172187703
2020-05-29,1.4751204312374648,0.690296470205746,0.6100000000000001,0.5300000000000001,0.12445721657851404,,,1.0,1.0,4,0.0184,1,test,0.0184,0.0,0.0184,0.0,0.0184,1.5924821649277563,1.5630397160282707,-0.0403403666415596
2020-06-30,0.7953084431365661,0.6025568976441666,0.52,0.48,0.13223920844851922,,,1.0,1.0,4,0.055099999999999996,1,test,0.055099999999999996,0.0,0.055099999999999996,0.0,0.055099999999999996,1.6802279322152756,1.6491632043814284,0.0
2020-07-31,1.3793758473538837,0.6717268433687283,0.52,0.48,0.13053663850470973,,,1.0,1.0,4,0.0701,1,test,0.0701,0.0,0.0701,0.0,0.0701,1.7980119102635665,1.7647695450085665,0.0
2020-08-31,-0.019421981640100977,0.6764677986172871,0.52,0.48,0.1566158195284869,,,0.0,1.0,4,-0.0392,0,test,-0.0392,1.0,-0.0,0.0005,-0.0005,1.7980119102635665,1.7638871602360624,-0.0004999999999999449
2020-09-30,-0.4219684416947166,0.6338761691879946,0.52,0.48,0.10395910040719186,,,1.0,1.0,4,-0.0277,0,test,-0.0277,1.0,-0.0277,0.0005,-0.0282,1.748206980349266,1.7141455423174055,-0.02868589999999993
2020-10-30,-1.6183382531282162,0.6118763451471193,0.52,0.48,0.10116062925018268,,,1.0,1.0,4,0.1075,1,test,0.1075,0.0,0.1075,0.0,0.1075,1.936139230736812,1.8984161881165265,0.0
2020-11-30,-0.8769791993593252,0.6052066298441956,0.52,0.48,0.11382751327825712,,,1.0,1.0,4,0.0371,1,test,0.0371,0.0,0.0371,0.0,0.0371,2.0079699961971476,1.9688474286956494,0.0
2020-12-31,-1.099154666155623,0.6004470726883938,0.52,0.48,0.07531484025905756,,,1.0,1.0,4,-0.0111,0,test,-0.0111,0.0,-0.0111,0.0,-0.0111,1.9856815292393593,1.9469932222371278,-0.011099999999999999
2021-01-29,-0.7889164420198949,0.5666356172155298,0.55,0.48,0.0712771303803743,,,1.0,1.0,4,0.026099999999999998,1,test,0.026099999999999998,0.0,0.026099999999999998,0.0,0.026099999999999998,2.0375078171525067,1.9978097453375168,0.0
2021-02-26,-1.2743750178629902,0.5711053825056689,0.52,0.48,0.05951429728319228,,,1.0,1.0,4,0.0424,1,test,0.0424,0.0,0.0424,0.0,0.0424,2.123898148599773,2.0825168785398276,0.0
2021-03-31,-1.0971054877945559,0.6252025514986321,0.5800000000000001,0.5000000000000001,0.0611736061403319,,,1.0,1.0,4,0.0524,1,test,0.0524,0.0,0.0524,0.0,0.0524,2.235190411586401,2.1916407629753145,0.0
2021-04-30,-0.8453759112219192,0.6156078275442233,0.5800000000000001,0.5000000000000001,0.0611736061403319,,,1.0,1.0,4,0.0055000000000000005,0,test,0.0055000000000000005,0.0,0.0055000000000000005,0.0,0.0055000000000000005,2.2474839588501268,2.203694787171679,0.0
2021-05-31,-0.14467613429462528,0.6271367613011637,0.6100000000000001,0.5300000000000001,0.10554871436096486,,,1.0,1.0,4,0.0222,1,test,0.0222,0.0,0.0222,0.0,0.0222,2.2973781027365994,2.2526168114468903,0.0
2021-06-30,1.2864969990412138,0.4666891780239213,0.52,0.48,0.08654122206156394,,,0.0,1.0,4,0.0227,1,test,0.0227,1.0,0.0,0.0005,-0.0005,2.2973781027365994,2.251490503041167,-0.0004999999999999449
2021-07-30,1.584151884557661,0.7670813479123114,0.52,0.48,0.06897972675754609,,,1.0,1.0,4,0.028999999999999998,1,test,0.028999999999999998,1.0,0.028999999999999998,0.0005,0.028499999999999998,2.3640020677159606,2.3156579823778403,0.0
2021-08-31,1.4331434260989968,0.7789010614442514,0.52,0.48,0.06897972675754618,,,1.0,1.0,4,-0.047599999999999996,0,test,-0.047599999999999996,0.0,-0.047599999999999996,0.0,-0.047599999999999996,2.2514755692926807,2.205432662416655,-0.04760000000000009
2021-09-30,-0.3334271731880904,0.66313585834314,0.55,0.48,0.06897972675754609,,,1.0,1.0,4,0.0691,1,test,0.0691,0.0,0.0691,0.0,0.0691,2.407052531130805,2.3578280593896457,0.0
2021-10-29,-1.4823846870199895,0.5806535294575479,0.55,0.48,0.09969653596178399,,,1.0,1.0,4,-0.0083,0,test,-0.0083,0.0,-0.0083,0.0,-0.0083,2.387073995122419,2.3382580864967117,-0.008299999999999974
2021-11-30,-1.4442801697255467,0.6052593441657418,0.55,0.48,0.09969653596178399,,,1.0,1.0,4,0.0436,1,test,0.0436,0.0,0.0436,0.0,0.0436,2.4911504213097566,2.4402061390679686,0.0
2021-12-31,-0.4448267850707865,0.6848724960665865,0.55,0.48,0.09969653596178396,,,1.0,1.0,4,-0.0526,0,test,-0.0526,0.0,-0.0526,0.0,-0.0526,2.3601159091488633,2.3118512961529936,-0.05259999999999998
2022-01-31,-0.9936198333229522,0.6870735334385661,0.55,0.48,0.09969653596178399,,,1.0,1.0,4,-0.031400000000000004,0,test,-0.031400000000000004,0.0,-0.031400000000000004,0.0,-0.031400000000000004,2.286008269601589,2.2392591654537894,-0.08234836000000001
2022-02-28,-1.3118998826833708,0.6403606677803816,0.55,0.48,0.09969653596178399,,,1.0,1.0,4,0.0358,1,test,0.0358,0.0,0.0358,0.0,0.0358,2.367847365653326,2.3194246435770354,-0.049496431287999854
2022-03-31,-1.778636143334234,0.6377010946688122,0.55,0.48,0.09969653596178399,,,1.0,1.0,4,-0.08800000000000001,0,test,-0.08800000000000001,0.0,-0.08800000000000001,0.0,-0.08800000000000001,2.1594767974758335,2.1153152749422564,-0.1331407453346558
2022-04-29,-1.9550912764955028,0.6046391194647168,0.55,0.48,0.09969653596178399,,,1.0,1.0,4,0.0001,0,test,0.0001,0.0,0.0001,0.0,0.0001,2.159692745155581,2.1155268064697506,-0.13305405940918935
2022-05-31,-1.9955731828046759,0.581991187546093,0.52,0.48,0.09969653596178399,,,1.0,1.0,4,-0.0839,0,test,-0.0839,0.0,-0.0839,0.0,-0.0839,1.9784945238370277,1.9380341074069385,-0.20579082382475833
2022-06-30,-1.0516927453060319,0.6159728789518482,0.55,0.48,0.1312252565542391,,,1.0,1.0,4,0.0911,1,test,0.0911,0.0,0.0911,0.0,0.0911,2.1587353749585807,2.1145890145917106,-0.1334383678751938
2022-07-29,-0.2862730100637249,0.6945428722124215,0.52,0.48,0.0651606830564623,,,1.0,1.0,4,-0.0424,0,test,-0.0424,0.0,-0.0424,0.0,-0.0424,2.067204995060337,2.024930440373022,-0.17018058107728562
2022-08-31,-1.2309455329349261,0.5684312473430587,0.55,0.48,0.1104703228805101,,,1.0,1.0,4,-0.0934,0,test,-0.0934,0.0,-0.0934,0.0,-0.0934,1.8741280485217016,1.8358019372421817,-0.24768571480466717
2022-09-30,-1.730172639777636,0.5235743056765552,0.55,0.48,0.07911881282989802,,,1.0,1.0,4,0.0799,1,test,0.0799,0.0,0.0799,0.0,0.0799,2.0238708795985856,1.9824825120278322,-0.18757580341755997
2022-10-31,-2.091156016284987,0.5508396513687532,0.55,0.48,0.09875673490205865,,,1.0,1.0,4,0.0538,1,test,0.0538,0.0,0.0538,0.0,0.0538,2.1327551329209897,2.0891400711749295,-0.14386738164142476
2022-11-30,-0.9642240166584046,0.5822116154380502,0.55,0.48,0.11730009321898648,,,1.0,1.0,4,-0.059000000000000004,0,test,-0.059000000000000004,0.0,-0.059000000000000004,0.0,-0.059000000000000004,2.006922580078651,1.9658808069756086,-0.1943792061245807
2022-12-30,-0.31234703147193205,0.5574347914768619,0.55,0.48,0.08724476426420297,,,1.0,1.0,4,0.061799999999999994,1,test,0.061799999999999994,0.0,0.061799999999999994,0.0,0.061799999999999994,2.130950395527512,2.0873722408467015,-0.14459184106307976
2023-01-31,0.5213173903154243,0.5904859764889381,0.55,0.48,0.1332468237574062,,,1.0,1.0,4,-0.026099999999999998,0,test,-0.026099999999999998,0.0,-0.026099999999999998,0.0,-0.026099999999999998,2.075332590204244,2.0328918253606028,-0.16691799401133323
2023-02-28,-0.35665453948477954,0.595971044605327,0.52,0.48,0.10490687041289644,,,1.0,1.0,4,0.0351,1,test,0.0351,0.0,0.0351,0.0,0.0351,2.148176764120413,2.1042463284307598,-0.1376768156011311
2023-03-31,0.6376195757574976,0.6815268737375438,0.52,0.48,0.1332468237574062,,,1.0,1.0,4,0.0146,1,test,0.0146,0.0,0.0146,0.0,0.0146,2.179540144876571,2.1349683248258486,-0.12508689710890775
2023-04-28,0.5096791341271061,0.7377176231368394,0.52,0.48,0.14697401342359034,,,1.0,1.0,4,0.0025,0,test,0.0025,0.0,0.0025,0.0,0.0025,2.184988995238762,2.1403057456379133,-0.12289961435167995
2023-05-31,0.9504601340215229,0.692591513125257,0.55,0.48,0.1549058751308035,,,1.0,1.0,4,0.0647,1,test,0.0647,0.0,0.0647,0.0,0.0647,2.3263577832307103,2.2787835273806865,-0.06615121940023361
2023-06-30,0.10336305868341683,0.6937148982124425,0.52,0.48,0.15490587513080353,,,0.0,1.0,4,0.0311,1,test,0.0311,1.0,0.0,0.0005,-0.0005,2.3263577832307103,2.2776441356169963,-0.06661814379053344
2023-07-31,-0.04503786880365823,0.6639934063362992,0.52,0.48,0.14697401342359034,,,0.0,1.0,4,-0.0177,0,test,-0.0177,0.0,-0.0,0.0,-0.0,2.3263577832307103,2.2776441356169963,-0.06661814379053344
2023-08-31,-0.18540056625487503,0.6508701864098259,0.52,0.48,0.1332468237574062,,,1.0,1.0,4,-0.0487,0,test,-0.0487,1.0,-0.0487,0.0005,-0.0492,2.213064159187375,2.16558404414464,-0.11254053111603923
2023-09-29,-0.6103999456607688,0.5935218299961011,0.52,0.48,0.12219552421388018,,,1.0,1.0,4,-0.022000000000000002,0,test,-0.022000000000000002,0.0,-0.022000000000000002,0.0,-0.022000000000000002,2.1643767476852527,2.117941195173458,-0.13206463943148639
2023-10-31,-0.7238084169446464,0.5940340491376521,0.52,0.48,0.10965196462523011,,,1.0,1.0,4,0.0892,1,test,0.0892,0.0,0.0892,0.0,0.0892,2.357439153578777,2.3068615497829303,-0.05464480526877491
2023-11-30,-0.8352378795165545,0.45779937239464924,0.52,0.48,0.11346390473309678,,,0.0,1.0,4,0.044199999999999996,1,test,0.044199999999999996,1.0,0.0,0.0005,-0.0005,2.357439153578777,2.305708119008039,-0.05511748286614049
2023-12-29,0.29425693052877916,0.4903753978886011,0.52,0.48,0.10104646362664921,,,0.0,1.0,4,0.0159,1,test,0.0159,0.0,0.0,0.0,0.0,2.357439153578777,2.305708119008039,-0.05511748286614049
2024-01-31,0.8654209779578733,0.5922252422331163,0.52,0.48,0.15922367281338876,,,1.0,1.0,4,0.051699999999999996,1,test,0.051699999999999996,1.0,0.051699999999999996,0.0005,0.051199999999999996,2.4793187578188,2.4237603747012506,-0.0067394979888868445
2024-02-29,0.5740703673641776,0.6775577506485381,0.52,0.48,0.1589522841776191,,,1.0,1.0,4,0.031,1,test,0.031,0.0,0.031,0.0,0.031,2.5561776393111826,2.498896946316989,0.0
2024-03-29,0.26482457033040385,0.7243729897238994,0.52,0.48,0.1589522841776191,,,1.0,1.0,4,-0.0416,0,test,-0.0416,0.0,-0.0416,0.0,-0.0416,2.4498406495158376,2.3949428333502025,-0.04159999999999986
2024-04-30,-0.8255024945782284,0.626196926294983,0.52,0.48,0.1589522841776191,,,1.0,1.0,4,0.048,1,test,0.048,0.0,0.048,0.0,0.048,2.567433000692598,2.5099000893510124,0.0
2024-05-31,-0.33848063485323415,0.6169111212742759,0.52,0.48,0.2041439382129855,,,1.0,1.0,4,0.0347,1,test,0.0347,0.0,0.0347,0.0,0.0347,2.6565229258166307,2.5969936224514925,0.0
2024-06-28,-0.4212251318357795,0.5946244507224612,0.52,0.48,0.2109110426492098,,,1.0,1.0,4,0.0113,0,test,0.0113,0.0,0.0113,0.0,0.0113,2.686541634878359,2.6263396503851943,0.0
2024-07-31,0.9659872012917221,0.690721239216727,0.52,0.48,0.19442193296669044,,,1.0,1.0,4,0.022799999999999997,1,test,0.022799999999999997,0.0,0.022799999999999997,0.0,0.022799999999999997,2.747794784153585,2.6862201944139765,0.0
2024-08-30,1.1504206057192947,0.7398952418365736,0.52,0.48,0.21368153529722062,,,1.0,1.0,4,0.0202,1,test,0.0202,0.0,0.0202,0.0,0.0202,2.8033002387934873,2.740481842341139,0.0
2024-09-30,1.295843291577829,0.7638872428381837,0.52,0.48,0.19674673977470952,,,1.0,1.0,4,-0.009899999999999999,0,test,-0.009899999999999999,0.0,-0.009899999999999999,0.0,-0.009899999999999999,2.775547566429432,2.7133510721019616,-0.00990000000000002
2024-10-31,0.21000395744937583,0.7121643376621515,0.52,0.48,0.22044920481016303,,,0.0,1.0,4,0.057300000000000004,1,test,0.057300000000000004,1.0,0.0,0.0005,-0.0005,2.775547566429432,2.7119943965659106,-0.010395050000000072
2024-11-29,-0.37760324622744945,0.6477448095850808,0.52,0.48,0.2105291556033078,,,1.0,1.0,4,-0.025,0,test,-0.025,1.0,-0.025,0.0005,-0.025500000000000002,2.7061588772686958,2.64283853945348,-0.03562997622500008
2024-12-31,-1.1379559204809113,0.5702210547248885,0.52,0.48,0.20448211847986722,,,1.0,1.0,4,0.027000000000000003,1,test,0.027000000000000003,0.0,0.027000000000000003,0.0,0.027000000000000003,2.77922516695495,2.7141951800187236,-0.009591985583075169
2025-01-31,-0.6451888221272,0.5729170279574441,0.52,0.48,0.2378165806495195,,,1.0,1.0,4,-0.014199999999999999,0,test,-0.014199999999999999,0.0,-0.014199999999999999,0.0,-0.014199999999999999,2.7397601695841898,2.675653608462458,-0.023655779387795395
2025-02-28,-0.06986058741303161,0.6374602042816111,0.52,0.48,0.23966572061435842,,,0.0,1.0,4,-0.0575,0,test,-0.0575,1.0,-0.0,0.0005,-0.0005,2.7397601695841898,2.6743157816582266,-0.024143951498101557
2025-03-31,-0.07940894074776006,0.5936017528865482,0.52,0.48,0.23659197800343998,,,0.0,1.0,4,-0.0076,0,test,-0.0076,0.0,-0.0,0.0,-0.0,2.7397601695841898,2.6743157816582266,-0.024143951498101557
2025-04-30,0.34322235097683035,0.6789160042328816,0.52,0.48,0.20010727107503892,,,1.0,1.0,4,0.061500000000000006,1,test,0.061500000000000006,1.0,0.061500000000000006,0.0005,0.061000000000000006,2.9082554200136177,2.8374490443393783,0.0
2025-05-30,-0.8769605698851074,0.5207366519735036,0.52,0.48,0.2269572796423229,,,1.0,1.0,4,0.0496,1,test,0.0496,0.0,0.0496,0.0,0.0496,3.0525048888462933,2.9781865169386115,0.0
2025-06-30,0.028040136079396972,0.6685437918626171,0.52,0.48,0.20240899620968905,,,0.0,1.0,4,0.0217,1,test,0.0217,1.0,0.0,0.0005,-0.0005,3.0525048888462933,2.9766974236801422,-0.0004999999999999449
2025-07-31,0.23114507937615428,0.704623690968404,0.52,0.48,0.20215162582125484,,,1.0,1.0,4,0.0191,1,test,0.0191,1.0,0.0191,0.0005,0.0186,3.110807732223257,3.0320639957605926,0.0
2025-08-29,0.5293662994304409,0.7198459981297008,0.52,0.48,0.20028869685719447,,,1.0,1.0,4,0.0353,1,test,0.0353,0.0,0.0353,0.0,0.0353,3.2206192451707376,3.1390958548109413,0.0
2025-09-30,0.683444206781075,0.7560730740006452,0.55,0.48,0.20725044515090071,,,1.0,1.0,4,0.0227,1,test,0.0227,0.0,0.0227,0.0,0.0227,3.293727302036113,3.2103533307151495,0.0
2025-10-31,0.8241959466558357,0.7680020088603793,0.52,0.48,0.19796276990410963,,,1.0,1.0,4,0.0013,0,test,0.0013,0.0,0.0013,0.0,0.0013,3.2980091475287603,3.2145267900450794,0.0
2025-11-28,0.637159622777038,0.7501483885611937,0.52,0.48,0.20958850916411237,,,1.0,1.0,4,-0.0005,0,test,-0.0005,0.0,-0.0005,0.0,-0.0005,3.2963601429549962,3.212919526650057,-0.0004999999999998339
